{
  "s1": [
    [5.5754540540691094e-02, 4.6971206130085534e-02, 2.5933901186578567e-01]
  ],
  "s2": [
    [5.3180833296760460e-02, 4.7319565368925104e-01],
    [4.0918170394056867e-02, 5.7797640054506494e-02],
    [1.2772524856113385e-01, 2.4166360639724743e-01]
  ],
  "degree": 7
}