{
  "s1": [
    [2.8962281463256342e-02, 3.4723620482327480e-02, 1.3373475510086913e-01],
    [3.8739049086018905e-02, 3.7582727341191689e-02, 3.2669313628133689e-01]
  ],
  "s2": [
    [9.7925904984183035e-03, 4.9517345980117050e-01],
    [6.3853592301186543e-03, 1.9139415242841296e-02],
    [7.8633769746377272e-02, 1.8448501268524653e-01],
    [7.5247327968543984e-02, 4.2823482094371884e-01]
  ],
  "s3": [
    [8.3614874373973927e-02]
  ],
  "degree": 10
}