{
  "s1": [
    [2.4230008783125607e-02, 8.4594221482191811e-02, 1.8232178340719132e-01],
    [1.1228504298878060e-02, 1.6027089786345473e-02, 1.5020038406523872e-01],
    [3.1075220470510950e-02, 9.7650442430242346e-02, 3.2311131516371266e-01],
    [1.6436762092827895e-02, 1.8454251904633165e-02, 3.0794768148367291e-01],
    [2.4752660145579163e-03, 1.1135352740137417e-03, 3.8035229301109287e-02]
  ],
  "s2": [
    [7.3975040670460996e-03, 1.2997822993307789e-01],
    [2.1594087936438452e-02, 4.6007694929705972e-01],
    [1.5832276350021799e-02, 4.9168581663029720e-01],
    [4.6287286105198076e-02, 2.2153234079514206e-01],
    [4.6336041391207235e-02, 3.9693373740906057e-01],
    [1.5084474247597068e-02, 5.6341917696100197e-02]
  ],
  "s3": [
    [2.9730419748071321e-02]
  ],
  "degree": 15
}