{
  "s1": [
    [8.1822105532221388e-03, 9.6649544036602544e-03, 4.1376948582708517e-01],
    [1.3983607124653567e-02, 3.0305943355186365e-02, 3.0417944822947973e-01],
    [5.7518699704971589e-03, 1.0812972776103751e-02, 8.9609089022705854e-02],
    [3.1646061681983244e-02, 1.0665316053614844e-01, 2.9661537240038294e-01],
    [1.7653081047103284e-02, 5.1354315344013114e-02, 1.6976335515028973e-01],
    [4.6146906397291345e-03, 3.6969427073556124e-03, 2.1404877992584728e-01]
  ],
  "s2": [
    [1.2425425595561009e-02, 6.6674472240238369e-02],
    [4.1184041069792551e-02, 2.4132168070137838e-01],
    [4.0985219786815366e-02, 4.1279809595522365e-01],
    [2.8783496702748910e-02, 1.5006373658703515e-01],
    [2.7093669467710451e-02, 4.6954803099668496e-01],
    [3.7891352382642221e-03, 1.7041629405718517e-02]
  ],
  "s3": [
    [4.6227910314191344e-02]
  ],
  "degree": 16
}