{
  "s1": [
    [4.5843484017358679e-03, 1.1575175903180683e-02, 7.2505470799002381e-02],
    [1.0398439955839537e-02, 1.3229672760086951e-02, 4.1547545929522905e-01],
    [8.6922145010011921e-03, 1.3135870834002753e-02, 2.7179187005535477e-01],
    [2.6171625935336989e-02, 1.5750547792686992e-01, 2.9921894247697034e-01],
    [2.2487772546691067e-02, 6.7349377867361226e-02, 3.0628159174618652e-01],
    [2.0557898320454519e-02, 7.8042340568282451e-02, 1.6872251349525944e-01],
    [7.9783002059295935e-03, 1.6017642362119337e-02, 1.5919228747279268e-01]
  ],
  "s2": [
    [2.7310926528102106e-02, 4.1710344436159918e-01],
    [2.6312630588017985e-02, 1.8035811626637066e-01],
    [3.7716237152795283e-02, 2.8570650243658668e-01],
    [1.2459000802305444e-02, 6.6654063479597014e-02],
    [2.7738875776376422e-03, 1.4755491660754072e-02],
    [2.5019450950497360e-02, 4.6559787161889027e-01]
  ],
  "degree": 17
}