{
  "s1": [
    [2.9256924878800715e-03, 5.0051423523504333e-03, 1.4242228257112691e-01],
    [3.3273888405939045e-03, 9.7770614386768536e-03, 6.0083899962702358e-02],
    [9.6955190816242019e-03, 3.9142449434608845e-02, 1.3070066996053453e-01],
    [2.6346264707445364e-02, 1.2931280976797899e-01, 3.1131838322398686e-01],
    [1.8108074590430505e-02, 7.4561189304355138e-02, 2.2143394188911344e-01],
    [1.6102209460939428e-02, 4.0888314464978127e-02, 3.5402592699971192e-01],
    [8.4559248390934805e-03, 1.4923638907438481e-02, 2.4189410400689262e-01],
    [3.2821375148397378e-03, 2.0691038491023883e-03, 3.6462041433871001e-01]
  ],
  "s2": [
    [7.1093936227949470e-03, 5.2526279854103630e-02],
    [1.5234956517004836e-02, 1.1144805571699878e-01],
    [1.7651924183085402e-03, 1.1639027327922657e-02],
    [3.1752854587529980e-02, 2.5516213315312486e-01],
    [3.1537358645239620e-02, 4.0396971796638609e-01],
    [2.4651981053584831e-02, 1.7817100607962755e-01],
    [2.2983570977123252e-02, 4.5919438895682763e-01],
    [1.0321882182418864e-02, 4.9251244986587422e-01]
  ],
  "s3": [
    [3.4469160850905275e-02]
  ],
  "degree": 19
}