{
  "s1": [
    [5.0108234565748944e-03, 8.6928635963287010e-02, 2.5815292878950674e-01],
    [6.2666715145979551e-03, 1.1409203532283131e-01, 2.8496240197208295e-01],
    [5.1060923018633100e-03, 9.1665331440051179e-02, 1.3406763384193415e-01],
    [9.6392468588407786e-03, 2.1593939124341557e-01, 3.2691375020967162e-01],
    [2.4212380388684940e-03, 2.2390316286583528e-02, 1.0084571598277557e-01],
    [7.6973467270549335e-03, 9.9241937888028250e-02, 3.5523282540476397e-01],
    [2.9882446919490308e-03, 2.0443675144174833e-02, 1.5840273419572479e-01],
    [6.1988540259433596e-03, 5.8612118456650875e-02, 4.0123974845805466e-01],
    [3.3169972939130726e-03, 1.9424910165577240e-02, 2.2732201316496659e-01],
    [3.7089296125892637e-03, 5.0870192193764964e-02, 1.0400400013142704e-01],
    [1.5426465184705627e-03, 3.8062521288191394e-03, 2.5161901936303666e-01],
    [6.6121724110684192e-03, 9.3953710369589952e-02, 1.9467152737204627e-01],
    [1.3551781957506495e-03, 3.6669776240121164e-03, 1.7563963145803313e-01],
    [4.9036283435529128e-03, 5.0425703506065823e-02, 1.6542250395062627e-01],
    [9.1576615718100740e-04, 4.1121482809412090e-03, 6.0482924090960281e-02],
    [1.8218162644265221e-03, 4.3366708649929175e-03, 3.3210356535752328e-01],
    [9.2423799017096065e-03, 1.4376417624054297e-01, 3.7941321684563878e-01],
    [1.9606312336932137e-03, 2.1865818028370832e-02, 5.6568897248945656e-02],
    [1.0209917786396494e-02, 1.6830733134250231e-01, 2.9098491626933010e-01],
    [5.4637704373721530e-03, 4.8513979905208372e-02, 2.3684539448315153e-01],
    [2.0111020097847254e-03, 4.7372398809321630e-03, 4.1454915297644301e-01],
    [4.2683347026344805e-03, 2.2135213907368192e-02, 3.0753618824094103e-01],
    [1.2878764088953662e-03, 4.3933951094666602e-03, 1.1092666443347039e-01],
    [6.5998833272567720e-03, 5.5160205356247348e-02, 3.1886312205636780e-01],
    [4.9474328088081870e-03, 2.4399888469638687e-02, 3.9536775910138278e-01],
    [9.1814815579271004e-03, 1.5063494182918610e-01, 2.1375783029735307e-01],
    [6.4400177434743150e-04, 4.5023852882973611e-03, 2.4779370217540630e-02]
  ],
  "s2": [
    [3.2023640124142047e-03, 8.6684239934569807e-02],
    [6.8346799344680860e-03, 4.0942796080264338e-01],
    [8.9341618081367393e-03, 3.7833353829624278e-01],
    [1.0410912372864208e-03, 4.9897971786005119e-01],
    [9.7388572366853676e-03, 2.5966066800872123e-01],
    [5.4643256840460341e-03, 4.7851197325638217e-01],
    [1.3813690630279038e-03, 2.3517443057913257e-02],
    [1.2088739980916557e-02, 3.0602386176036067e-01],
    [7.3774464967341887e-03, 1.4648905071664287e-01],
    [3.2093504439416193e-03, 5.4379203279496413e-02],
    [9.9263761795441996e-03, 2.1819201586325399e-01],
    [3.8623620299660408e-03, 4.9199134445655324e-01],
    [9.3337977696465752e-03, 4.5339996161780527e-01],
    [2.9348273357801742e-04, 4.7266605105682480e-03]
  ],
  "degree": 33
}