{
  "s1": [
    [1.0168597236713147e-04, 2.1096760270101926e-02, 3.8512625183828103e-01],
    [6.5404796658750756e-04, 3.3881121503900472e-03, 5.2820067345498760e-02],
    [1.5198116582616401e-03, 1.8208328799472383e-02, 5.0898765283131607e-02],
    [4.6696376839459285e-03, 6.0510770643312235e-02, 1.2912437207260852e-01],
    [2.9521156305621823e-03, 3.5919891363577774e-02, 8.7817902777524492e-02],
    [9.8609303129047320e-03, 1.6406102867021261e-01, 2.7355373802481919e-01],
    [1.7262732588417000e-03, 1.0683263523588418e-02, 9.4477065632374166e-02],
    [5.0361825013339424e-03, 3.1132680306373700e-02, 4.1115223330360051e-01],
    [9.6578802294468129e-03, 1.3319262322170580e-01, 3.5944756949825529e-01],
    [7.6119150208858828e-03, 7.4297319237294185e-02, 3.8841008533043708e-01],
    [1.1065863887599135e-02, 2.0516649781476187e-01, 3.2535504334205778e-01],
    [6.5038397126497500e-03, 9.0219606125175475e-02, 1.7478047948106842e-01],
    [4.8326872534850945e-03, 4.3915872904511412e-02, 1.9416461814956329e-01],
    [6.5935144677494477e-03, 6.8963829964601667e-02, 2.4832787340457899e-01],
    [8.2852665131006673e-03, 1.2518179814288660e-01, 2.2299204126120090e-01],
    [1.3994293854030886e-03, 4.6702985612832922e-03, 1.4960442354895109e-01],
    [6.0952640324883484e-03, 4.8925922503864391e-02, 3.2839141369212660e-01],
    [3.1432061481592929e-03, 2.4658249778207336e-02, 1.4238550032454281e-01],
    [2.2313317933533032e-03, 5.9599432497442727e-03, 4.2384029972036885e-01],
    [4.4357309734419613e-03, 2.8518722842285384e-02, 2.6769041934430560e-01],
    [3.4883273457438323e-03, 1.5562643301015490e-02, 3.4541137895290114e-01],
    [7.3184587367011234e-04, 9.2571823393383451e-04, 3.5344951965766375e-01],
    [8.2507974307529600e-03, 9.9286211618585390e-02, 3.0333563947178915e-01],
    [4.9796757319711855e-04, 3.9745058725184756e-03, 2.1755560320183935e-02],
    [2.8058181373137297e-03, 1.3779639405368803e-02, 2.0754686827352045e-01],
    [5.7765057423475911e-04, 7.7213912032704328e-04, 2.1356023951794784e-01],
    [1.9626288054833394e-03, 5.4617908942934468e-03, 2.7938643178222372e-01],
    [2.8734535460813441e-04, 4.7096910185453903e-06, 9.6866922575547174e-02]
  ],
  "s2": [
    [2.2989665688091104e-03, 4.5982595154127337e-02],
    [1.0996805664631991e-03, 2.0838747514968670e-02],
    [3.9973734536493484e-03, 7.5762174186790987e-02],
    [1.1740006591257596e-02, 3.7660198051754573e-01],
    [1.1761207639413643e-02, 2.8735583982216500e-01],
    [6.4842252138385291e-03, 4.7441249890284559e-01],
    [5.8334336795542322e-03, 1.1117270128584578e-01],
    [3.7293709434181779e-03, 4.9186496195768969e-01],
    [7.6873106859636922e-03, 1.5088772276287304e-01],
    [2.2696135677094365e-04, 4.1579573923191115e-03],
    [1.0813699316269640e-02, 2.4043491041381687e-01],
    [1.0647444842488947e-02, 4.1551159674483717e-01],
    [7.6092616621810209e-04, 4.9954218266151179e-01],
    [8.8609393001530500e-03, 4.4856426587870823e-01],
    [9.4001410371983667e-03, 1.9438654357896623e-01]
  ],
  "s3": [
    [1.2100964930171139e-02]
  ],
  "degree": 34
}