{
  "degree": 5,
  "symm_r0": [
    [0.24197530864197530864197530864197530864, 0.92582009977255146156656677658399952253]
  ],
  "symm_s": [
    [0.23743177469063023421810525931129352533, 0.8059797829185987437078561813507442463],
    [0.52059291666739445713991943204673116603, 0.3805544332083156563791063590863941355]
  ]
}
