{
  "degree": 9,
  "symm_r0": [
    [0.45416396068674902744178724560528503088, 0.48892685697436906957409306022929339497]
  ],
  "symm_s": [
    [0.042731231865775762580130721539841651755, 0.93965525809683770585757175046316803289],
    [0.21420036092686163194242563430597811641, 0.69088055048634387281488830813840885584]
  ],
  "symm_s_t": [
    [0.14445222326030678901782819927444760048, 0.9186204410567222596554701791427794163, 0.3448720253644035761712304181246973037]
  ]
}
