{
  "degree": 13,
  "zero": [[0.29999334435890964324064310267149902525]],
  "symm_r0": [
    [0.038128625349852737619351565405684462236, 0.98346133261324557127407851401210794962],
    [0.18453546896980721238582475319389847126, 0.63986141836710976174616715579576307077]
  ],
  "symm_s": [
    [0.039507140647452433689267407341729599229, 0.91877848807971140189839438297320428483],
    [0.23139851940068538741918311064046319298, 0.37962850518674385579275417103548349005],
    [0.13724209671300348677866127359579016247, 0.69955421651335111029920603284399340644]
  ],
  "symm_s_t": [
    [0.033519780050381430279388297868080126418, 0.64359737499661812031249815775600267943, 0.97506888390598351993655206803811094573],
    [0.11357512636435423536938725920919955133, 0.33353988116478310285167199804895857823, 0.86442760926706191157507267741750728791]
  ]
}
