{
  "s1": [
    [1.0290289572953278e-02, 7.3254276860644785e-03, 1.4932478865208237e-01],
    [4.0332476640500554e-02, 4.6010500165429957e-02, 2.8958112563770588e-01]
  ],
  "s2": [
    [1.0431870512894697e-02, 2.8485417614371900e-02],
    [1.6606273054585369e-02, 4.9589190096589092e-01],
    [3.8630759237019321e-02, 1.0263548271224643e-01],
    [6.7316154079468296e-02, 4.3846592676435220e-01],
    [7.0515684111716576e-02, 2.1021995670317828e-01]
  ],
  "s3": [
    [8.5761179732224219e-02]
  ],
  "degree": 11
}
