{
  "s1": [
    [9.5906810035432631e-03, 5.1263891023823893e-03, 2.7251581777342970e-01],
    [1.4965401105165668e-02, 2.4370186901093827e-02, 1.1092204280346341e-01],
    [2.4179039811593819e-02, 8.7895483032197297e-02, 1.6359740106785048e-01],
    [3.4641276140848373e-02, 6.8012243554206653e-02, 3.0844176089211778e-01]
  ],
  "s2": [
    [6.0523371035391717e-03, 2.1509681108843159e-02],
    [2.3994401928894731e-02, 4.8907694645253935e-01],
    [5.5601967530453329e-02, 4.2694141425980042e-01],
    [5.8278485119199981e-02, 2.2137228629183292e-01]
  ],
  "s3": [
    [6.7960036586831640e-02]
  ],
  "degree": 13
}
