{
  "degree": 22,
  "s3": [
    [1.8046065005519342e-02]
  ],
  "s2": [
    [1.4440555795319798e-03, 1.0496492318532830e-02],
    [6.2664664495599813e-03, 4.9553364518875165e-01],
    [7.6517443601230228e-03, 5.6049615132866118e-02],
    [1.3279847784100933e-02, 4.7666520586421668e-01],
    [1.5110120003822509e-02, 1.3171604835404205e-01],
    [1.7591885388871395e-02, 4.4330230475416338e-01],
    [1.8843708393925265e-02, 3.9478401564445792e-01],
    [1.9848233599481159e-02, 2.1160132731775527e-01],
    [2.0867162478628788e-02, 2.8055888993860051e-01]
  ],
  "s1": [
    [2.4014487111013746e-12, -3.6575820128899073e-01, 1.2177577928997972e-01],
    [3.3916987259453458e-03, 1.0866084504841705e-02, 5.4699006820643735e-02],
    [4.7426763618685095e-03, 6.9864102072462820e-03, 3.6084608822824210e-01],
    [5.1719891070370321e-03, 1.1088449518326875e-02, 1.3147683381028283e-01],
    [5.6281199112128266e-03, 9.4991301059710580e-03, 2.3579984150473896e-01],
    [1.0573950573404284e-02, 3.7046616048002780e-02, 3.5355846422612314e-01],
    [1.1086612482236757e-02, 5.6598109252542855e-02, 1.3252717627467012e-01],
    [1.2134510421606178e-02, 4.9307086657456631e-02, 2.3345541183681795e-01],
    [1.5154378475876465e-02, 9.1696755829684576e-02, 3.4021642111357170e-01],
    [1.6798674545460295e-02, 1.1809385707142292e-01, 2.2811097966249483e-01],
    [1.8524766539675115e-02, 1.7225220098241623e-01, 3.1953217634733161e-01]
  ]
}
