{
  "degree": 23,
  "s2": [
    [1.0233849339306483e-03, 8.8430909856400085e-03],
    [2.3495328561160744e-03, 4.9904231799536475e-01],
    [4.4227229483174649e-03, 4.1918494631921203e-02],
    [9.3593949345890711e-03, 8.3843959400741894e-02],
    [1.1223304907955516e-02, 3.5156602225687805e-01],
    [1.1455393860718664e-02, 4.8142250008209758e-01],
    [1.4851528190270431e-02, 1.3603683917665685e-01],
    [1.8733990977523034e-02, 4.4588621023292907e-01],
    [2.0095448898175008e-02, 1.9833791969077397e-01],
    [2.1869521602463023e-02, 3.9764873352592073e-01]
  ],
  "s1": [
    [1.3903741389058627e-03, 2.1537508898247914e-03, 1.1147822164436515e-01],
    [2.0936131717002298e-03, 7.9756704834337989e-03, 4.5998761911927387e-02],
    [2.2627278911605850e-03, 2.2252130687022897e-03, 2.9991704500621363e-01],
    [5.0988760785318239e-03, 1.0567990234213330e-02, 1.9450617255148173e-01],
    [5.8027924863416356e-03, 2.6390157960052386e-02, 1.0487601375183196e-01],
    [6.9904741201632318e-03, 1.3726614788916335e-02, 3.9359274155812224e-01],
    [1.0105447412685495e-02, 3.2931670717119124e-02, 2.7745010154284910e-01],
    [1.0940686820111041e-02, 5.6458369286788004e-02, 1.7041930960722382e-01],
    [1.2697747467200144e-02, 2.4905869950604637e-01, 2.8048464594062622e-01],
    [1.4936905214735932e-02, 6.7100228845598728e-02, 3.5940684385217631e-01],
    [1.6245944888963148e-02, 1.0095848404745636e-01, 2.3967897332407878e-01],
    [2.0408964921138070e-02, 1.5208140311691476e-01, 3.1660538238914820e-01]
  ]
}
