{
  "degree": 17,
  "rot": [
    [3.3770360080995288e-03, 1.4720966195626592e-02, 1.7639984855506732e-02],
    [3.8199256701939295e-03, 7.5827872337699789e-02, 7.6974758437722557e-03],
    [6.6240260814413475e-03, 3.1058551655846400e-01, 8.3200919510460474e-03],
    [7.2849007348734793e-03, 1.4488314624940400e-02, 9.0164039580071326e-02],
    [9.9650024734054057e-03, 1.7814385225301996e-01, 1.6423858046515614e-02],
    [1.0276345098595948e-02, 4.6613355079593471e-01, 1.2335581768737785e-02],
    [1.0309491303777179e-02, 1.4736566166282276e-02, 2.0932517115745763e-01],
    [1.1602229136800221e-02, 1.4332535547880318e-02, 3.5860231579542368e-01],
    [1.2469743787482088e-02, 7.5303349390642163e-02, 5.5968132994742077e-02],
    [1.9632479515531948e-02, 3.1733939350172785e-01, 5.1694878418799495e-02],
    [2.0101507075145186e-02, 7.5354265490354566e-02, 1.5459821166573010e-01],
    [2.0906045568565134e-02, 1.8257077444087677e-01, 2.6653005963514675e-01],
    [2.1332247671603719e-02, 1.7971003272207475e-01, 8.1586227754905885e-02],
    [2.3749377189184673e-02, 1.7580794171567718e-01, 1.8035364052078595e-01],
    [2.4777024008132021e-02, 4.5873149968878352e-01, 4.7412600771932673e-01],
    [2.5585570242272617e-02, 7.5319692074374348e-02, 2.9375410536296775e-01],
    [3.1310858803301152e-02, 1.6330517792538479e-01, 3.8425118776594169e-01],
    [3.1590362549437513e-02, 3.1181356869961463e-01, 1.3950152599660817e-01],
    [3.8619160415490239e-02, 3.0604825911202793e-01, 2.6772065354596208e-01]
  ]
}
