{
  "_ERR": "TODO flawed by round-off error",
  "degree": 14,
  "s3": [
    [+1.7219601997330802e-02]
  ],
  "rot": [
    [1.2234370324430287e-03, 1.2237951552984698e-01, -2.2116463863324699e-02],
    [5.6258060653080677e-03, 2.5691992957650384e-01, 7.4296194517695191e-01],
    [6.1803448724676207e-03, 2.2412698148715271e-02, 2.1296338767865061e-02],
    [1.0957697357972611e-02, 1.0798361586547704e-01, 8.7360548159491958e-01],
    [1.1462343010639779e-02, 4.5439914870970866e-01, 8.4021188904826009e-03],
    [2.2295784039866404e-02, 2.6093699885015353e-01, 2.5735252088220618e-02],
    [2.3382863187460197e-02, 1.0865181340319861e-01, 4.7317979503788452e-02],
    [2.6558067295112075e-02, 3.6315118499871291e-01, 6.0034034591339780e-01],
    [3.0850488270755878e-02, 1.8807008851943477e-01, 7.4193352129130696e-01],
    [4.0681051448570316e-02, 3.9396304707724483e-01, 8.3219241365617300e-02],
    [4.3652397747231078e-02, 2.0428642734395072e-01, 1.3728033930118569e-01],
    [5.0893743280552760e-02, 3.1551192268626971e-01, 5.3337656735860284e-01],
    [5.3829442392509912e-02, 3.2402330092311277e-01, 2.2810272652355670e-01]
  ]
}
