{
  "degree": 25,
  "rot": [
    [5.2694781097104080e-04, 1.3188177147405115e-02, 3.0795638401191457e-03],
    [5.3837857124899402e-04, 2.7259621361305189e-03, 1.7104304759574109e-02],
    [1.7125572938820176e-03, 6.2984002092478536e-02, 9.3137198416881051e-01],
    [1.9123328669705840e-03, 5.2023800673153514e-02, 7.4379149608617993e-03],
    [1.9897445140067069e-03, 2.2020020614167110e-01, 7.7641433442449037e-01],
    [2.7030017516124594e-03, 3.0439556156815283e-02, 9.4485645152778941e-01],
    [2.8237621420648352e-03, 1.1399317437752610e-01, 7.4710293157794422e-03],
    [2.9151491724731531e-03, 3.4229521018802234e-01, 6.5261356339758947e-01],
    [3.1462287823001292e-03, 1.3047399195055950e-01, 8.6152496607629980e-01],
    [3.2543977488675223e-03, 2.0017930834386713e-01, 6.5078186830295317e-03],
    [3.7230657814978497e-03, 3.0737236321543387e-01, 6.3524070945921943e-03],
    [4.3063147392815295e-03, 2.7621732662271042e-01, 7.0637055778341040e-01],
    [4.5251341589623130e-03, 4.2293548307742690e-01, 7.5627546953375892e-03],
    [4.5624992213178081e-03, 4.5322700336667143e-01, 5.3899804588538403e-01],
    [4.6802766206098540e-03, 1.9019520269362408e-01, 7.8403651191039858e-01],
    [5.6405559815438430e-03, 3.6171829980612503e-02, 8.4456400529242914e-02],
    [5.7784230507748075e-03, 7.6079438865903654e-02, 4.0507632612955521e-02],
    [6.5791413507152469e-03, 1.4994597748785785e-01, 3.5835058933034056e-02],
    [6.7296531658427618e-03, 1.5095534117900294e-01, 7.9691370268293504e-01],
    [7.5755424358683703e-03, 2.4478331097657494e-01, 3.2689779930828645e-02],
    [8.1458350463336285e-03, 1.7067443366794324e-01, 7.8755869338188678e-02],
    [9.0818352396265633e-03, 3.7194261169194315e-01, 5.9342856949177003e-01],
    [9.4008953043083609e-03, 3.5179201043222375e-01, 3.6352873144138077e-02],
    [9.5240045440707528e-03, 9.8440061147214972e-02, 9.6959138605557882e-02],
    [1.0107208145267218e-02, 2.6086502629810787e-01, 6.8408965318422899e-01],
    [1.0859126807714841e-02, 3.6658214432706732e-01, 5.5078190255175696e-01],
    [1.1168984186287688e-02, 4.6873598774383901e-01, 4.1136822171029049e-02],
    [1.1772296865232151e-02, 2.5761793161354124e-01, 8.2486517285323274e-02],
    [1.2142404008477154e-02, 1.8451795241283384e-01, 7.1257592580373208e-01],
    [1.2552698926699687e-02, 2.8120911865122772e-01, 6.0525730819752110e-01],
    [1.2781441276098388e-02, 1.7359149167563334e-01, 1.4220931869919087e-01],
    [1.3246841387624652e-02, 4.4236202799582158e-01, 4.5498832765797559e-01],
    [1.3828241563512152e-02, 3.5936822655579759e-01, 9.0795315699793919e-02],
    [1.5928212162150315e-02, 1.8213426892674237e-01, 2.2866704214072983e-01],
    [1.6745957138503850e-02, 2.6734304273628207e-01, 1.5618441381865139e-01],
    [1.8774610553793231e-02, 3.6529032090656272e-01, 1.7379280231853739e-01],
    [1.9738005080186975e-02, 3.4506482660138488e-01, 4.8229912538917341e-01],
    [2.0286284358686280e-02, 2.6556222786287531e-01, 2.5680262970384421e-01],
    [2.1625343577947622e-02, 3.6295638550177745e-01, 3.7155094737369060e-01]
  ]
}
