{
  "degree": 21,
  "s3": [
    [1.5927243921705286e-02]
  ],
  "rot": [
    [1.5400248104137986e-03, 1.0883381125829185e-02, 1.0843736020090887e-02],
    [2.9640382112354419e-03, 1.3448308201330128e-01, 5.8940179144611419e-03],
    [3.1425704793797702e-03, 5.6069791445608280e-02, 9.3407202951554924e-01],
    [3.3225577295111818e-03, 5.6230797163851619e-02, 1.0411168900746122e-02],
    [4.0709421276751961e-03, 4.9549225054526058e-01, 5.3013935392908201e-03],
    [4.7065803891413347e-03, 1.3341354422143650e-01, 8.5650220211325812e-01],
    [5.1858802396272143e-03, 2.3778885327379537e-01, 7.5355383003485144e-01],
    [6.0531722729463668e-03, 2.3667582268756976e-01, 1.0431599868322363e-02],
    [6.4973731547806023e-03, 3.5923743154358795e-01, 9.7744131190851992e-03],
    [6.9733241654343350e-03, 3.6212379554213159e-01, 6.2748273139455280e-01],
    [7.2058755893463717e-03, 5.4706462526630792e-02, 8.9337625860348302e-01],
    [8.3650128288707305e-03, 1.2849784556464677e-01, 3.6812842147870548e-02],
    [1.0226596336837779e-02, 1.3204562148598842e-01, 8.1675054229140631e-01],
    [1.1740928736597080e-02, 4.8000288746551578e-01, 3.4623316765578373e-02],
    [1.2183249444133565e-02, 2.3569865248618388e-01, 7.1763978029460807e-01],
    [1.2865489474875409e-02, 1.2123545350512091e-01, 9.8717289213207965e-02],
    [1.3095298262016823e-02, 2.2692131253456985e-01, 5.3382695673250657e-02],
    [1.4086719053342241e-02, 3.5272595600222983e-01, 5.9395602013861637e-01],
    [1.4184030719574419e-02, 3.4639476098063526e-01, 5.1134367191086910e-02],
    [1.7220831567602329e-02, 2.0854537617999444e-01, 1.2666187408877325e-01],
    [1.7413623959356122e-02, 1.1664118178749894e-01, 1.9358351370774260e-01],
    [1.8083675543648467e-02, 3.0168173165951112e-01, 5.7948556128572692e-01],
    [1.9149138766673224e-02, 3.5976650509436425e-01, 4.6544957877641646e-01],
    [1.9227819270612501e-02, 3.1772789477972085e-01, 1.2192276586456074e-01],
    [2.0031676761421528e-02, 4.5059923770816623e-01, 9.8026080230645227e-02],
    [2.0765122861493131e-02, 2.6678020887821458e-01, 3.0930467163940578e-01],
    [2.3815052706389131e-02, 2.1491332208551214e-01, 2.2361527123160835e-01],
    [2.3907646563162150e-02, 3.4182082891498583e-01, 2.0305957510273218e-01]
  ]
}
