{
  "name": "Heo-Xu 25a",
  "degree": 25,
  "test_tolerance": 1.755e-10,
  "data": {
    "a3": [
      [
        0.004313243133
      ]
    ],
    "llm2": [
      [
        0.003986365505,
        0.003663031548,
        0.004204049922,
        0.004269004376,
        0.004203472415
      ],
      [
        0.111691690919,
        0.315067166823,
        0.459462014542,
        0.660753497156,
        0.702154945166
      ]
    ],
    "pq02": [
      [
        0.004142483118
      ],
      [
        0.532020255731
      ]
    ],
    "rsw2": [
      [
        0.004090305599,
        0.003789950437
      ],
      [
        0.519695051509,
        0.329337385202
      ],
      [
        0.822359911686,
        0.938200966027
      ]
    ]
  }
}