{
  "name": "Heo-Xu 31",
  "degree": 31,
  "test_tolerance": 2.324e-10,
  "data": {
    "a1": [
    ],
    "a2": [
    ],
    "a3": [
      [0.000578329494]
    ],
    "llm2": [
      [0.003061522104, 0.097855721318],
      [0.002631322890, 0.336734048041],
      [0.002821112765, 0.521197545604],
      [0.002963046287, 0.658338802723]
    ],
    "pq02": [
      [0.002854170188, 0.635957331845],
      [0.002771653333, 0.475363041502],
      [0.002626546226, 0.291089031268]
    ],
    "rsw2": [
      [0.002893976172, 0.622288265573, 0.760613900822],
      [0.002837749321, 0.505117362658, 0.786669092004],
      [0.002715804588, 0.461391815178, 0.869489953690],
      [0.002424728107, 0.289362045905, 0.943297248354]
    ]
  }
}
