{
  "name": "Heo-Xu 23b",
  "degree": 23,
  "test_tolerance": 8.587e-11,
  "data": {
    "a3": [
      [
        0.005651017861
      ]
    ],
    "llm2": [
      [
        0.004259841569,
        0.005294395887,
        0.005588219406,
        0.005591297404,
        0.002936895883
      ],
      [
        0.11553520907,
        0.282433358777,
        0.441560530469,
        0.670525624125,
        0.706832372661
      ]
    ],
    "pq02": [
      [
        0.005051846065
      ],
      [
        0.345770219761
      ]
    ],
    "rsw2": [
      [
        0.005530248916
      ],
      [
        0.525118572444
      ],
      [
        0.836036015482
      ]
    ]
  }
}