{
  "name": "Heo-Xu 17",
  "a3": [
    [9.103396603396555e-03]
  ],
  "a1": [
    [-2.664002664002630e-03]
  ],
  "llm2": [
    [1.077783665543784e-02, 3.574067443365934e-01],
    [9.161945784344715e-03, 6.785983445458479e-01]
  ],
  "pq02": [
    [9.798544911792295e-03, 5.425211851613003e-01],
    [9.559874446627158e-03, 2.228665097413761e-01]
  ],
  "degree": 17,
  "test_tolerance": 3.406e-14
}
