{
  "name": "Heo-Xu 19b",
  "degree": 19,
  "test_tolerance": 1.128e-13,
  "data": {
    "a3": [
      [6.159164864674510e-03]
    ],
    "llm2": [
      [7.661426125515730e-03, 1.544806891452601e-01],
      [6.632044976552785e-03, 4.141672959174029e-01],
      [6.075982031497271e-03, 6.672931712797140e-01],
      [5.261983871603450e-03, 7.034464773382534e-01]
    ],
    "rsw2": [
      [6.991087353303635e-03, 4.493328323269541e-01, 8.822700112603235e-01]
    ]
  }
}
