{
  "name": "Heo-Xu 21e",
  "llm2": [
    [0.004256407290, 0.114731000078],
    [0.005470376179, 0.505750398065],
    [0.006041707753, 0.682741864646]
  ],
  "pq02": [
    [0.006478529177, 0.590785303447]
  ],
  "rsw2": [
    [0.004792379399, 0.467118005205, 0.838405331367],
    [0.004917443735, 0.344252417343, 0.930159244514]
  ],
  "degree": 21,
  "test-tolerance": 1.198e-10
}
