{
  "name": "Heo-Xu 19a",
  "degree": 19,
  "test_tolerance": 7.435e-14,
  "data": {
    "a1": [
      [
        0.006231186663599245
      ]
    ],
    "a2": [
      [
        0.007913582690846042
      ]
    ],
    "a3": [
      [
        0.008559575701091244
      ]
    ],
    "llm2": [
      [
        0.007736373931323724,
        0.00464483190155431
      ],
      [
        0.201742306653088,
        0.6755869045406033
      ]
    ],
    "pq02": [
      [
        0.007625284539988749
      ],
      [
        0.4436682078062131
      ]
    ],
    "rsw2": [
      [
        0.006646198191056446
      ],
      [
        0.4961882891085462
      ],
      [
        0.8148920331884284
      ]
    ]
  }
}