{
  "name": "Heo-Xu 35",
  "degree": 35,
  "test_tolerance": 2.104e-09,
  "data": {
    "a3": [
      [
        0.002515482567
      ]
    ],
    "llm2": [
      [
        0.001527515529,
        0.00205402884,
        0.002318417781,
        0.002451618442,
        0.002504293398,
        0.002513606412,
        0.002529886683,
        0.001275574306
      ],
      [
        0.069156813118,
        0.175148458557,
        0.285287793163,
        0.392405552644,
        0.491306203394,
        0.645641884498,
        0.690921150829,
        0.707101476221
      ]
    ],
    "pq02": [
      [
        0.002417442376,
        0.001910951282
      ],
      [
        0.471598691154,
        0.210272522872
      ]
    ],
    "rsw2": [
      [
        0.002512236855,
        0.002496644054,
        0.002416930044,
        0.00223660776
      ],
      [
        0.590515704894,
        0.555015236112,
        0.450233038264,
        0.334436314543
      ],
      [
        0.799927854385,
        0.771746262687,
        0.868946032283,
        0.937180985852
      ]
    ]
  }
}