{
  "name": "Heo-Xu 21a",
  "degree": 21,
  "test_tolerance": 1.25e-10,
  "data": {
    "a1": [
      [
        0.00557059057
      ]
    ],
    "a2": [
      [
        0.004620905358
      ]
    ],
    "a3": [
      [
        -0.056995598467
      ]
    ],
    "llm2": [
      [
        0.00617389754,
        0.006304034638,
        0.02544725586
      ],
      [
        0.186798108665,
        0.366886721514,
        0.607095656232
      ]
    ],
    "pq02": [
      [
        0.006599388582
      ],
      [
        0.399651971962
      ]
    ],
    "rsw2": [
      [
        0.006218761274
      ],
      [
        0.573253885705
      ],
      [
        0.795085657737
      ]
    ]
  }
}