{
  "name": "Heo-Xu 21c",
  "a1": [
  ],
  "a2": [
  ],
  "a3": [
    [-0.059097949898]
  ],
  "llm2": [
    [0.005922907575, 0.136045412794],
    [0.006504946198, 0.321321668532],
    [0.025578972384, 0.547239633521]
  ],
  "pq02": [
    [0.003940466271, 0.645751079582],
    [0.006943311404, 0.407685091182]
  ],
  "rsw2": [
    [0.006237689734, 0.568997367119, 0.784986512893]
  ],
  "degree": 21,
  "test-tolerance": 1.318e-10
}
