{
  "name": "Heo-Xu 25b",
  "degree": 25,
  "test_tolerance": 1.266e-10,
  "data": {
    "llm2": [
      [
        0.003694297843,
        0.00383570961,
        0.004019086734,
        0.003295936329,
        0.004023268501
      ],
      [
        0.107086858755,
        0.333879222938,
        0.515654412063,
        0.668811941305,
        0.702834079289
      ]
    ],
    "rsw2": [
      [
        0.003428775431,
        0.003917073182,
        0.004053335212
      ],
      [
        0.520513375926,
        0.523649799991,
        0.320409052387
      ],
      [
        0.792782385892,
        0.845078822417,
        0.940317942977
      ]
    ]
  }
}