{
  "name": "Heo-Xu 23a",
  "degree": 23,
  "test_tolerance": 1.299e-10,
  "data": {
    "a1": [
      [
        0.005026500922
      ]
    ],
    "llm2": [
      [
        0.005279416073,
        0.003732271633,
        0.006051284349,
        0.005561610887
      ],
      [
        0.176588660459,
        0.33920731849,
        0.498904016243,
        0.679838773734
      ]
    ],
    "pq02": [
      [
        0.005177363547,
        0.00538192944
      ],
      [
        0.615520670749,
        0.364554848325
      ]
    ],
    "rsw2": [
      [
        0.004613082753
      ],
      [
        0.491903042583
      ],
      [
        0.842732170863
      ]
    ]
  }
}