{
  "name": "Heo-Xu 27b",
  "degree": 27,
  "test_tolerance": 1.642e-10,
  "data": {
    "a1": [
      [
        -0.00100139985
      ]
    ],
    "a3": [
      [
        0.004145413998
      ]
    ],
    "llm2": [
      [
        0.00400777076,
        0.003609101265,
        0.004065377803,
        0.004167019227,
        0.004176827652
      ],
      [
        0.103271889407,
        0.326015048812,
        0.464476869175,
        0.661042838405,
        0.702427075066
      ]
    ],
    "rsw2": [
      [
        0.00396349736,
        0.002254418391,
        0.004036641877
      ],
      [
        0.523633133581,
        0.52638574933,
        0.324014265315
      ],
      [
        0.818640861296,
        0.84956432947,
        0.939146832366
      ]
    ]
  }
}