{
  "name": "Heo-Xu 39b",
  "degree": 39,
  "test_tolerance": 4.804e-09,
  "data": {
    "llm2": [
      [
        0.001861255447,
        0.001793884349,
        0.001974756953,
        0.001692017041
      ],
      [
        0.076392926087,
        0.33877202276,
        0.45442042172,
        0.688478852474
      ]
    ],
    "pq02": [
      [
        0.001863462235
      ],
      [
        0.519110405221
      ]
    ],
    "rsw2": [
      [
        0.001291965571,
        0.001931700943,
        0.001947222607,
        0.001433019874,
        0.00170542539,
        0.001832278975,
        0.001646505349,
        0.001064763221,
        0.001894382989,
        0.001493380402
      ],
      [
        0.570664193557,
        0.595919741511,
        0.64637801245,
        0.588862981291,
        0.385384000208,
        0.476387123224,
        0.512379521668,
        0.255068480104,
        0.227252272934,
        0.375230766664
      ],
      [
        0.653131915106,
        0.712690180359,
        0.759163172837,
        0.775828653959,
        0.903175728662,
        0.823112602544,
        0.846931416658,
        0.944108152303,
        0.970698830744,
        0.925197335485
      ]
    ]
  }
}