{
  "name": "Heo-Xu 17",
  "degree": 17,
  "test_tolerance": 3.406e-14,
  "data": {
    "a1": [
      [
        -0.00266400266400263
      ]
    ],
    "a3": [
      [
        0.009103396603396555
      ]
    ],
    "llm2": [
      [
        0.01077783665543784,
        0.009161945784344715
      ],
      [
        0.3574067443365934,
        0.6785983445458479
      ]
    ],
    "pq02": [
      [
        0.009798544911792295,
        0.009559874446627158
      ],
      [
        0.5425211851613003,
        0.2228665097413761
      ]
    ]
  }
}