{
  "name": "Heo-Xu 13",
  "a1": [
    [1.386659210450214e-02]
  ],
  "llm2": [
    [1.305093186259182e-02, 2.866401467665037e-01],
    [1.320642322308065e-02, 6.599050016563905e-01]
  ],
  "pq02": [
    [1.194266355486864e-02, 5.394900987058648e-01]
  ],
  "degree": 13,
  "test-tolerance": 4.642e-15
}
