{
  "name": "Heo-Xu 37",
  "degree": 37,
  "test_tolerance": 9.131e-10,
  "data": {
    "a3": [
      [
        0.001436589472
      ]
    ],
    "llm2": [
      [
        0.002233871811,
        0.002119180525,
        0.002281458727,
        0.001864035223,
        0.001858409063
      ],
      [
        0.181665204347,
        0.303427242195,
        0.48352914943,
        0.625463680619,
        0.705074619796
      ]
    ],
    "pq02": [
      [
        0.002336486555
      ],
      [
        0.444572576129
      ]
    ],
    "rsw2": [
      [
        0.001818751796,
        0.001961713367,
        0.001611967438,
        0.00194208758,
        0.002245940979,
        0.001967307858,
        0.001561575961,
        0.001137835823
      ],
      [
        0.630713490341,
        0.596705492981,
        0.587046661123,
        0.505464222397,
        0.458746299673,
        0.369539839929,
        0.277639225331,
        0.116956662074
      ],
      [
        0.746274388124,
        0.724560936181,
        0.80716931167,
        0.844656624412,
        0.824994538226,
        0.915094022626,
        0.958974697835,
        0.992865475735
      ]
    ]
  }
}