{
  "name": "Heo-Xu 29",
  "degree": 29,
  "test_tolerance": 2.362e-10,
  "data": {
    "llm2": [
      [0.001894697146, 0.072505573442],
      [0.003783811492, 0.310481161354],
      [0.003012182159, 0.440992773670],
      [0.002724403361, 0.527582710733],
      [0.003559107906, 0.659924119492],
      [0.003227454716, 0.699729990451]
    ],
    "rsw2": [
      [0.002024884516, 0.594169250176, 0.802748431448],
      [0.003467968868, 0.531107498266, 0.806604859340],
      [0.003229411196, 0.426665999347, 0.898209890946],
      [0.003010240364, 0.247454899976, 0.963715742772]
    ]
  }
}
