{
  "name": "Heo-Xu 27c",
  "degree": 27,
  "test_tolerance": 1.419e-10,
  "data": {
    "llm2": [
      [
        0.003893829077,
        0.003606286203,
        0.003808504359,
        0.002421634085,
        0.004077606558
      ],
      [
        0.110332978624,
        0.319075401552,
        0.453117779552,
        0.614431551407,
        0.702545464357
      ]
    ],
    "pq02": [
      [
        0.004062279727
      ],
      [
        0.530118512908
      ]
    ],
    "rsw2": [
      [
        0.002263516691,
        0.003782934834,
        0.003851811803
      ],
      [
        0.622283431805,
        0.517277385525,
        0.326096877477
      ],
      [
        0.708196634681,
        0.826495160269,
        0.939054487386
      ]
    ]
  }
}