{
  "name": "Heo-Xu 21f",
  "a3": [
    [0.005200472756]
  ],
  "llm2": [
    [0.005028347403, 0.124787616061],
    [0.004910500721, 0.382642965364]
  ],
  "rsw2": [
    [0.004214767940, 0.580333662379, 0.729548523912],
    [0.005272844391, 0.600802371831, 0.789769929774],
    [0.005509551481, 0.371677251651, 0.918768165963]
  ],
  "degree": 21,
  "test_tolerance": 8.244e-11
}
