{
  "name": "Heo-Xu 15",
  "degree": 15,
  "test_tolerance": 7.336e-15,
  "data": {
    "a1": [
      [
        0.0131915228736523
      ]
    ],
    "a2": [
      [
        0.01102407084532457
      ]
    ],
    "llm2": [
      [
        0.01053897111379197,
        0.01165696071537642
      ],
      [
        0.3377858997942549,
        0.6585116767821272
      ]
    ],
    "pq02": [
      [
        0.01066081869642292
      ],
      [
        0.3991943817651167
      ]
    ]
  }
}