{
  "name": "Heo-Xu 39a",
  "degree": 39,
  "test_tolerance": 2.291e-07,
  "data": {
    "llm2": [
      [
        0.001461069347,
        0.002081064425,
        0.002003883131,
        0.001868396116
      ],
      [
        0.067102856429,
        0.338906615896,
        0.448234256905,
        0.701808440747
      ]
    ],
    "pq02": [
      [
        0.001974704892
      ],
      [
        0.633404727273
      ]
    ],
    "rsw2": [
      [
        0.001120631568,
        0.001626513803,
        0.001822889111,
        0.00194330915,
        0.001766607242,
        0.001361185877,
        0.001852624903,
        0.001383169283,
        0.001483291414,
        0.001778552026
      ],
      [
        0.563818465348,
        0.628884552131,
        0.568134999733,
        0.490729623093,
        0.589988659798,
        0.493911282058,
        0.415275416293,
        0.350457251849,
        0.278497898816,
        0.205495716318
      ],
      [
        0.651676642607,
        0.731765201351,
        0.808896715135,
        0.818248053726,
        0.705342105582,
        0.868009534637,
        0.891987868825,
        0.935213276436,
        0.940831443705,
        0.975518961862
      ]
    ]
  }
}