{
  "name": "Heo-Xu 13",
  "degree": 13,
  "test_tolerance": 4.642e-15,
  "data": {
    "a1": [
      [
        0.01386659210450214
      ]
    ],
    "llm2": [
      [
        0.01305093186259182,
        0.01320642322308065
      ],
      [
        0.2866401467665037,
        0.6599050016563905
      ]
    ],
    "pq02": [
      [
        0.01194266355486864
      ],
      [
        0.5394900987058648
      ]
    ]
  }
}
