{
  "name": "Heo-Xu 23c",
  "degree": 23,
  "test_tolerance": 1.222e-10,
  "data": {
    "a3": [
      [
        -0.013079151392
      ]
    ],
    "llm2": [
      [
        0.002613177651,
        0.004696071564,
        0.010074474289,
        0.005747985286
      ],
      [
        0.083820743273,
        0.208890425565,
        0.527146296056,
        0.684194032927
      ]
    ],
    "pq02": [
      [
        0.005781262714,
        0.005394066441
      ],
      [
        0.599358474983,
        0.364297979633
      ]
    ],
    "rsw2": [
      [
        0.005859672926
      ],
      [
        0.46164769518
      ],
      [
        0.847134675079
      ]
    ]
  }
}