{
  "name": "Heo-Xu 25b",
  "degree": 25,
  "test_tolerance": 1.266e-10,
  "data": {
    "llm2": [
      [0.003694297843, 0.107086858755],
      [0.003835709610, 0.333879222938],
      [0.004019086734, 0.515654412063],
      [0.003295936329, 0.668811941305],
      [0.004023268501, 0.702834079289]
    ],
    "rsw2": [
      [0.003428775431, 0.520513375926, 0.792782385892],
      [0.003917073182, 0.523649799991, 0.845078822417],
      [0.004053335212, 0.320409052387, 0.940317942977]
    ]
  }
}
