{
  "name": "Heo-Xu 19a",
  "degree": 19,
  "test_tolerance": 7.435e-14,
  "data": {
    "a1": [
      [6.231186663599245e-03]
    ],
    "a2": [
      [7.913582690846042e-03]
    ],
    "a3": [
      [8.559575701091244e-03]
    ],
    "llm2": [
      [7.736373931323724e-03, 2.017423066530880e-01],
      [4.644831901554310e-03, 6.755869045406033e-01]
    ],
    "pq02": [
      [7.625284539988749e-03, 4.436682078062131e-01]
    ],
    "rsw2": [
      [6.646198191056446e-03, 4.961882891085462e-01, 8.148920331884284e-01]
    ]
  }
}
