{
  "name": "Heo-Xu 19b",
  "degree": 19,
  "test_tolerance": 1.128e-13,
  "data": {
    "a3": [
      [
        0.00615916486467451
      ]
    ],
    "llm2": [
      [
        0.00766142612551573,
        0.006632044976552785,
        0.006075982031497271,
        0.00526198387160345
      ],
      [
        0.1544806891452601,
        0.4141672959174029,
        0.667293171279714,
        0.7034464773382534
      ]
    ],
    "rsw2": [
      [
        0.006991087353303635
      ],
      [
        0.4493328323269541
      ],
      [
        0.8822700112603235
      ]
    ]
  }
}