{
  "name": "Heo-Xu 21b",
  "degree": 21,
  "test_tolerance": 1.024e-10,
  "data": {
    "a1": [
      [-0.004709932317]
    ],
    "a2": [
      [0.006599231780]
    ],
    "a3": [
      [-0.007545260195]
    ],
    "llm2": [
      [0.007200919394, 0.295937832153],
      [0.008304183973, 0.519472253003]
    ],
    "pq02": [
      [0.006872624447, 0.446007176001],
      [0.006895630527, 0.165319162227]
    ],
    "rsw2": [
      [0.006393131123, 0.566806527713, 0.782784716286]
    ]
  }
}
