{
  "name": "Heo-Xu 27a",
  "degree": 27,
  "test_tolerance": 1.418e-10,
  "data": {
    "a3": [
      [
        0.004205508418
      ]
    ],
    "llm2": [
      [
        0.003927799571,
        -0.000407112852,
        0.003694205329,
        0.004136341725,
        0.004202512176,
        0.004176738239
      ],
      [
        0.110768319347,
        0.222696255452,
        0.322320222672,
        0.462107300704,
        0.660712667463,
        0.702450665599
      ]
    ],
    "pq02": [
      [
        0.004229582701
      ],
      [
        0.525731112119
      ]
    ],
    "rsw2": [
      [
        0.004071467594,
        0.004080914226
      ],
      [
        0.524493924092,
        0.323348454269
      ],
      [
        0.819343388819,
        0.93922792975
      ]
    ]
  }
}