{
  "name": "Heo-Xu 33",
  "degree": 33,
  "test_tolerance": 1.714e-10,
  "data": {
    "a3": [
      [
        0.002848140682
      ]
    ],
    "llm2": [
      [
        0.002449327062,
        0.002179377451,
        0.002653179507,
        0.002817792197,
        0.002832643891,
        0.002776115721
      ],
      [
        0.087642362514,
        0.244826259453,
        0.373613468997,
        0.483960471286,
        0.648358940509,
        0.692365152833
      ]
    ],
    "pq02": [
      [
        0.002634851612
      ],
      [
        0.424680986592
      ]
    ],
    "rsw2": [
      [
        0.001044959201,
        0.002552267148,
        0.002771951327,
        0.002540900745,
        0.002276921078
      ],
      [
        0.663530717023,
        0.560342562719,
        0.544103582859,
        0.408251323723,
        0.259902436546
      ],
      [
        0.747173970345,
        0.821357965819,
        0.78466745848,
        0.892327016644,
        0.962160309302
      ]
    ]
  }
}