{
  "name": "Heo-Xu 27b",
  "degree": 27,
  "test_tolerance": 1.642e-10,
  "data": {
    "a1": [
      [-0.001001399850]
    ],
    "a3": [
      [0.004145413998]
    ],
    "llm2": [
      [0.004007770760, 0.103271889407],
      [0.003609101265, 0.326015048812],
      [0.004065377803, 0.464476869175],
      [0.004167019227, 0.661042838405],
      [0.004176827652, 0.702427075066]
    ],
    "rsw2": [
      [0.003963497360, 0.523633133581, 0.818640861296],
      [0.002254418391, 0.526385749330, 0.849564329470],
      [0.004036641877, 0.324014265315, 0.939146832366]
    ]
  }
}
