{
  "a1": [
    [1.319152287365230e-02]
  ],
  "a2": [
    [1.102407084532457e-02]
  ],
  "llm2": [
    [1.053897111379197e-02, 3.377858997942549e-01],
    [1.165696071537642e-02, 6.585116767821272e-01]
  ],
  "pq02": [
    [1.066081869642292e-02, 3.991943817651167e-01]
  ],
  "degree": 15
}
