{
  "name": "Heo-Xu 21d",
  "llm2": [
    [0.004843132969, 0.121942991996],
    [0.005906722557, 0.405172013544],
    [0.005570538352, 0.635692088835]
  ],
  "pq02": [
    [0.004679374357, 0.601743299291]
  ],
  "rsw2": [
    [0.004559352813, 0.595006226182, 0.774595852605],
    [0.005774096403, 0.368090580737, 0.919422462557]
  ],
  "degree": 21,
  "test-tolerance": 9.801e-11
}
