{
  "degree": 2,
  "s31": [
    [0.3333333333333333, 1.381966011250106e-01]
  ]
}
