{
  "data": [
    [ 6.519542382482019e-01, 3.623444315022428e-01, 1.498681096511322e+00],
    [ -8.070876861583226e-01, 5.322309038833022e-01, 1.051530016968792e+00],
    [ -8.856086946552445e-02, -7.605904084126465e-01, 1.449788886519887e+00]
  ],
  "degree": 2
}
