{
  "s2": [
    [1.0995174365532187e-01, 9.1576213509770743e-02],
    [2.2338158967801147e-01, 4.4594849091596489e-01]
  ],
  "degree": 4
}
