{
  "s1": [
    [5.5878732903199779e-02, 4.7036644652595216e-02, 1.9868331479735168e-01]
  ],
  "s2": [
    [1.6545050110792131e-02, 3.3730648554587850e-02],
    [7.7086646185986069e-02, 4.7430969250471822e-01],
    [1.2794417123015558e-01, 2.4157738259540357e-01]
  ],
  "degree": 7
}
