{
  "s1": [
    [2.7230314174434993e-02, 8.3947774099575878e-03, 2.6311282963463811e-01]
  ],
  "s2": [
    [3.2458497623198079e-02, 5.0547228317030957e-02],
    [9.5091634267284619e-02, 4.5929258829272313e-01],
    [1.0321737053471824e-01, 1.7056930775176021e-01]
  ],
  "s3": [
    [1.4431560767778717e-01]
  ],
  "degree": 8
}
