{
  "s1": [
    [5.0102288385006719e-03, 1.2683309328720416e-03, 1.1897449769695684e-01],
    [1.4436308113533840e-02, 1.4646950055654417e-02, 2.9837288213625779e-01],
    [2.4665753212563674e-02, 5.7124757403647919e-02, 1.7226668782135557e-01],
    [3.8571510787060684e-02, 9.2916249356971847e-02, 3.3686145979634496e-01]
  ],
  "s2": [
    [4.9234036024000819e-03, 1.9390961248701044e-02],
    [1.4433699669776668e-02, 6.1799883090872587e-02],
    [2.1883581369428889e-02, 4.8896391036217862e-01],
    [3.2788353544125348e-02, 4.1764471934045394e-01],
    [4.2162588736993016e-02, 1.7720553241254344e-01],
    [5.1774104507291585e-02, 2.7347752830883865e-01]
  ],
  "degree": 14
}
