{
  "s1": [
    [4.5843484017358670e-03, 1.1575175903180634e-02, 7.2505470799002492e-02],
    [7.9783002059295935e-03, 1.6017642362119278e-02, 1.5919228747279268e-01],
    [8.6922145010011921e-03, 1.3135870834002694e-02, 2.7179187005535488e-01],
    [1.0398439955839537e-02, 1.3229672760086908e-02, 4.1547545929522905e-01],
    [2.0557898320454519e-02, 7.8042340568282409e-02, 1.6872251349525946e-01],
    [2.2487772546691067e-02, 6.7349377867361171e-02, 3.0628159174618652e-01],
    [2.6171625935336989e-02, 1.5750547792686992e-01, 2.9921894247697023e-01]
  ],
  "s2": [
    [2.7738875776376422e-03, 1.4755491660753961e-02],
    [1.2459000802305442e-02, 6.6654063479596903e-02],
    [2.5019450950497357e-02, 4.6559787161889032e-01],
    [2.6312630588017985e-02, 1.8035811626637061e-01],
    [2.7310926528102106e-02, 4.1710344436159918e-01],
    [3.7716237152795283e-02, 2.8570650243658663e-01]
  ],
  "degree": 17
}
