{
  "degree": 24,
  "s3": [
    [1.9730145564170694e-02]
  ],
  "s2": [
    [7.9784978009049068e-04, 7.8022199979002112e-03],
    [1.6540557559100446e-03, 4.9920005126586386e-01],
    [3.9483067815592552e-03, 3.9745976060168636e-02],
    [7.3059304419564701e-03, 4.8948425246569233e-01],
    [8.1278558796413266e-03, 9.0694417901958868e-02],
    [1.1970371685575694e-02, 1.5122428135781504e-01],
    [1.2299765626203808e-02, 4.6721306520841810e-01],
    [1.6112719176052503e-02, 2.1191329495049538e-01],
    [1.6232869701501101e-02, 4.3276248978793980e-01],
    [1.8798881038162154e-02, 2.7376044759386797e-01],
    [1.8817300377344574e-02, 3.8736585153047043e-01]
  ],
  "s1": [
    [1.0058419636349749e-03, -1.7548642901802665e-04, 2.7505910881984064e-01],
    [1.7768341951951061e-03, 7.6272354243569927e-03, 4.0675651667317986e-02],
    [2.5263768046607073e-03, 7.1744598182213312e-03, 9.8073197818081104e-02],
    [2.8903213344256395e-03, 6.3674541720953543e-03, 1.7710896672593235e-01],
    [4.3188177509815720e-03, 7.4875157532566013e-03, 3.8161168515912564e-01],
    [5.6280372428999812e-03, 3.7463934879853701e-02, 9.5814659140257524e-02],
    [6.2380351084315912e-03, 1.8103532201923581e-02, 2.7060854554092645e-01],
    [6.5242706554108380e-03, 3.3495910148005362e-02, 1.7314445335143583e-01],
    [9.5756742981397934e-03, 3.9206711918798057e-02, 3.6987571368345934e-01],
    [9.6717253781026906e-03, 8.2016261697038934e-02, 1.6490559742319441e-01],
    [1.0525535644238974e-02, 6.0505783675033412e-02, 2.5976041170346387e-01],
    [1.3760331394147538e-02, 1.2548211909622189e-01, 2.4143815534801266e-01],
    [1.3860745244640128e-02, 9.5367159491400733e-02, 3.4863741954287258e-01],
    [1.7042808935729976e-02, 1.7465941156686071e-01, 3.1605002763020679e-01]
  ]
}
