{
  "degree": 15,
  "s2": [
    [-8.7456325826448314e-02, 2.9593233914348055e-01],
    [1.1825359733915675e-02, 1.1041137294398808e-01],
    [1.3633359800590992e-02, 5.5556777591097777e-02],
    [1.8152749803642489e-02, 4.9053686136135088e-01],
    [6.0151078120269021e-02, 2.3261140392265686e-01],
    [1.2218012059443138e-01, 3.7093650636643044e-01]
  ],
  "s1": [
    [2.5613719808681695e-03, 1.7707930875254373e-03, 3.8231237353261144e-02],
    [1.2198751372066793e-02, 1.7499897301341594e-02, 1.4981904161827897e-01],
    [1.6436943369443905e-02, 1.8423065211738483e-02, 3.0745294013740204e-01],
    [2.8386552060758415e-02, 9.1205272592313119e-02, 2.0385875286816799e-01],
    [3.7839876770328761e-02, 9.7542934824370500e-02, 3.6325540013204588e-01]
  ]
}
