{
  "_ERR": "TODO flawed by round-off error",
  "degree": 16,
  "rot": [
    [2.6584042558591993e-03, 2.6023443494547538e-01, -7.7960753911714194e-03],
    [3.3996223032543510e-03, 8.7654435676472867e-02, 9.0944387153089967e-01],
    [3.5191090034989176e-03, 3.0067304757784230e-01, 7.0038809708394578e-01],
    [4.0441404117086601e-03, 1.8849925360918680e-02, 1.6472917542654605e-02],
    [6.8294711512590653e-03, 9.8416684250052983e-02, 1.1941006711737949e-02],
    [1.0440167558510119e-02, 4.6040301696118247e-01, 1.1787969349285804e-02],
    [1.4730712491919611e-02, 7.3829911003045562e-02, 8.6868121096049367e-01],
    [1.4997188989449286e-02, 1.8610993333739587e-01, 7.8796285305688463e-01],
    [1.6563214492522717e-02, 3.8320231828647305e-01, 5.8855734984388641e-01],
    [1.9748195843965539e-02, 1.8610788752983731e-01, 4.2129359575999843e-02],
    [2.1203128918974853e-02, 3.2943567008468772e-01, 3.8398059357352493e-02],
    [2.4448645222118131e-02, 2.7205732589540688e-01, 6.5105170913107424e-01],
    [2.8149869751438746e-02, 1.4123538065593752e-01, 7.2939931701324412e-01],
    [3.6902116480954726e-02, 4.4901563513616993e-01, 9.7621841960191705e-02],
    [3.7047736203275151e-02, 2.6679836751316865e-01, 1.3739927089093515e-01],
    [4.1332532979016103e-02, 2.8238245710611226e-01, 5.3491733004439057e-01],
    [4.7319077275608155e-02, 3.4974732138010473e-01, 2.3813215085067585e-01]
  ]
}
