{
  "_ERR": "TODO flawed by round-off error",
  "degree": 13,
  "rot": [
    [8.0799718922462509e-03, 2.6016776102192420e-02, 2.4022213893300930e-02],
    [1.2892029137773462e-02, 1.8883631298672997e-02, 1.2208083167169181e-01],
    [1.6560237922093254e-02, 1.3163917121880553e-01, 2.2874705099001899e-02],
    [1.9023135868897031e-02, 2.0731528553134732e-02, 2.8073779660838988e-01],
    [1.9359657480323249e-02, 4.7664289518446956e-01, 5.0484945619579669e-01],
    [1.9583798359223862e-02, 3.0238695445079383e-01, 1.9975752788321421e-02],
    [3.0281493825968991e-02, 1.0153977972399897e-01, 1.1902821597585499e-01],
    [3.8164066479861487e-02, 2.4961442779733523e-01, 1.0358996690547731e-01],
    [3.8199338317111094e-02, 1.0202924054306213e-01, 2.7688825736351558e-01],
    [4.0847152891851063e-02, 2.2678927602203702e-01, 2.3372837421755474e-01],
    [4.1085695986564898e-02, 4.3740951791107846e-01, 9.5992093320339561e-02],
    [4.9256755171418691e-02, 3.8075857916224454e-01, 2.2785535711866886e-01]
  ]
}
