{
  "_ERR": "TODO flawed by round-off error",
  "degree": 10,
  "rot": [
    [1.4711143125265022e-02, 1.4583457698929406e-01, 1.1398571160097378e-02],
    [1.4928593150681594e-02, 4.8063935754816450e-01, 3.9643706994449100e-03],
    [1.4947323548874366e-02, 2.8384362149153981e-03, 2.3534170704269680e-01],
    [1.5357000172646521e-02, 2.7382456096225798e-02, 4.3399288238870903e-02],
    [5.1440501966811596e-02, 2.9036991669239248e-01, 5.9484989766216530e-02],
    [5.5187392917754131e-02, 1.0257910434962711e-01, 1.4552326855517442e-01],
    [7.1717980709822576e-02, 8.9138718639893449e-02, 3.6893474593389924e-01],
    [9.5043397741477520e-02, 2.8930618917096718e-01, 2.2719614311462366e-01]
  ]
}
