{
  "degree": 18,
  "rot": [
    [2.6377911268825266e-03, 3.6978096405509784e-03, 7.4357923508124160e-02],
    [2.6749066509967508e-03, 1.4914399227998885e-02, 1.3690913073362648e-02],
    [3.1930382737635201e-03, 1.6973999621930291e-03, 2.0891369061546108e-01],
    [4.1706984376102671e-03, 8.0662083946625274e-02, 8.2435326902914278e-03],
    [5.2592032376789100e-03, 1.9874790140231080e-01, 6.9765950961831660e-03],
    [7.1884450079873841e-03, 3.4670271914727641e-01, 9.0597713534798507e-03],
    [8.9587826920653982e-03, 4.8634633387104276e-02, 5.5791052971746698e-02],
    [9.2487253871255930e-03, 1.2831862984944630e-02, 3.4469254847797043e-01],
    [1.0074246248491408e-02, 2.9359538994220516e-02, 1.3996411031839173e-01],
    [1.0230074886449367e-02, 4.9078839469375929e-01, 4.9582251778966463e-01],
    [1.2737216187365332e-02, 1.3861878405978878e-01, 4.4707679385501874e-02],
    [1.4126981551441176e-02, 2.6389760635220100e-01, 4.3672095251755069e-02],
    [1.5332774415553483e-02, 4.5591174493061090e-02, 2.4521857350619572e-01],
    [1.9150988304468378e-02, 3.9401035853706806e-01, 5.9276933781644683e-02],
    [1.9581375851107374e-02, 1.0686720694096476e-01, 1.2832552694798030e-01],
    [2.2519214872788323e-02, 2.2057527942548341e-01, 1.1327582130168469e-01],
    [2.3744088053618714e-02, 1.2365383504129873e-01, 2.4272043721609243e-01],
    [2.4512580234751023e-02, 7.1334879410097959e-02, 3.8790847894248653e-01],
    [2.4681473602268786e-02, 2.2412691032497162e-01, 2.1328980000961897e-01],
    [2.6967662919952676e-02, 3.5161904995564269e-01, 1.3793750997645651e-01],
    [3.2346210873791456e-02, 3.6076234056773243e-01, 4.6512581996476732e-01],
    [3.3996854517175490e-02, 3.1130012898251941e-01, 2.7007362938867141e-01]
  ]
}
