{
  "degree": 23,
  "s3": [
    [2.5138871460293689e-02]
  ],
  "rot": [
    [1.0661176825060275e-03, 9.4139490330046090e-03, 8.6464444518944781e-03],
    [1.1098731505548912e-03, 4.8241021890889081e-04, 1.0882142058056087e-01],
    [1.6296239556456284e-03, 4.9633556562943609e-01, 5.0329473593098173e-01],
    [2.2052916931377745e-03, 8.6145275902432504e-03, 4.4964858940933154e-02],
    [2.3175543197966387e-03, 4.9100663468775806e-02, 8.2424970824296982e-03],
    [2.3216387016154016e-03, 2.6604160773538743e-03, 2.9470448202172089e-01],
    [3.0036615113955651e-03, 3.3098446926941211e-01, 3.8206684917989277e-03],
    [3.5476219235374643e-03, 1.1815450592101939e-01, 8.4131574146606557e-03],
    [3.8026516365470241e-03, 2.1407309787902890e-01, 7.2053975765022519e-03],
    [4.7343247026569429e-03, 4.4577412877333654e-02, 4.3026357023085333e-02],
    [4.7820455294484820e-03, 1.9143139515349089e-01, 3.1169269889860296e-02],
    [5.0549201673000697e-03, 1.0585098456769080e-02, 1.9186490304827739e-01],
    [6.0452061344839153e-03, 2.5420226429005641e-02, 1.0540760648009682e-01],
    [6.3127024456898287e-03, 5.9129291976109599e-01, 1.2107289245252150e-02],
    [6.7764054871379984e-03, 1.0490365652094102e-01, 4.3370975391949562e-02],
    [7.8847924276325507e-03, 4.2721744601873479e-01, 1.6697078855470619e-02],
    [8.7369076407474780e-03, 1.7789929675087990e-01, 6.4511068023700172e-02],
    [9.4344058539933377e-03, 8.0548215582571539e-02, 1.0197699396951582e-01],
    [9.4908794278192789e-03, 3.1317311279855049e-02, 2.8534297804565589e-01],
    [1.0210962656217749e-02, 2.9544675874255427e-01, 3.2881012535433060e-02],
    [1.0519253335485042e-02, 5.4113217353947932e-02, 1.8385958270294381e-01],
    [1.1689120375277516e-02, 4.2740065428049014e-02, 4.4355898660390503e-01],
    [1.3700400279401443e-02, 1.4518767597337787e-01, 1.2979545045100729e-01],
    [1.4460451299082753e-02, 7.4713978478763848e-02, 3.2991396142531471e-01],
    [1.5231395783588919e-02, 3.8196804313044813e-01, 6.7362527515130416e-02],
    [1.5485873319445833e-02, 2.2178354982181475e-01, 6.6898098435814957e-01],
    [1.5988957436554496e-02, 2.5687081151314684e-01, 9.6049121135374796e-02],
    [1.8929035905891643e-02, 1.1275130342695996e-01, 4.2367418202458157e-01],
    [1.9748081356734056e-02, 2.1032305744103352e-01, 1.8700110967233269e-01],
    [2.0667781559665956e-02, 1.6157520917947663e-01, 2.9901294845569942e-01],
    [2.0798342664795102e-02, 3.3165622135557482e-01, 1.5061623551001871e-01],
    [2.3575574840744129e-02, 2.1229476331689121e-01, 3.8427148525251237e-01],
    [2.3691854308704501e-02, 2.7411374218935070e-01, 2.5872672300217803e-01]
  ]
}
