{
  "degree": 1,
  "weights": [1.0000000000000000e+00],
  "bary": [
    [2.5000000000000000e-01, 2.5000000000000000e-01, 2.5000000000000000e-01, 2.5000000000000000e-01]
  ]
}
