{
  "degree": 2,
  "weights": [1.0160754847498073e-01, 2.7877757668656822e-01, 3.0052093933697605e-01, 3.1909393550147508e-01],
  "bary": [
    [1.2366680032845839e-01, 8.2157254096761978e-01, 3.9933048641498416e-02, 1.4827610062423356e-02],
    [4.5746158708559548e-01, 1.5593312049918603e-01, 3.8176535606934670e-01, 4.8399363458717648e-03],
    [3.6531451881463450e-01, 1.8002969351036535e-01, 6.9232355736274665e-03, 4.4773255210137269e-01],
    [3.7551502872927573e-04, 2.1607642918484779e-01, 4.3070170707783612e-01, 3.5284634870858683e-01]
  ]
}
