{
  "s1111": [
    [1.2521705805707335e-02, 6.9232355736274665e-03, 1.8002969351036535e-01, 3.6531451881463450e-01],
    [1.1615732361940342e-02, 4.8399363458717648e-03, 1.5593312049918603e-01, 3.8176535606934670e-01],
    [1.3295580645894796e-02, 3.7551502872927573e-04, 2.1607642918484779e-01, 3.5284634870858683e-01],
    [4.2336478531241973e-03, 1.4827610062423356e-02, 3.9933048641498416e-02, 1.2366680032845839e-01]
  ],
  "degree": 2
}