{
  "s1111": [
    [5.5236677976852186e-03, 1.1403329444557169e-02, 1.9011700243928392e-01, 3.5862072046688387e-01],
    [9.3506319548982263e-03, 1.2480486216524721e-01, 1.3084716895209647e-01, 1.5868516322744058e-01],
    [5.3361005296144555e-03, 1.0905212211189244e-02, 2.8152380212354622e-01, 3.4544415571973075e-01],
    [1.0500165867062596e-02, 1.4037280579421071e-01, 1.4148275196950449e-01, 1.4691839008716959e-01],
    [5.8593504025168013e-03, 3.7871631782357022e-02, 1.5281814309092734e-01, 1.7081692516498900e-01],
    [5.0967501148893781e-03, 1.2718366313681451e-02, 1.6200149169852446e-01, 1.8385035049209775e-01]
  ],
  "degree": 3
}