{
  "degree": 3,
  "weights": [1.2232200275734507e-01, 1.2806641271074692e-01, 1.3256802714444524e-01, 1.4062440966040324e-01, 2.2441516691755742e-01, 2.5200398080950231e-01],
  "bary": [
    [6.4142979149569634e-01, 1.6200149169852446e-01, 1.8385035049209775e-01, 1.2718366313681451e-02],
    [3.4544415571973075e-01, 1.0905212211189244e-02, 2.8152380212354622e-01, 3.6212682994553380e-01],
    [4.3985894764927502e-01, 1.9011700243928392e-01, 1.1403329444557169e-02, 3.5862072046688387e-01],
    [3.7871631782357022e-02, 1.7081692516498900e-01, 1.5281814309092734e-01, 6.3849329996172666e-01],
    [1.2480486216524721e-01, 1.5868516322744058e-01, 5.8566280565521578e-01, 1.3084716895209647e-01],
    [1.4148275196950449e-01, 5.7122605214911515e-01, 1.4691839008716959e-01, 1.4037280579421071e-01]
  ]
}
