{
  "s1111": [
    [4.4361680898120873e-03, 9.7204644587583267e-02, 1.0660417256199363e-01, 1.1180076739738309e-01],
    [4.5930930178540693e-03, 2.9569495206479612e-02, 3.1790356021339461e-01, 3.2329398483747895e-01],
    [6.4573381673435869e-03, 1.0384411641099316e-01, 1.0962240533194123e-01, 3.5382323920929709e-01],
    [8.0587838354014354e-03, 1.2680172591539202e-01, 2.4027666492807262e-01, 3.0444840243449683e-01],
    [3.1734464685649316e-03, 2.3910074574393647e-03, 1.2941137378891041e-01, 3.3019041483746447e-01],
    [3.3094450028343879e-03, 8.9912600933357793e-03, 1.2154199133392780e-01, 3.0649398842969028e-01],
    [2.8945819140681404e-03, 5.6824017127933668e-02, 5.9456616299433829e-02, 4.3295349048135562e-01],
    [2.4972160477733135e-03, 4.7781435559086663e-02, 5.3341239535745183e-02, 4.1926631387951302e-01],
    [2.3080749529823487e-03, 3.5183929773598716e-02, 6.7223294893383398e-02, 1.5636389323939529e-01],
    [2.3030570481640373e-03, 6.8099370938206658e-02, 8.1404918402859253e-02, 9.7987203649279112e-02],
    [1.6354621218683315e-03, 1.3560701879802881e-02, 4.0490506727590428e-02, 1.7469405869723059e-01]
  ],
  "degree": 4
}