{
  "s31": [
    [1.8373260779090489e-02, 9.2735250310891304e-02],
    [2.8171981429503983e-02, 3.1088591926330056e-01],
    [2.8171981429503959e-02, 3.1088591926330061e-01],
    [2.8171981429503959e-02, 3.1088591926330056e-01],
    [2.8171981429503959e-02, 3.1088591926330061e-01],
    [1.8373260779090479e-02, 9.2735250310891276e-02],
    [1.8373260779090482e-02, 9.2735250310891318e-02],
    [1.8373260779090479e-02, 9.2735250310891276e-02]
  ],
  "s22": [
    [7.0910034628469086e-03, 4.5503704125649670e-02],
    [7.0910034628469121e-03, 4.5449629587435025e-01],
    [7.0910034628469147e-03, 4.5503704125649698e-02],
    [7.0910034628469043e-03, 4.5449629587435025e-01],
    [7.0910034628469086e-03, 4.5503704125649726e-02],
    [7.0910034628469121e-03, 4.5449629587435025e-01]
  ],
  "degree": 5
}