{
  "s1111": [
    [2.9565811881914703e-04, 2.4318974248142861e-02, 3.3916142393361270e-02, 3.8836084344884447e-02],
    [1.3128920784461018e-03, 3.0618856327857658e-02, 6.4769436930052882e-02, 2.6784419818357558e-01],
    [1.0096369532268481e-03, 2.3467795573054562e-02, 6.4775160447105046e-02, 3.9086205067101182e-01],
    [2.0370864959350908e-03, 6.3453746353128726e-02, 6.3732895294997663e-02, 2.7790366933007804e-01],
    [2.2097218295070577e-03, 6.6098662414680515e-02, 8.3678814060055048e-02, 2.2016796841427477e-01],
    [1.8016373623113916e-03, 1.8667118254730608e-02, 3.2511965857702524e-01, 3.2683350461904581e-01],
    [2.7973256755232097e-03, 4.4383344357208206e-02, 3.0416926534978184e-01, 3.1919428034893116e-01],
    [2.4925561525595487e-03, 3.8288670738245004e-02, 3.1303572433284077e-01, 3.2028743369769253e-01],
    [2.6089364700546363e-03, 5.5099022490725680e-02, 2.1187747126825973e-01, 3.5193919733470447e-01],
    [2.6805842488786470e-03, 1.2464996363748627e-01, 1.5210381130993086e-01, 2.0123456736442097e-01],
    [1.8162665858595490e-03, 5.6160038543360380e-02, 6.5924923160009946e-02, 2.5359367474320027e-01],
    [9.4023613658928459e-04, 7.3545238380693517e-03, 2.1129765858158633e-01, 2.5118449527752967e-01],
    [1.9422139219408630e-03, 6.0895149926236125e-02, 6.3199980942569525e-02, 2.5844914898392557e-01],
    [4.6916418539194983e-03, 1.9518923315575359e-01, 2.5582078426498622e-01, 2.6956992963327198e-01],
    [2.2472921095129995e-03, 6.4620638073368528e-02, 7.0308485710440530e-02, 2.8772509482646424e-01],
    [2.0736929204797634e-03, 6.5177992763370426e-02, 6.6603298007603146e-02, 2.7350140735323081e-01],
    [2.6277650785633557e-03, 6.6789599781738124e-02, 7.6992717100967251e-02, 3.2615440763627801e-01],
    [1.9645012696775507e-03, 6.2115533183598755e-02, 6.2894724988623918e-02, 2.4844954011889497e-01],
    [1.0626801777934350e-03, 2.5842686260703313e-02, 6.0010583020269119e-02, 2.1304118323618559e-01],
    [1.6547540687117616e-03, 5.3996140835914475e-02, 6.0016149166168681e-02, 2.7578630046985064e-01],
    [6.6356163270848967e-04, 3.7264752138355499e-02, 5.1325206165202961e-02, 7.0271090034123102e-02],
    [4.3430565515399779e-04, 8.7819577775188982e-03, 4.0576051066817900e-02, 8.8600350468910211e-02],
    [3.0171987049445727e-04, 2.2865823814023113e-02, 2.9335721083178664e-02, 4.4028453770616316e-02]
  ],
  "degree": 6
}