{
  "degree": 6,
  "weights": [7.0957948516595284e-03, 7.2412768918669749e-03, 1.0423335723695948e-02, 1.5925479185003751e-02, 2.2565667278142829e-02, 2.4231286877444354e-02, 2.5504324267042442e-02, 3.1509409882706445e-02, 3.9714097649082278e-02, 4.3239296695473398e-02, 4.3590398060629178e-02, 4.6613134126580712e-02, 4.7148030472261217e-02, 4.8890075902442175e-02, 4.9768630091514318e-02, 5.3033323908169380e-02, 5.3935010628311991e-02, 5.9821347661429165e-02, 6.2614475281311269e-02, 6.3066361885520533e-02, 6.4334021973087532e-02, 6.7135816212557028e-02, 1.1259940449406797e-01],
  "bary": [
    [2.4318974248142861e-02, 3.8836084344884447e-02, 9.0292879901361134e-01, 3.3916142393361270e-02],
    [2.2865823814023113e-02, 9.0377000133218188e-01, 2.9335721083178664e-02, 4.4028453770616316e-02],
    [8.7819577775188982e-03, 4.0576051066817900e-02, 8.8600350468910211e-02, 8.6204164068675293e-01],
    [8.4113895166231845e-01, 5.1325206165202961e-02, 3.7264752138355499e-02, 7.0271090034123102e-02],
    [2.1129765858158633e-01, 7.3545238380693517e-03, 2.5118449527752967e-01, 5.3016332230281460e-01],
    [2.3467795573054562e-02, 6.4775160447105046e-02, 3.9086205067101182e-01, 5.2089499330882849e-01],
    [2.1304118323618559e-01, 6.0010583020269119e-02, 2.5842686260703313e-02, 7.0110554748284204e-01],
    [2.6784419818357558e-01, 6.4769436930052882e-02, 6.3676750855851394e-01, 3.0618856327857658e-02],
    [5.3996140835914475e-02, 2.7578630046985064e-01, 6.0016149166168681e-02, 6.1020140952806623e-01],
    [3.2937971854919834e-01, 3.2511965857702524e-01, 3.2683350461904581e-01, 1.8667118254730608e-02],
    [6.2432136355342938e-01, 6.5924923160009946e-02, 2.5359367474320027e-01, 5.6160038543360380e-02],
    [6.3199980942569525e-02, 6.1745572014726879e-01, 2.5844914898392557e-01, 6.0895149926236125e-02],
    [2.4844954011889497e-01, 6.2654020170888236e-01, 6.2115533183598755e-02, 6.2894724988623918e-02],
    [6.3732895294997663e-02, 2.7790366933007804e-01, 5.9490968902179553e-01, 6.3453746353128726e-02],
    [6.5177992763370426e-02, 5.9471730187579563e-01, 6.6603298007603146e-02, 2.7350140735323081e-01],
    [8.3678814060055048e-02, 6.6098662414680515e-02, 6.3005455511098962e-01, 2.2016796841427477e-01],
    [5.7734578138972670e-01, 2.8772509482646424e-01, 6.4620638073368528e-02, 7.0308485710440530e-02],
    [3.8288670738245004e-02, 3.2838817123122166e-01, 3.2028743369769253e-01, 3.1303572433284077e-01],
    [3.5193919733470447e-01, 5.5099022490725680e-02, 3.8108430890631018e-01, 2.1187747126825973e-01],
    [5.3006327548101662e-01, 6.6789599781738124e-02, 7.6992717100967251e-02, 3.2615440763627801e-01],
    [1.5210381130993086e-01, 1.2464996363748627e-01, 2.0123456736442097e-01, 5.2201165768816193e-01],
    [3.0416926534978184e-01, 3.1919428034893116e-01, 4.4383344357208206e-02, 3.3225310994407881e-01],
    [2.5582078426498622e-01, 2.7942005294598821e-01, 2.6956992963327198e-01, 1.9518923315575359e-01]
  ]
}
