{
  "degree": 8,
  "weights": [1.5139453951150638e-03, 1.7451835353056518e-03, 2.0790845670188803e-03, 2.5469005193429753e-03, 6.8974283163756598e-03, 7.5211503518608164e-03, 9.8765167948867208e-03, 1.0128921250748622e-02, 1.1865420697073218e-02, 1.2799383372619599e-02, 1.3735772558285467e-02, 1.4719907175427286e-02, 1.5063769485103084e-02, 1.5388445412410912e-02, 1.5616389203780622e-02, 1.6529366800552277e-02, 1.6975229258014733e-02, 1.7389202562511471e-02, 1.7612536185133469e-02, 1.7898803807292911e-02, 1.7988889897859947e-02, 2.0146710846789484e-02, 2.0545036344562742e-02, 2.1924498606521590e-02, 2.2504565968021157e-02, 2.2559238753502332e-02, 2.2743720634503733e-02, 2.3498923538693064e-02, 2.4158343927813661e-02, 2.5139086070588637e-02, 2.7117538485485652e-02, 2.7254935934473114e-02, 2.8185685900007081e-02, 3.2241253343927405e-02, 3.2293000640846357e-02, 3.2727274753541487e-02, 3.6550090707633077e-02, 3.9062709948950697e-02, 4.0098805141330060e-02, 4.1567490415473446e-02, 5.1779623939008500e-02, 5.2862928706025061e-02, 5.3353802447855411e-02, 5.5792487797727545e-02],
  "bary": [
    [9.7187836901501930e-04, 9.5738162605830268e-01, 1.6007984231298220e-02, 2.5638511341384077e-02],
    [1.7607156126878475e-02, 8.8555942787057473e-03, 9.4856392979900483e-01, 2.4973319795410953e-02],
    [9.4080820283160216e-01, 3.0052247775932201e-02, 6.7196788221531882e-03, 2.2419870570312452e-02],
    [4.5711843745157039e-03, 4.8689004639021989e-02, 2.2162071096662395e-02, 9.2457773988979985e-01],
    [4.6181172516826274e-01, 4.6531516041303650e-01, 5.4221833071780873e-03, 6.7450931111522672e-02],
    [3.5762570878720056e-02, 5.0032967203297618e-01, 8.1120507557060576e-03, 4.5579570633259775e-01],
    [2.3074349679464937e-01, 6.1133653369188412e-01, 5.5757730304382379e-03, 1.5234419648302830e-01],
    [2.5806848872532311e-02, 2.7776757993565410e-02, 4.6654058589091907e-01, 4.7987580724298329e-01],
    [4.1392128343882006e-01, 4.9825496178220430e-01, 7.9757870966905731e-02, 8.0658838120699072e-03],
    [1.9990672903292148e-01, 4.7940665335286586e-01, 3.2009560675039805e-01, 5.9101086381457835e-04],
    [1.6438693098480806e-01, 3.9856677923423033e-02, 3.4482075478942498e-02, 7.6127431561282632e-01],
    [3.6780649734748191e-02, 7.2051116571787177e-01, 2.0436892390732542e-01, 3.8339260640054662e-02],
    [1.8907446887003321e-01, 3.6204671928518367e-02, 7.3136736003608938e-01, 4.3353499165359022e-02],
    [1.5063771178142535e-01, 7.6236788495445285e-01, 5.2438389928703269e-02, 3.4556013335418509e-02],
    [2.4963708305787533e-01, 1.9554608192260212e-01, 5.4179318246180952e-01, 1.3023652557712984e-02],
    [2.5791667315430916e-01, 2.2097746499881765e-01, 1.2395923360195476e-02, 5.0870993848667767e-01],
    [5.0455006931724687e-02, 3.9380218684505641e-02, 1.7319560868335113e-01, 7.3696916570041859e-01],
    [7.4857456074576278e-01, 4.5434530352109606e-02, 1.6329934329935408e-01, 4.2691565602773540e-02],
    [4.6486129411092758e-02, 1.5648668504006630e-01, 7.5149653615183765e-01, 4.5530649397003242e-02],
    [7.2370949504174897e-01, 4.6200582148664127e-02, 4.3498814451950293e-02, 1.8659110835763659e-01],
    [4.9085344327496262e-02, 4.1494159018278354e-02, 7.1717735709395003e-01, 1.9224313956027539e-01],
    [7.0165677606439014e-01, 2.0449181374722314e-01, 4.6868653280873099e-02, 4.6982756907513620e-02],
    [4.4780215496031769e-02, 7.1957333007169499e-01, 5.5990644682102055e-02, 1.7965580975017123e-01],
    [4.4877800775248244e-01, 4.1050298145482306e-02, 4.5685365746118166e-02, 4.6448632835591708e-01],
    [4.3122383377879811e-02, 4.1507658426998872e-01, 4.9479916931999129e-01, 4.7001863032140212e-02],
    [3.0950529216132873e-02, 4.2465005407958939e-01, 1.3620624122519834e-01, 4.0819317547907952e-01],
    [2.5047192191732087e-01, 2.2610909636660459e-02, 2.2243464249277861e-01, 5.0448252595324017e-01],
    [5.4383015606233438e-02, 2.1626414889065121e-01, 5.1253765133873821e-02, 6.7809907036924155e-01],
    [4.7213321954967319e-01, 4.5447374262858831e-02, 4.3566699454566282e-01, 4.6752411641805103e-02],
    [3.0822472099931046e-02, 1.8126219117094533e-01, 2.5934638915961017e-01, 5.2856894756951345e-01],
    [5.1110607191357693e-01, 2.8827258900935390e-02, 2.2954071307265556e-01, 2.3052595611283211e-01],
    [1.2397848932781835e-01, 6.2244399461020478e-02, 4.0365477501005875e-01, 4.1012233620110239e-01],
    [3.8288050116572714e-01, 3.9727545746144305e-01, 8.1733628204791145e-02, 1.3811041316803868e-01],
    [4.9359008083402028e-01, 2.1613969263007907e-01, 3.9190573197535633e-02, 2.5107965333836502e-01],
    [3.3836738097223949e-02, 2.1251922611752913e-01, 5.0564195098037035e-01, 2.4800208480487651e-01],
    [4.2430301145622816e-02, 4.8622524586615962e-01, 2.7523602729990654e-01, 1.9610842568831099e-01],
    [2.5022744629303839e-01, 4.5290749888583615e-02, 4.9314476795906470e-01, 2.1133703585931329e-01],
    [2.2808018405507877e-01, 1.4251462990889452e-01, 1.2814373976661775e-01, 5.0126144626940894e-01],
    [4.8351828029101013e-01, 2.2954061506357473e-01, 2.4201755731748043e-01, 4.4923547327934799e-02],
    [1.8224604922336082e-01, 4.2840777073601871e-01, 6.1946961546844662e-02, 3.2739921849377579e-01],
    [2.0964230287064614e-01, 4.8531355763806922e-01, 1.9861997766923117e-01, 1.0642416182205350e-01],
    [1.6469550590032844e-01, 2.4952076607995238e-01, 2.4990555072575496e-01, 3.3587817729396419e-01],
    [4.1189620364841240e-01, 1.5825909334589019e-01, 2.0739173514062348e-01, 2.2245296786507396e-01],
    [2.0033070687780308e-01, 2.2746204998675473e-01, 4.4895452866369784e-01, 1.2325271447174430e-01]
  ]
}
