{
  "s31": [
    [1.1644630496104803e-02, 2.5707198076242777e-01],
    [9.5479079074770005e-05, 4.8448895277681710e-03],
    [2.9387764730171677e-03, 1.6695976931720627e-01],
    [6.9778919220560296e-03, 3.1820620082032397e-01],
    [2.8542433418744439e-03, 1.3365994953239230e-01]
  ],
  "s1111": [
    [8.6127472233375692e-04, 1.1212438646497909e-01, 1.1904473103920804e-01, 2.3624195884576110e-01],
    [8.6127472233551788e-04, 1.1212438646512748e-01, 1.1904473103927603e-01, 2.3624195884566077e-01],
    [8.6127472233537932e-04, 1.1212438646502303e-01, 1.1904473103928245e-01, 2.3624195884569879e-01],
    [5.1616519441542057e-04, 2.4954022067237965e-02, 1.1453798631584149e-01, 3.6961264485592349e-01],
    [5.1616519441556043e-04, 2.4954022067239800e-02, 1.1453798631599026e-01, 3.6961264485621703e-01],
    [5.1616519441446149e-04, 2.4954022067165117e-02, 1.1453798631602456e-01, 3.6961264485614781e-01],
    [2.7584774593700690e-04, 3.0701960870696376e-02, 3.1181318752238063e-02, 1.2663949087887130e-01],
    [2.7584774593718845e-04, 3.0701960870745042e-02, 3.1181318752210863e-02, 1.2663949087907322e-01],
    [2.7584774593687620e-04, 3.0701960870726075e-02, 3.1181318752202036e-02, 1.2663949087858190e-01],
    [2.5579809332688030e-04, 1.7354047445772097e-02, 3.2403463700912932e-02, 3.2998418756342818e-01],
    [2.5579809332698997e-04, 1.7354047445783508e-02, 3.2403463700926324e-02, 3.2998418756371140e-01],
    [2.5579809332606157e-04, 1.7354047445684660e-02, 3.2403463700916298e-02, 3.2998418756334813e-01],
    [1.0586281604651607e-03, 1.1932259349189359e-01, 1.2855639235995284e-01, 2.9863508978936404e-01],
    [1.0586281604648767e-03, 1.1932259349191696e-01, 1.2855639235976335e-01, 2.9863508978933512e-01],
    [1.0586281604646620e-03, 1.1932259349174160e-01, 1.2855639235995833e-01, 2.9863508978930642e-01],
    [5.2367149609381877e-04, 1.6809591469660740e-02, 1.6133714217116060e-01, 4.0437701448836838e-01],
    [5.2367149609327895e-04, 1.6809591469648610e-02, 1.6133714217108119e-01, 4.0437701448836227e-01],
    [5.2367149609247349e-04, 1.6809591469598956e-02, 1.6133714217107506e-01, 4.0437701448836622e-01],
    [2.9104004187489749e-04, 3.3073599825543282e-02, 3.5189582268768123e-02, 1.5116457208130027e-01],
    [2.9104004187509921e-04, 3.3073599825577039e-02, 3.5189582268708469e-02, 1.5116457208163986e-01],
    [2.9104004187515130e-04, 3.3073599825572925e-02, 3.5189582268758540e-02, 1.5116457208151765e-01],
    [5.4785492361016954e-04, 2.3097258775569895e-02, 1.6961384756041301e-01, 1.7336085927366016e-01],
    [5.4785492360985707e-04, 2.3097258775556479e-02, 1.6961384756039471e-01, 1.7336085927373177e-01],
    [5.4785492360976990e-04, 2.3097258775537227e-02, 1.6961384756040226e-01, 1.7336085927375869e-01],
    [5.7111269507244885e-04, 2.4341028320284813e-02, 1.6505305534639939e-01, 1.7701835101891772e-01],
    [5.7111269507229662e-04, 2.4341028320273531e-02, 1.6505305534637491e-01, 1.7701835101894670e-01],
    [5.7111269507209865e-04, 2.4341028320264475e-02, 1.6505305534650752e-01, 1.7701835101896710e-01],
    [3.8074916400832851e-04, 3.0293937757704312e-02, 3.2660580053264672e-02, 3.5103092666191366e-01],
    [3.8074916400851499e-04, 3.0293937757686511e-02, 3.2660580053289763e-02, 3.5103092666177188e-01],
    [3.8074916400872636e-04, 3.0293937757721334e-02, 3.2660580053272013e-02, 3.5103092666152919e-01],
    [1.1177893682376065e-03, 6.6626442257418761e-02, 3.0200190732664511e-01, 3.0302612894209485e-01],
    [1.1177893682378696e-03, 6.6626442257402205e-02, 3.0200190732691479e-01, 3.0302612894185488e-01],
    [1.1177893682380033e-03, 6.6626442257312540e-02, 3.0200190732674415e-01, 3.0302612894207820e-01],
    [4.6842463962110814e-04, 1.2676431648551340e-02, 1.6454721589004118e-01, 4.0907522401187135e-01],
    [4.6842463962058848e-04, 1.2676431648545615e-02, 1.6454721588991542e-01, 4.0907522401194779e-01],
    [4.6842463962090171e-04, 1.2676431648547981e-02, 1.6454721589001114e-01, 4.0907522401200630e-01],
    [1.1705234356215344e-03, 1.2071311163580867e-01, 1.2868116824818615e-01, 3.3951306262113812e-01],
    [1.1705234356225538e-03, 1.2071311163600945e-01, 1.2868116824813047e-01, 3.3951306262090170e-01],
    [1.1705234356227678e-03, 1.2071311163585560e-01, 1.2868116824819351e-01, 3.3951306262093978e-01],
    [5.2097829167916504e-04, 3.8496781868964748e-02, 8.3024946882167758e-02, 1.5026879025170375e-01],
    [5.2097829167854109e-04, 3.8496781868993878e-02, 8.3024946881963574e-02, 1.5026879025161541e-01],
    [5.2097829167882135e-04, 3.8496781868995342e-02, 8.3024946882180636e-02, 1.5026879025175519e-01],
    [1.1384707997902969e-03, 1.0744646158505851e-01, 1.3246701074477149e-01, 2.4416971105589552e-01],
    [1.1384707997904398e-03, 1.0744646158515410e-01, 1.3246701074464209e-01, 2.4416971105590399e-01],
    [1.1384707997908422e-03, 1.0744646158519187e-01, 1.3246701074470202e-01, 2.4416971105566460e-01],
    [4.9237346620464026e-04, 1.2280428562434397e-02, 1.7721437307267845e-01, 3.9790436218571729e-01],
    [4.9237346620633227e-04, 1.2280428562525481e-02, 1.7721437307270649e-01, 3.9790436218556585e-01],
    [4.9237346620499339e-04, 1.2280428562443962e-02, 1.7721437307274224e-01, 3.9790436218559366e-01],
    [2.9786547727694742e-04, 3.2205286417714439e-02, 3.3515635505447741e-02, 1.1937679513633463e-01],
    [2.9786547727665225e-04, 3.2205286417712489e-02, 3.3515635505420055e-02, 1.1937679513606954e-01],
    [2.9786547727674457e-04, 3.2205286417728379e-02, 3.3515635505417495e-02, 1.1937679513586145e-01],
    [6.9435122729487482e-04, 2.9355116860418140e-02, 1.7400376545463803e-01, 1.7579960724930233e-01],
    [6.9435122729388267e-04, 2.9355116860372159e-02, 1.7400376545457857e-01, 1.7579960724932742e-01],
    [6.9435122729404497e-04, 2.9355116860380615e-02, 1.7400376545462781e-01, 1.7579960724921512e-01],
    [4.2395775380598479e-04, 3.1144612490086775e-02, 3.2984059987658798e-02, 3.3659752638302759e-01],
    [4.2395775380628013e-04, 3.1144612490100421e-02, 3.2984059987676714e-02, 3.3659752638270674e-01],
    [4.2395775380606610e-04, 3.1144612490078688e-02, 3.2984059987679254e-02, 3.3659752638251167e-01],
    [4.7467577437594908e-04, 3.3779125591133385e-02, 3.5739084411541416e-02, 3.3794891982642750e-01],
    [4.7467577437575523e-04, 3.3779125591118342e-02, 3.5739084411545573e-02, 3.3794891982662212e-01],
    [4.7467577437600964e-04, 3.3779125591139589e-02, 3.5739084411542943e-02, 3.3794891982609515e-01],
    [3.4216863853376726e-04, 7.4387957311673209e-03, 1.8076024957022718e-01, 2.5214086584314588e-01],
    [3.4216863853422718e-04, 7.4387957311996145e-03, 1.8076024957005621e-01, 2.5214086584332090e-01],
    [3.4216863853430481e-04, 7.4387957312143675e-03, 1.8076024957004949e-01, 2.5214086584303347e-01],
    [3.2920796447738588e-05, 6.6670804483510539e-03, 8.0675055619048794e-03, 3.8545565697390059e-02],
    [3.2920796447993829e-05, 6.6670804486589925e-03, 8.0675055617798856e-03, 3.8545565697374433e-02],
    [3.2920796448193837e-05, 6.6670804484937445e-03, 8.0675055621739385e-03, 3.8545565697480098e-02],
    [7.0523576631493831e-05, 3.8268919331673132e-03, 1.8554315054345551e-02, 1.0359366024755481e-01],
    [7.0523576631131613e-05, 3.8268919330439232e-03, 1.8554315054336849e-02, 1.0359366024800282e-01],
    [7.0523576631028546e-05, 3.8268919330296902e-03, 1.8554315054357142e-02, 1.0359366024744551e-01]
  ],
  "degree": 10
}