{
  "s31": [
    [2.7780761647206131e-04, 2.1743561619746672e-02],
    [4.4990568787338717e-03, 1.1396953481236825e-01],
    [2.9093769960594445e-03, 3.2777111272420667e-01],
    [7.4411483281552849e-03, 2.9600846991347096e-01],
    [6.7571471763999908e-03, 1.9682686450445358e-01]
  ],
  "s1111": [
    [2.6553855430640471e-04, 1.9511304085427811e-02, 1.1602308185442481e-01, 1.3559236457549412e-01],
    [2.6553855430662957e-04, 1.9511304085455990e-02, 1.1602308185431137e-01, 1.3559236457547233e-01],
    [2.6553855430713709e-04, 1.9511304085399344e-02, 1.1602308185435029e-01, 1.3559236457610602e-01],
    [6.0980394599262251e-05, 7.6210407647934464e-03, 1.2148877189189999e-02, 4.7339272628239598e-01],
    [6.0980394599449255e-05, 7.6210407646938507e-03, 1.2148877189292029e-02, 4.7339272628195050e-01],
    [6.0980394596770144e-05, 7.6210407640781019e-03, 1.2148877189242071e-02, 4.7339272628301460e-01],
    [4.0687464762454969e-04, 1.6888640189768468e-02, 2.8080286373081598e-01, 3.3896097038251483e-01],
    [4.0687464762648363e-04, 1.6888640189838822e-02, 2.8080286373039454e-01, 3.3896097038214279e-01],
    [4.0687464762349909e-04, 1.6888640189747395e-02, 2.8080286373025604e-01, 3.3896097038207224e-01],
    [2.9243995109352162e-04, 1.7304895837622229e-02, 1.4405496229613834e-01, 1.5777939673164404e-01],
    [2.9243995109294189e-04, 1.7304895837487753e-02, 1.4405496229637962e-01, 1.5777939673188016e-01],
    [2.9243995109277937e-04, 1.7304895837464696e-02, 1.4405496229628603e-01, 1.5777939673174629e-01],
    [8.2049179552754403e-04, 1.4299464016654817e-01, 1.4434886650329923e-01, 2.3847436468429842e-01],
    [8.2049179552593431e-04, 1.4299464016643376e-01, 1.4434886650293510e-01, 2.3847436468459368e-01],
    [8.2049179553244928e-04, 1.4299464016632568e-01, 1.4434886650384948e-01, 2.3847436468424643e-01],
    [1.3199801065772127e-04, 1.7798389792362958e-02, 2.5706717878954816e-02, 1.4529591088566107e-01],
    [1.3199801065771823e-04, 1.7798389792311145e-02, 2.5706717879011028e-02, 1.4529591088556307e-01],
    [1.3199801065858548e-04, 1.7798389792344965e-02, 2.5706717879022935e-02, 1.4529591088640523e-01],
    [4.8740815975552532e-04, 2.9517742503273728e-02, 1.7898218571028857e-01, 2.9699800965903317e-01],
    [4.8740815975767599e-04, 2.9517742503528413e-02, 1.7898218570986274e-01, 2.9699800965945472e-01],
    [4.8740815976211358e-04, 2.9517742503467725e-02, 1.7898218570925364e-01, 2.9699800966074535e-01],
    [4.6842680324645755e-04, 2.2189213229992601e-02, 1.5246561562993102e-01, 2.6899330170848917e-01],
    [4.6842680324624976e-04, 2.2189213230019114e-02, 1.5246561562986466e-01, 2.6899330170877683e-01],
    [4.6842680324783069e-04, 2.2189213230109469e-02, 1.5246561562987826e-01, 2.6899330170864932e-01],
    [1.8081713081763171e-04, 2.7238443897230125e-02, 2.9286198964321164e-02, 1.2133819923365255e-01],
    [1.8081713081728227e-04, 2.7238443897311088e-02, 2.9286198964183108e-02, 1.2133819923356093e-01],
    [1.8081713082167532e-04, 2.7238443897533826e-02, 2.9286198964527704e-02, 1.2133819923719941e-01],
    [5.1787603118120119e-04, 2.9602725867073430e-02, 1.9783954706656015e-01, 2.2788272251122543e-01],
    [5.1787603118133151e-04, 2.9602725867109630e-02, 1.9783954706604051e-01, 2.2788272251087446e-01],
    [5.1787603118074496e-04, 2.9602725867036772e-02, 1.9783954706630108e-01, 2.2788272251061284e-01],
    [1.1066361997134157e-04, 1.1867433748394751e-02, 3.3492028621949894e-02, 1.2629940649021273e-01],
    [1.1066361997221948e-04, 1.1867433748569771e-02, 3.3492028621908011e-02, 1.2629940649028640e-01],
    [1.1066361997177952e-04, 1.1867433748512200e-02, 3.3492028621866267e-02, 1.2629940649028892e-01],
    [5.3745165144536205e-04, 3.2298813318332412e-02, 1.3205006627164440e-01, 3.3716907007763242e-01],
    [5.3745165144516288e-04, 3.2298813318283680e-02, 1.3205006627158627e-01, 3.3716907007769220e-01],
    [5.3745165144617184e-04, 3.2298813318267200e-02, 1.3205006627164431e-01, 3.3716907007716873e-01],
    [3.4603715350649326e-04, 1.9423835151479871e-02, 7.7401388721152375e-02, 3.4650537265070852e-01],
    [3.4603715350640425e-04, 1.9423835151453739e-02, 7.7401388721027753e-02, 3.4650537265091919e-01],
    [3.4603715350760847e-04, 1.9423835151550613e-02, 7.7401388720708869e-02, 3.4650537265112147e-01],
    [2.1427073697230701e-04, 1.1875747413008566e-02, 9.3283860252799264e-02, 1.5732456624326446e-01],
    [2.1427073697269223e-04, 1.1875747413036236e-02, 9.3283860253234568e-02, 1.5732456624323241e-01],
    [2.1427073697789670e-04, 1.1875747413677388e-02, 9.3283860253151801e-02, 1.5732456624296468e-01],
    [2.6391574924729326e-04, 2.8419497023646545e-02, 3.3889506670750136e-02, 2.8016644454533174e-01],
    [2.6391574924747551e-04, 2.8419497023636525e-02, 3.3889506670834853e-02, 2.8016644454504491e-01],
    [2.6391574924164137e-04, 2.8419497023285858e-02, 3.3889506670815583e-02, 2.8016644454859252e-01],
    [1.1493450958577969e-03, 1.2754562736156447e-01, 2.6099014511387553e-01, 3.0068980385537525e-01],
    [1.1493450958580227e-03, 1.2754562736147013e-01, 2.6099014511448410e-01, 3.0068980385439886e-01],
    [1.1493450958583325e-03, 1.2754562736144653e-01, 2.6099014511382096e-01, 3.0068980385496979e-01],
    [8.3543130955394647e-04, 1.1082033247164981e-01, 1.1159670353295197e-01, 2.8649491137753197e-01],
    [8.3543130955210018e-04, 1.1082033247153550e-01, 1.1159670353313565e-01, 2.8649491137724226e-01],
    [8.3543130955254319e-04, 1.1082033247176665e-01, 1.1159670353301349e-01, 2.8649491137725708e-01],
    [9.0204678005257591e-04, 1.1488219678196310e-01, 1.2553611316683977e-01, 2.9947038537617576e-01],
    [9.0204678005216391e-04, 1.1488219678178344e-01, 1.2553611316728200e-01, 2.9947038537589821e-01],
    [9.0204678005407525e-04, 1.1488219678149469e-01, 1.2553611316750818e-01, 2.9947038537766502e-01],
    [7.2322192883996753e-04, 4.0604242191123859e-02, 2.5005324123744938e-01, 2.5076160992013785e-01],
    [7.2322192883714177e-04, 4.0604242190995510e-02, 2.5005324123763339e-01, 2.5076160992011665e-01],
    [7.2322192883846569e-04, 4.0604242191006112e-02, 2.5005324123769473e-01, 2.5076160992090624e-01],
    [2.5321703206302278e-04, 2.3446115932050118e-02, 3.2660986040084307e-02, 3.0857342082114658e-01],
    [2.5321703206310074e-04, 2.3446115932111825e-02, 3.2660986039989265e-02, 3.0857342082119915e-01],
    [2.5321703206224243e-04, 2.3446115932090547e-02, 3.2660986039900544e-02, 3.0857342082123385e-01],
    [7.2545141466942608e-04, 9.0293535626349702e-02, 9.2616745023270552e-02, 3.0909368023653183e-01],
    [7.2545141467005774e-04, 9.0293535626584681e-02, 9.2616745023019170e-02, 3.0909368023668971e-01],
    [7.2545141466852023e-04, 9.0293535625729393e-02, 9.2616745023103145e-02, 3.0909368023533013e-01],
    [6.3352480645807762e-04, 1.0023547459868574e-01, 1.0117813530851585e-01, 1.2075125363897884e-01],
    [6.3352480645834889e-04, 1.0023547459853446e-01, 1.0117813530867434e-01, 1.2075125363903039e-01],
    [6.3352480645794773e-04, 1.0023547459858989e-01, 1.0117813530979730e-01, 1.2075125363867510e-01],
    [3.0007351837565955e-04, 1.2160089235342458e-02, 1.5492858740134485e-01, 1.5795504259834281e-01],
    [3.0007351837445473e-04, 1.2160089235280780e-02, 1.5492858740173535e-01, 1.5795504259793841e-01],
    [3.0007351837441505e-04, 1.2160089235160820e-02, 1.5492858740185211e-01, 1.5795504259864218e-01],
    [6.4928011780481659e-04, 3.2736634172221876e-02, 1.3810694191731246e-01, 3.3546079683140634e-01],
    [6.4928011780369694e-04, 3.2736634172136660e-02, 1.3810694191741296e-01, 3.3546079683154334e-01],
    [6.4928011780531652e-04, 3.2736634172201379e-02, 1.3810694191743730e-01, 3.3546079683143354e-01],
    [3.0106428156422303e-04, 1.0012422257140996e-02, 1.1689819669336723e-01, 4.2262104589904609e-01],
    [3.0106428156412307e-04, 1.0012422257116627e-02, 1.1689819669338872e-01, 4.2262104589909211e-01],
    [3.0106428156141549e-04, 1.0012422256932706e-02, 1.1689819669355039e-01, 4.2262104589872840e-01],
