{
  "degree": 11,
  "weights": [1.1112304658882452e-03, 1.4635294703224835e-03, 1.4635294703822940e-03, 1.4635294703867821e-03, 2.6559268793121976e-03, 2.6559268793227083e-03, 2.6559268793332675e-03, 2.7937649379164214e-03, 2.7937649379210826e-03, 2.7937649379311466e-03, 3.1679522557852375e-03, 3.1679522557853104e-03, 3.1679522558060516e-03, 3.2703261567419433e-03, 3.2703261567812577e-03, 3.2703261567845277e-03, 4.3396111396147748e-03, 4.3396111396231613e-03, 4.3396111397202078e-03, 5.1135512600371377e-03, 5.1135512601791994e-03, 5.1135512601898428e-03, 5.1424976873353685e-03, 5.1424976873446137e-03, 5.1424976874695208e-03, 6.0770535035577075e-03, 6.0770535035582947e-03, 6.0770535035784409e-03, 6.0772087694938182e-03, 6.0772087695125463e-03, 6.0772087695144172e-03, 6.3339779817993928e-03, 6.3339779819350387e-03, 6.3339779819394119e-03, 6.3729253033537134e-03, 6.3729253033591093e-03, 6.3729253033712897e-03, 7.0185588262267045e-03, 7.0185588262306050e-03, 7.0185588262445192e-03, 7.2017644409859607e-03, 7.2017644409869139e-03, 7.2017644410158291e-03, 7.2255427574739713e-03, 7.2255427575389532e-03, 7.2255427575413523e-03, 8.3048916841537024e-03, 8.3048916841558379e-03, 8.3048916841826029e-03, 9.0309346091661316e-03, 9.0309346091731191e-03, 9.0309346092099750e-03, 9.7649915429639782e-03, 9.7649915429891924e-03, 9.7649915430356067e-03, 1.1242243277909994e-02, 1.1242243277914982e-02, 1.1242243277947936e-02, 1.1637507984237778e-02, 1.1697795834132607e-02, 1.1697795834184224e-02, 1.1697795834290725e-02, 1.2429024748337878e-02, 1.2429024748348828e-02, 1.2429024748351957e-02, 1.2898839634683910e-02, 1.2898839634688689e-02, 1.2898839634708123e-02, 1.5204595354990745e-02, 1.5204595354993864e-02, 1.5204595355000374e-02, 1.5582722827288727e-02, 1.5582722827315598e-02, 1.5582722827327597e-02, 1.7357326292091402e-02, 1.7357326292123176e-02, 1.7357326292159220e-02, 1.7410833952044485e-02, 1.7410833952066225e-02, 1.7410833952081387e-02, 1.7996227514935487e-02, 1.9691803092622424e-02, 1.9691803092661057e-02, 1.9691803092778782e-02, 2.0050351429250404e-02, 2.0050351429261037e-02, 2.0050351429294715e-02, 2.1649122721251933e-02, 2.1649122721261821e-02, 2.1649122721297806e-02, 2.7028588705599963e-02, 2.7584282300587126e-02, 2.7584282300592546e-02, 2.7584282300599981e-02, 2.9764593312621140e-02],
  "bary": [
    [2.1743561619746672e-02, 2.1743561621234919e-02, 9.3476931513936246e-01, 2.1743561619655960e-02],
    [1.2148877189242071e-02, 4.7339272628301460e-01, 5.0683735576366529e-01, 7.6210407640781019e-03],
    [4.7339272628239598e-01, 7.6210407647934464e-03, 5.0683735576362055e-01, 1.2148877189189999e-02],
    [7.6210407646938507e-03, 1.2148877189292029e-02, 5.0683735576406364e-01, 4.7339272628195050e-01],
    [8.2834113113944263e-01, 1.1867433748394751e-02, 3.3492028621949894e-02, 1.2629940649021273e-01],
    [1.2629940649028892e-01, 8.2834113113933261e-01, 3.3492028621866267e-02, 1.1867433748512200e-02],
    [1.1867433748569771e-02, 1.2629940649028640e-01, 3.3492028621908011e-02, 8.2834113113923580e-01],
    [3.8842864624955557e-02, 2.6624512164000198e-02, 2.7912602122065585e-02, 9.0662002108897866e-01],
    [9.0662002108892203e-01, 3.8842864624960650e-02, 2.7912602122096519e-02, 2.6624512164020796e-02],
    [2.6624512164004657e-02, 9.0662002108883877e-01, 2.7912602122246159e-02, 3.8842864624910441e-02],
    [1.7798389792311145e-02, 2.5706717879011028e-02, 1.4529591088556307e-01, 8.1119898144311475e-01],
    [8.1119898144302116e-01, 1.7798389792362958e-02, 1.4529591088566107e-01, 2.5706717878954816e-02],
    [2.5706717879022935e-02, 8.1119898144222691e-01, 1.4529591088640523e-01, 1.7798389792344965e-02],
    [4.3368936786546930e-01, 3.4132123840636838e-02, 4.1249745079526227e-03, 5.2805353378594133e-01],
    [5.2805353378607267e-01, 4.3368936786503254e-01, 4.1249745082620999e-03, 3.4132123840632689e-02],
    [3.4132123840565236e-02, 5.2805353378636299e-01, 4.1249745082721952e-03, 4.3368936786479961e-01],
    [2.7238443897311088e-02, 2.9286198964183108e-02, 8.2213715790494479e-01, 1.2133819923356093e-01],
    [1.2133819923365255e-01, 2.7238443897230125e-02, 8.2213715790479625e-01, 2.9286198964321164e-02],
    [2.9286198964527704e-02, 1.2133819923719941e-01, 8.2213715790073916e-01, 2.7238443897533826e-02],
    [1.0552193042126339e-01, 4.0585833871432392e-01, 4.8254715247578583e-01, 6.0725783886269036e-03],
    [4.0585833871603999e-01, 6.0725783891455720e-03, 4.8254715247363733e-01, 1.0552193042117719e-01],
    [6.0725783891617301e-03, 1.0552193042136152e-01, 4.8254715247387397e-01, 4.0585833871560278e-01],
    [7.3751582609092770e-01, 9.3283860252799264e-02, 1.1875747413008566e-02, 1.5732456624326446e-01],
    [9.3283860253234568e-02, 1.5732456624323241e-01, 1.1875747413036236e-02, 7.3751582609049682e-01],
    [1.5732456624296468e-01, 7.3751582609020616e-01, 1.1875747413677388e-02, 9.3283860253151801e-02],
    [7.5705567647551564e-01, 1.8516138669170534e-01, 2.6078434006085772e-02, 3.1704502826693251e-02],
    [1.8516138669167367e-01, 3.1704502826691953e-02, 2.6078434006099573e-02, 7.5705567647553484e-01],
    [3.1704502826690600e-02, 7.5705567647558492e-01, 2.6078434006199445e-02, 1.8516138669152507e-01],
    [3.0857342082123385e-01, 6.3531947720677506e-01, 3.2660986039900544e-02, 2.3446115932090547e-02],
    [6.3531947720671900e-01, 2.3446115932050118e-02, 3.2660986040084307e-02, 3.0857342082114658e-01],
    [2.3446115932111825e-02, 3.0857342082119915e-01, 3.2660986039989265e-02, 6.3531947720669979e-01],
    [2.8419497023285858e-02, 2.8016644454859252e-01, 6.5752455175730606e-01, 3.3889506670815583e-02],
    [2.8016644454533174e-01, 3.3889506670750136e-02, 6.5752455176027158e-01, 2.8419497023646545e-02],
    [3.3889506670834853e-02, 2.8419497023636525e-02, 6.5752455176048363e-01, 2.8016644454504491e-01],
    [7.2887324948465326e-01, 1.1602308185442481e-01, 1.3559236457549412e-01, 1.9511304085427811e-02],
    [1.1602308185431137e-01, 1.9511304085455990e-02, 1.3559236457547233e-01, 7.2887324948476040e-01],
    [1.9511304085399344e-02, 7.2887324948414434e-01, 1.3559236457610602e-01, 1.1602308185435029e-01],
    [1.4405496229628603e-01, 6.8086074513450301e-01, 1.5777939673174629e-01, 1.7304895837464696e-02],
    [1.7304895837487753e-02, 1.4405496229637962e-01, 1.5777939673188016e-01, 6.8086074513425254e-01],
    [6.8086074513459538e-01, 1.7304895837622229e-02, 1.5777939673164404e-01, 1.4405496229613834e-01],
    [1.5795504259864218e-01, 1.2160089235160820e-02, 6.7495628076434488e-01, 1.5492858740185211e-01],
    [1.5492858740173535e-01, 1.5795504259793841e-01, 6.7495628076504544e-01, 1.2160089235280780e-02],
    [1.2160089235342458e-02, 1.5492858740134485e-01, 6.7495628076496983e-01, 1.5795504259834281e-01],
    [1.0012422256932706e-02, 4.2262104589872840e-01, 4.5046833515078855e-01, 1.1689819669355039e-01],
    [1.1689819669338872e-01, 1.0012422257116627e-02, 4.5046833515040252e-01, 4.2262104589909211e-01],
    [4.2262104589904609e-01, 1.1689819669336723e-01, 4.5046833515044576e-01, 1.0012422257140996e-02],
    [5.5666940347659932e-01, 3.4650537265091919e-01, 7.7401388721027753e-02, 1.9423835151453739e-02],
    [1.9423835151479871e-02, 5.5666940347665927e-01, 7.7401388721152375e-02, 3.4650537265070852e-01],
    [3.4650537265112147e-01, 1.9423835151550613e-02, 7.7401388720708869e-02, 5.5666940347661897e-01],
    [6.1335558598727302e-01, 3.7077479919703282e-02, 3.1472491038979433e-01, 3.4842023703229363e-02],
    [3.7077479919720997e-02, 3.4842023703194391e-02, 3.1472491038981676e-01, 6.1335558598726780e-01],
    [3.4842023703217595e-02, 6.1335558598564066e-01, 3.1472491039135198e-01, 3.7077479919789713e-02],
    [3.3896097038207224e-01, 1.6888640189747395e-02, 2.8080286373025604e-01, 3.6334752569792433e-01],
    [1.6888640189768468e-02, 3.6334752569690076e-01, 2.8080286373081598e-01, 3.3896097038251483e-01],
    [3.6334752569762385e-01, 3.3896097038214279e-01, 2.8080286373039454e-01, 1.6888640189838822e-02],
