{
  "s31": [
    [2.7764962683248565e-03, 1.1768433971455627e-01],
    [5.0049985559010672e-05, 5.3360770196433120e-03],
    [1.2357388604205979e-03, 3.3249695997663564e-01],
    [6.3792882003245593e-03, 3.0532958433605634e-01],
    [7.3762418444994603e-03, 2.4821237155622888e-01]
  ],
  "s1111": [
    [8.6929220551686784e-05, 1.0833202312850784e-02, 3.5420418220240335e-02, 4.3127482811150708e-01],
    [8.6929220551690200e-05, 1.0833202312850818e-02, 3.5420418220237226e-02, 4.3127482811150997e-01],
    [8.6929220551648593e-05, 1.0833202312846228e-02, 3.5420418220232952e-02, 4.3127482811151296e-01],
    [2.6246154642822143e-04, 2.8878003387744100e-02, 1.0216956909428933e-01, 2.4743124363556329e-01],
    [2.6246154642823070e-04, 2.8878003387744482e-02, 1.0216956909429065e-01, 2.4743124363555935e-01],
    [2.6246154642824062e-04, 2.8878003387744156e-02, 1.0216956909428307e-01, 2.4743124363557167e-01],
    [5.4747716369012058e-04, 8.9552509107013886e-02, 1.3499392760946533e-01, 3.6476024919336947e-01],
    [5.4747716369010118e-04, 8.9552509107008932e-02, 1.3499392760945961e-01, 3.6476024919337846e-01],
    [5.4747716369008654e-04, 8.9552509107007738e-02, 1.3499392760945797e-01, 3.6476024919338262e-01],
    [3.5765646057253159e-04, 6.1934177978996523e-02, 7.6567784209283896e-02, 2.6005598736275176e-01],
    [3.5765646057252465e-04, 6.1934177978993664e-02, 7.6567784209272599e-02, 2.6005598736276692e-01],
    [3.5765646057251831e-04, 6.1934177978993428e-02, 7.6567784209281078e-02, 2.6005598736276914e-01],
    [6.4694494752784708e-04, 1.1476751676310612e-01, 2.3345393195130226e-01, 2.5990315408583575e-01],
    [6.4694494752778658e-04, 1.1476751676309785e-01, 2.3345393195130429e-01, 2.5990315408583431e-01],
    [6.4694494752771925e-04, 1.1476751676309900e-01, 2.3345393195131017e-01, 2.5990315408583431e-01],
    [1.1734827028053487e-04, 1.3389050883107750e-02, 2.6470351509840135e-02, 3.0506096657721032e-01],
    [1.1734827028052980e-04, 1.3389050883107550e-02, 2.6470351509839930e-02, 3.0506096657720566e-01],
    [1.1734827028054576e-04, 1.3389050883110348e-02, 2.6470351509840746e-02, 3.0506096657721465e-01],
    [4.9533271631716674e-04, 7.9943486587173596e-02, 1.2064788144254004e-01, 1.9726008533411524e-01],
    [4.9533271631718690e-04, 7.9943486587170834e-02, 1.2064788144253710e-01, 1.9726008533412207e-01],
    [4.9533271631717877e-04, 7.9943486587166546e-02, 1.2064788144253899e-01, 1.9726008533412287e-01],
    [3.0741820408057059e-04, 2.0134335322814653e-02, 1.1834290082100724e-01, 3.1557230285725657e-01],
    [3.0741820408054554e-04, 2.0134335322812939e-02, 1.1834290082101023e-01, 3.1557230285726001e-01],
    [3.0741820408053253e-04, 2.0134335322812613e-02, 1.1834290082100868e-01, 3.1557230285726134e-01],
    [3.2529316532797038e-04, 1.5383269689721757e-02, 2.3379217305788316e-01, 2.6978192498259285e-01],
    [3.2529316532801104e-04, 1.5383269689724963e-02, 2.3379217305788147e-01, 2.6978192498258957e-01],
    [3.2529316532800757e-04, 1.5383269689724689e-02, 2.3379217305788036e-01, 2.6978192498259224e-01],
    [8.1285670128322879e-04, 1.0024975437213625e-01, 2.2084175931337116e-01, 2.2744853680451599e-01],
    [8.1285670128323389e-04, 1.0024975437213807e-01, 2.2084175931337638e-01, 2.2744853680451482e-01],
    [8.1285670128320049e-04, 1.0024975437213582e-01, 2.2084175931337374e-01, 2.2744853680451213e-01],
    [7.0451962030589359e-04, 1.2738316872602098e-01, 1.3012709476202464e-01, 3.1636176225630197e-01],
    [7.0451962030581509e-04, 1.2738316872601352e-01, 1.3012709476202319e-01, 3.1636176225630908e-01],
    [7.0451962030584978e-04, 1.2738316872601518e-01, 1.3012709476202650e-01, 3.1636176225630130e-01],
    [3.6203155627964655e-04, 7.4626051327208676e-02, 8.0261017892950801e-02, 1.2803632767886103e-01],
    [3.6203155627967685e-04, 7.4626051327212492e-02, 8.0261017892949885e-02, 1.2803632767886575e-01],
    [3.6203155627966758e-04, 7.4626051327211507e-02, 8.0261017892949954e-02, 1.2803632767886799e-01],
    [1.3028044689268871e-04, 1.7656960190834695e-02, 5.9196994378421533e-02, 7.1160996481499789e-02],
    [1.3028044689268449e-04, 1.7656960190833709e-02, 5.9196994378421325e-02, 7.1160996481497832e-02],
    [1.3028044689268595e-04, 1.7656960190833709e-02, 5.9196994378421547e-02, 7.1160996481496860e-02],
    [3.2151315965423460e-04, 2.3329178913380766e-02, 8.5681573530243721e-02, 4.2682818675140061e-01],
    [3.2151315965423785e-04, 2.3329178913380572e-02, 8.5681573530242167e-02, 4.2682818675139450e-01],
    [3.2151315965423509e-04, 2.3329178913380603e-02, 8.5681573530237698e-02, 4.2682818675139439e-01],
    [1.3141556677234020e-04, 8.8276126470305805e-03, 6.1235487444195318e-02, 2.3241799895638693e-01],
    [1.3141556677237292e-04, 8.8276126470351324e-03, 6.1235487444188053e-02, 2.3241799895638715e-01],
    [1.3141556677235229e-04, 8.8276126470329102e-03, 6.1235487444186554e-02, 2.3241799895639437e-01],
    [3.8003275452983036e-04, 1.9252703650583736e-02, 1.8590040868376598e-01, 2.9224826431062267e-01],
    [3.8003275452982581e-04, 1.9252703650583264e-02, 1.8590040868376678e-01, 2.9224826431062800e-01],
    [3.8003275452983372e-04, 1.9252703650584093e-02, 1.8590040868376001e-01, 2.9224826431063344e-01],
    [1.3179946596319442e-04, 2.4359910069936375e-02, 2.4615216819615978e-02, 9.8510401460312313e-02],
    [1.3179946596319605e-04, 2.4359910069936118e-02, 2.4615216819616537e-02, 9.8510401460315145e-02],
    [1.3179946596318423e-04, 2.4359910069934987e-02, 2.4615216819615149e-02, 9.8510401460304736e-02],
    [7.8264076820539440e-04, 9.4762619029020098e-02, 2.0891149684046262e-01, 2.9182351556725106e-01],
    [7.8264076820537423e-04, 9.4762619029012674e-02, 2.0891149684046759e-01, 2.9182351556724367e-01],
    [7.8264076820539093e-04, 9.4762619029019182e-02, 2.0891149684046709e-01, 2.9182351556725011e-01],
    [4.8132418102008471e-04, 6.2018219302691080e-02, 8.0045021888606516e-02, 2.9622279508794830e-01],
    [4.8132418102007386e-04, 6.2018219302688735e-02, 8.0045021888600881e-02, 2.9622279508794580e-01],
    [4.8132418102008888e-04, 6.2018219302687361e-02, 8.0045021888606835e-02, 2.9622279508794169e-01],
    [2.2217883976580538e-04, 9.1720800700744454e-03, 1.6243346124036678e-01, 3.4253199795015121e-01],
    [2.2217883976581053e-04, 9.1720800700745946e-03, 1.6243346124037175e-01, 3.4253199795014366e-01],
    [2.2217883976578326e-04, 9.1720800700733074e-03, 1.6243346124036884e-01, 3.4253199795015143e-01],
    [1.3915113198736866e-04, 1.7851304649209532e-02, 2.3627641314443018e-02, 2.6438108150681894e-01],
    [1.3915113198738425e-04, 1.7851304649210004e-02, 2.3627641314445478e-02, 2.6438108150681333e-01],
    [1.3915113198738257e-04, 1.7851304649210101e-02, 2.3627641314444670e-02, 2.6438108150681267e-01],
    [4.8765973168648510e-04, 2.4931564040273815e-02, 2.9729015531710989e-01, 2.9744221741637300e-01],
    [4.8765973168646710e-04, 2.4931564040273524e-02, 2.9729015531710656e-01, 2.9744221741637700e-01],
    [4.8765973168647013e-04, 2.4931564040272691e-02, 2.9729015531710862e-01, 2.9744221741637239e-01],
    [3.5077178354432447e-04, 1.8281352173221133e-02, 1.5016256012779505e-01, 2.7089020392896923e-01],
    [3.5077178354433656e-04, 1.8281352173222368e-02, 1.5016256012779122e-01, 2.7089020392896618e-01],
    [3.5077178354434518e-04, 1.8281352173223010e-02, 1.5016256012779264e-01, 2.7089020392896579e-01],
    [1.7521726766209363e-04, 1.7529562182597384e-02, 3.0491279486177799e-02, 3.7710639941761742e-01],
    [1.7521726766210090e-04, 1.7529562182598823e-02, 3.0491279486178243e-02, 3.7710639941761115e-01],
    [1.7521726766212906e-04, 1.7529562182601321e-02, 3.0491279486179568e-02, 3.7710639941761326e-01],
    [1.3423251813695158e-04, 1.0206073655067538e-02, 2.9957554129591602e-02, 4.7649367468328707e-01],
    [1.3423251813696627e-04, 1.0206073655070091e-02, 2.9957554129590835e-02, 4.7649367468329235e-01],
    [1.3423251813696172e-04, 1.0206073655068695e-02, 2.9957554129591668e-02, 4.7649367468328568e-01],
