{
  "degree": 13,
  "weights": [2.4805946751688032e-04, 6.5049196222305200e-04, 6.5049196222417502e-04, 6.5049196222510819e-04, 1.2909749569538819e-03, 1.2909749569552462e-03, 1.2909749569566470e-03, 1.3408515478692891e-03, 1.3408515478704394e-03, 1.3408515478710657e-03, 1.4312081494293558e-03, 1.4312081494308141e-03, 1.4312081494311190e-03, 2.0167899854885273e-03, 2.0167899854888196e-03, 2.0167899854901428e-03, 2.0883906121472659e-03, 2.0883906121473682e-03, 2.0883906121485539e-03, 2.1307355443786337e-03, 2.1307355443806100e-03, 2.1307355443811794e-03, 2.1365037048220463e-03, 2.1365037048224813e-03, 2.1365037048238179e-03, 2.2148673949985509e-03, 2.2148673949988003e-03, 2.2148673950007419e-03, 2.2270424881335898e-03, 2.2270424881354061e-03, 2.2270424881357656e-03, 2.4127873721488239e-03, 2.4127873721513280e-03, 2.4127873721536378e-03, 2.4926113781490269e-03, 2.4926113781502178e-03, 2.4926113781502846e-03, 2.5601915875479364e-03, 2.5601915875515268e-03, 2.5601915875545496e-03, 2.7181427032341643e-03, 2.7181427032346170e-03, 2.7181427032376771e-03, 3.1101441449717382e-03, 3.1101441449719659e-03, 3.1101441449724295e-03, 3.2050362371600087e-03, 3.2050362371637852e-03, 3.2050362371666124e-03, 3.9305451524034099e-03, 3.9305451524060181e-03, 3.9305451524064752e-03, 3.9715411789194664e-03, 3.9715411789202973e-03, 3.9715411789226418e-03, 4.1427731764150533e-03, 4.1427731764157984e-03, 4.1427731764192488e-03, 4.5104246429952732e-03, 4.5104246429991208e-03, 4.5104246429993437e-03, 4.6386296817446512e-03, 4.6386296817488354e-03, 4.6386296817489204e-03, 4.7607288267157849e-03, 4.7607288267180331e-03, 4.7607288267189256e-03, 4.8015722782154494e-03, 4.8015722782179301e-03, 4.8015722782223406e-03, 4.8868551508213561e-03, 4.8868551508222660e-03, 4.8868551508297192e-03, 5.5276746744597760e-03, 5.5276746744614197e-03, 5.5276746744638379e-03, 5.5902386472013255e-03, 5.5902386472062356e-03, 5.5902386472069607e-03, 5.6328054023966337e-03, 5.6328054023969953e-03, 5.6328054023988524e-03, 6.7666225417641326e-03, 6.7666225417665699e-03, 6.7666225417667607e-03, 6.9351471438997324e-03, 6.9351471439004220e-03, 6.9351471439015122e-03, 7.0672463296431653e-03, 7.0672463296541513e-03, 7.0672463296603365e-03, 7.5833104631131808e-03, 7.5833104631139996e-03, 7.5833104631144585e-03, 7.8591607316550599e-03, 7.8591607316554207e-03, 7.8591607316563627e-03, 8.2949713433382293e-03, 8.2949713433386058e-03, 8.2949713433396119e-03, 8.6313904790763472e-03, 9.1413506340705455e-03, 9.1413506340794187e-03, 9.1413506340874990e-03, 9.3203285367441657e-03, 9.3203285367464035e-03, 9.3203285367529469e-03, 9.4713717207180210e-03, 9.4713717207193515e-03, 9.4713717207194226e-03, 9.6586732097363511e-03, 9.6586732097384935e-03, 9.6586732097385265e-03, 1.0081296835789552e-02, 1.0081296835790765e-02, 1.0081296835792267e-02, 1.0658717477423064e-02, 1.0658717477430180e-02, 1.0658717477436935e-02, 1.0852431676790742e-02, 1.0852431676791998e-02, 1.0852431676793183e-02, 1.1462750188313086e-02, 1.1462750188316979e-02, 1.1462750188320842e-02, 1.2764679941297026e-02, 1.2764679941299435e-02, 1.2764679941304761e-02, 1.4040136683705590e-02, 1.5360697127489697e-02, 1.5360697127492003e-02, 1.5360697127492148e-02, 1.5426817512463744e-02, 1.5426817512466884e-02, 1.5426817512468162e-02, 1.7005682623471331e-02, 1.7770131332723479e-02, 1.7770131332724814e-02, 1.7770131332726168e-02, 1.8700565970680226e-02, 1.8700565970680386e-02, 1.8700565970683421e-02, 1.9820199409248743e-02, 1.9820199409254963e-02, 1.9820199409256931e-02, 2.5823644619383669e-02],
  "bary": [
    [1.0345107256587960e-02, 1.0345107256523656e-02, 9.6896467823028809e-01, 1.0345107256600317e-02],
    [9.4128114935230933e-01, 8.9130123624666120e-03, 3.0236874510999979e-02, 1.9568963774224079e-02],
    [8.9130123624835654e-03, 1.9568963774239338e-02, 3.0236874511006949e-02, 9.4128114935227014e-01],
    [1.9568963774270913e-02, 9.4128114935223584e-01, 3.0236874511006574e-02, 8.9130123624867261e-03],
    [8.6031452629629478e-03, 8.8449206822483928e-01, 2.5449003903619930e-02, 8.1455782608577887e-02],
    [8.1455782608604130e-02, 8.6031452629759860e-03, 2.5449003903626356e-02, 8.8449206822479354e-01],
    [8.8449206822478854e-01, 8.1455782608582342e-02, 2.5449003903639918e-02, 8.6031452629891994e-03],
    [7.9155949175435558e-02, 8.7881874683590999e-01, 8.4121586583888689e-03, 3.3613145330265583e-02],
    [3.3613145330244808e-02, 7.9155949175391926e-02, 8.4121586584149748e-03, 8.7881874683594829e-01],
    [8.7881874683595662e-01, 3.3613145330236578e-02, 8.4121586584234732e-03, 7.9155949175383336e-02],
    [2.0724529261209015e-02, 2.8209386754178523e-01, 5.8966885365365779e-03, 6.9128491466046915e-01],
    [6.9128491466052377e-01, 2.0724529261211114e-02, 5.8966885365508556e-03, 2.8209386754171428e-01],
    [2.8209386754170301e-01, 6.9128491466053299e-01, 5.8966885365562948e-03, 2.0724529261207644e-02],
    [6.6061250441802699e-01, 4.2385095055179900e-03, 3.0590641935369994e-01, 2.9242566722755103e-02],
    [4.2385095055250876e-03, 2.9242566722753313e-02, 3.0590641935371699e-01, 6.6061250441800468e-01],
    [2.9242566722754649e-02, 6.6061250441795605e-01, 3.0590641935375457e-01, 4.2385095055347821e-03],
    [8.1087266514481249e-01, 3.1451810047679371e-02, 1.4652045906116959e-01, 1.1155065746338538e-02],
    [1.1155065746344813e-02, 8.1087266514483924e-01, 1.4652045906116523e-01, 3.1451810047650686e-02],
    [3.1451810047659248e-02, 1.1155065746349960e-02, 1.4652045906114786e-01, 8.1087266514484291e-01],
    [1.3371428943525781e-02, 6.1145279118325901e-02, 1.0745712974380965e-01, 8.1802616219433866e-01],
    [6.1145279118296633e-02, 8.1802616219429680e-01, 1.0745712974384927e-01, 1.3371428943557334e-02],
    [8.1802616219441238e-01, 1.3371428943564065e-02, 1.0745712974379354e-01, 6.1145279118230006e-02],
    [7.4144609772359574e-03, 6.9552887484913473e-01, 2.8213812405463338e-02, 2.6884285176816597e-01],
    [6.9552887484912151e-01, 2.6884285176817602e-01, 2.8213812405461947e-02, 7.4144609772405223e-03],
    [2.6884285176817507e-01, 7.4144609772575747e-03, 2.8213812405450421e-02, 6.9552887484911685e-01],
    [2.4774296905978210e-02, 7.4822221773924447e-03, 5.2132878095399227e-01, 4.4641469996263705e-01],
    [7.4822221774012241e-03, 4.4641469996257110e-01, 5.2132878095406510e-01, 2.4774296905962556e-02],
    [4.4641469996263672e-01, 2.4774296905981930e-02, 5.2132878095397306e-01, 7.4822221774082376e-03],
    [2.1129659699380431e-02, 9.0351833403498283e-02, 8.6581765678533995e-01, 2.2700850111781357e-02],
    [9.0351833403595413e-02, 2.2700850111790183e-02, 8.6581765678522182e-01, 2.1129659699392622e-02],
    [2.2700850111793350e-02, 2.1129659699392400e-02, 8.6581765678519174e-01, 9.0351833403622517e-02],
    [3.4179307423202115e-01, 2.5941652651873259e-03, 5.7976853458511146e-01, 7.5844225917680030e-02],
    [2.5941652652100408e-03, 7.5844225917682667e-02, 5.7976853458507549e-01, 3.4179307423203176e-01],
    [7.5844225917695449e-02, 3.4179307423208455e-01, 5.7976853458500199e-01, 2.5941652652180514e-03],
    [4.8477465715874124e-01, 4.8106413770281248e-01, 1.8330570787562363e-02, 1.5830634350883919e-02],
    [4.8106413770279244e-01, 1.5830634350901519e-02, 1.8330570787551792e-02, 4.8477465715875429e-01],
    [1.5830634350898303e-02, 4.8477465715878265e-01, 1.8330570787562058e-02, 4.8106413770275702e-01],
    [1.6761371966599967e-01, 7.0864310892349636e-01, 2.9144666413564412e-03, 1.2082870476914750e-01],
    [7.0864310892357030e-01, 1.2082870476910874e-01, 2.9144666413856413e-03, 1.6761371966593533e-01],
    [1.2082870476910880e-01, 1.6761371966595429e-01, 2.9144666414104908e-03, 7.0864310892352644e-01],
    [5.1829814153632990e-02, 7.6718352224256825e-01, 1.2759037900058423e-02, 1.6822762570374036e-01],
    [7.6718352224253705e-01, 1.6822762570376415e-01, 1.2759037900064746e-02, 5.1829814153634052e-02],
    [1.6822762570371427e-01, 5.1829814153654931e-02, 1.2759037900088066e-02, 7.6718352224254271e-01],
