{
  "_ERR": "TODO upstream only reports degree 13",
  "degree": 14,
  "s31": [
    [2.1578476197690868e-03, 9.5117000728892703e-02],
    [6.2014866879220079e-05, 1.0345107256587960e-02],
    [4.2514206558678328e-03, 3.0955501834305127e-01],
    [3.5100341709263976e-03, 1.6686328704167092e-01],
    [6.4559111548459173e-03, 2.5055888693958239e-01]
  ],
  "s1111": [
    [8.8780647682549141e-05, 1.3371428943564065e-02, 6.1145279118230006e-02, 1.0745712974379354e-01],
    [8.8780647682443065e-05, 1.3371428943525781e-02, 6.1145279118325901e-02, 1.0745712974380965e-01],
    [8.8780647682525410e-05, 1.3371428943557334e-02, 6.1145279118296633e-02, 1.0745712974384927e-01],
    [2.9446859706892299e-04, 5.2855440983364477e-02, 8.2914520433044397e-02, 4.0009792962989127e-01],
    [2.9446859706918070e-04, 5.2855440983355539e-02, 8.2914520433039929e-02, 4.0009792963000801e-01],
    [2.9446859706846524e-04, 5.2855440983309819e-02, 8.2914520432938787e-02, 4.0009792963012653e-01],
    [2.0361896461790498e-04, 3.0670867576084143e-02, 6.5969111707192718e-02, 4.1644212779928952e-01],
    [2.0361896461759441e-04, 3.0670867576062383e-02, 6.5969111707154415e-02, 4.1644212779934042e-01],
    [2.0361896461755651e-04, 3.0670867576085559e-02, 6.5969111707184461e-02, 4.1644212779919426e-01],
    [1.1325594596823655e-04, 1.2759037900088066e-02, 5.1829814153654931e-02, 1.6822762570371427e-01],
    [1.1325594596809018e-04, 1.2759037900058423e-02, 5.1829814153632990e-02, 1.6822762570374036e-01],
    [1.1325594596810905e-04, 1.2759037900064746e-02, 5.1829814153634052e-02, 1.6822762570376415e-01],
    [1.0385880742292852e-04, 1.5830634350898303e-02, 1.8330570787562058e-02, 4.8106413770275702e-01],
    [1.0385880742287613e-04, 1.5830634350883919e-02, 1.8330570787562363e-02, 4.8106413770281248e-01],
    [1.0385880742292574e-04, 1.5830634350901519e-02, 1.8330570787551792e-02, 4.8106413770279244e-01],
    [2.3292661030005523e-04, 1.0681523063550139e-02, 2.1244175926656111e-01, 3.7044255595817627e-01],
    [2.3292661030029004e-04, 1.0681523063570161e-02, 2.1244175926654568e-01, 3.7044255595805675e-01],
    [2.3292661030025982e-04, 1.0681523063569924e-02, 2.1244175926661554e-01, 3.7044255595808345e-01],
    [3.1597126929638252e-04, 1.7826060900778536e-02, 2.8747063589288824e-01, 3.0908600949137460e-01],
    [3.1597126929641667e-04, 1.7826060900777652e-02, 2.8747063589288058e-01, 3.0908600949137166e-01],
    [3.1597126929643575e-04, 1.7826060900781870e-02, 2.8747063589288180e-01, 3.0908600949136994e-01],
    [1.9836370111328856e-04, 9.6089523483550016e-03, 2.1734734626390292e-01, 2.7207744154279861e-01],
    [1.9836370111315770e-04, 9.6089523483376925e-03, 2.1734734626392255e-01, 2.7207744154271168e-01],
    [1.9836370111325137e-04, 9.6089523483474382e-03, 2.1734734626391997e-01, 2.7207744154276570e-01],
    [4.7761459117987411e-04, 7.8850996951441529e-02, 1.6634216529447968e-01, 2.2147910683366070e-01],
    [4.7761459117971191e-04, 7.8850996951403005e-02, 1.6634216529447990e-01, 2.2147910683369557e-01],
    [4.7761459118003511e-04, 7.8850996951445096e-02, 1.6634216529445950e-01, 2.2147910683362440e-01],
    [1.2958933937382242e-04, 1.8150246091703050e-02, 4.1443167339812091e-02, 1.6038086409573984e-01],
    [1.2958933937385123e-04, 1.8150246091710301e-02, 4.1443167339804750e-02, 1.6038086409578189e-01],
    [1.2958933937383190e-04, 1.8150246091711238e-02, 4.1443167339776162e-02, 1.6038086409582114e-01],
    [6.4278406301950680e-04, 1.0243087892296485e-01, 2.1889979701801682e-01, 2.7666877581829485e-01],
    [6.4278406301932270e-04, 1.0243087892291503e-01, 2.1889979701798692e-01, 2.7666877581837401e-01],
    [6.4278406301945346e-04, 1.0243087892291142e-01, 2.1889979701797310e-01, 2.7666877581841720e-01],
    [2.8194260590683884e-04, 1.7562309236326346e-02, 1.5903422346595258e-01, 3.4143201486678126e-01],
    [2.8194260590694834e-04, 1.7562309236333489e-02, 1.5903422346592891e-01, 3.4143201486680635e-01],
    [2.8194260590694043e-04, 1.7562309236336560e-02, 1.5903422346593643e-01, 3.4143201486681957e-01],
    [1.9327623673953836e-04, 1.2272548167279483e-02, 1.5209836519989314e-01, 1.7364566915828669e-01],
    [1.9327623673936047e-04, 1.2272548167264160e-02, 1.5209836519994849e-01, 1.7364566915830848e-01],
    [1.9327623673953481e-04, 1.2272548167282682e-02, 1.5209836519989467e-01, 1.7364566915835761e-01],
    [5.3186166422070937e-04, 7.7318648843303403e-02, 1.8278164175324471e-01, 1.9608617551305166e-01],
    [5.3186166422103170e-04, 7.7318648843335752e-02, 1.8278164175325479e-01, 1.9608617551308219e-01],
    [5.3186166422080977e-04, 7.7318648843308205e-02, 1.8278164175317207e-01, 1.9608617551317237e-01],
    [2.3031977810265990e-04, 6.1807437254339889e-02, 7.2172897942185024e-02, 8.6397571906464535e-02],
    [2.3031977810255915e-04, 6.1807437254311121e-02, 7.2172897942206632e-02, 8.6397571906382434e-02],
    [2.3031977810249066e-04, 6.1807437254284427e-02, 7.2172897942131858e-02, 8.6397571906430631e-02],
    [2.7103831759293833e-05, 8.9130123624666120e-03, 1.9568963774224079e-02, 3.0236874510999979e-02],
    [2.7103831759340627e-05, 8.9130123624835654e-03, 1.9568963774239338e-02, 3.0236874511006949e-02],
    [2.7103831759379509e-05, 8.9130123624867261e-03, 1.9568963774270913e-02, 3.0236874511006574e-02],
    [3.8088960975293942e-04, 2.8904363524835358e-02, 1.7358023584509186e-01, 3.5708248421800143e-01],
    [3.8088960975364577e-04, 2.8904363524887757e-02, 1.7358023584508941e-01, 3.5708248421802302e-01],
    [3.8088960975330913e-04, 2.8904363524861976e-02, 1.7358023584506413e-01, 3.5708248421799255e-01],
    [9.2793437005641923e-05, 2.1129659699392622e-02, 2.2700850111790183e-02, 9.0351833403595413e-02],
    [9.2793437005656899e-05, 2.1129659699392400e-02, 2.2700850111793350e-02, 9.0351833403622517e-02],
    [9.2793437005566246e-05, 2.1129659699380431e-02, 2.2700850111781357e-02, 9.0351833403498283e-02],
    [3.4562380597244192e-04, 2.1488312702070869e-02, 2.1273490919972074e-01, 3.2060729886500361e-01],
    [3.4562380597242620e-04, 2.1488312702066938e-02, 2.1273490919973542e-01, 3.2060729886504835e-01],
    [3.4562380597248383e-04, 2.1488312702074519e-02, 2.1273490919973614e-01, 3.2060729886501244e-01],
    [3.8834702236434024e-04, 7.1957845227071451e-02, 8.0238501162264816e-02, 2.3031700528567439e-01],
    [3.8834702236443348e-04, 7.1957845227063902e-02, 8.0238501162295903e-02, 2.3031700528572535e-01],
    [3.8834702236470610e-04, 7.1957845227130529e-02, 8.0238501162327350e-02, 2.3031700528563259e-01],
    [3.9464048836330929e-04, 7.0656012646256705e-02, 9.4528812197553116e-02, 1.7517767520097849e-01],
    [3.9464048836325086e-04, 7.0656012646294883e-02, 9.4528812197515882e-02, 1.7517767520095590e-01],
    [3.9464048836330631e-04, 7.0656012646218125e-02, 9.4528812197543721e-02, 1.7517767520092067e-01],
    [5.9633672892963290e-05, 5.8966885365562948e-03, 2.0724529261207644e-02, 2.8209386754170301e-01],
    [5.9633672892950584e-05, 5.8966885365508556e-03, 2.0724529261211114e-02, 2.8209386754171428e-01],
    [5.9633672892889828e-05, 5.8966885365365779e-03, 2.0724529261209015e-02, 2.8209386754178523e-01],
    [2.3470022509995217e-04, 1.7577541940982003e-02, 8.0801188066440599e-02, 3.1706902805700343e-01],
    [2.3470022509985974e-04, 1.7577541940974235e-02, 8.0801188066431898e-02, 3.1706902805700443e-01],
    [2.3470022509987481e-04, 1.7577541940972816e-02, 8.0801188066463983e-02, 3.1706902805694465e-01],
    [7.4042213886359035e-04, 9.6634618135364281e-02, 2.3058085944453788e-01, 3.1384152134290433e-01],
    [7.4042213886353397e-04, 9.6634618135365863e-02, 2.3058085944456400e-01, 3.1384152134292642e-01],
    [7.4042213886347825e-04, 9.6634618135358577e-02, 2.3058085944453319e-01, 3.1384152134290394e-01],
    [2.8896446432922970e-04, 2.5254850395035781e-02, 8.9025666990711752e-02, 3.3860421626311665e-01],
    [2.8896446432915554e-04, 2.5254850395038875e-02, 8.9025666990687286e-02, 3.3860421626309972e-01],
