{
  "_ERR": "TODO upstream only reports degree 14",
  "degree": 15,
  "s31": [
    [3.7223826753680946e-03, 3.0291811932930141e-01],
    [3.3157617888857953e-05, 6.8577036809597085e-03],
    [4.0548175962626439e-03, 1.6588752025509196e-01],
    [1.1899308488515616e-03, 7.7815923168826004e-02],
    [7.1898821340797634e-04, 3.3172395261500143e-01],
    [4.7672395772382671e-03, 2.4322103194151506e-01]
  ],
  "s1111": [
    [1.8000777822828868e-04, 6.6140784299945701e-02, 7.1623804800797344e-02, 2.1536932251427945e-01],
    [1.8000777822893454e-04, 6.6140784299325184e-02, 7.1623804800156246e-02, 2.1536932251566915e-01],
    [1.8000777823016460e-04, 6.6140784299280178e-02, 7.1623804801097132e-02, 2.1536932251507906e-01],
    [2.7915214654755069e-04, 8.4003118730168913e-02, 1.0503653090556994e-01, 2.4032632597437198e-01],
    [2.7915214654723936e-04, 8.4003118730167012e-02, 1.0503653090825311e-01, 2.4032632597186099e-01],
    [2.7915214654613451e-04, 8.4003118729865489e-02, 1.0503653090737698e-01, 2.4032632597281661e-01],
    [6.4876546815314986e-05, 1.4555376263080080e-02, 2.0325545061545963e-02, 2.4311158083453546e-01],
    [6.4876546817965128e-05, 1.4555376263444185e-02, 2.0325545061407921e-02, 2.4311158083562945e-01],
    [6.4876546813834521e-05, 1.4555376263063496e-02, 2.0325545061458790e-02, 2.4311158083537063e-01],
    [1.5348241751233645e-04, 1.2529059808041053e-02, 1.2194064612228658e-01, 3.1577073084926266e-01],
    [1.5348241751317749e-04, 1.2529059808103527e-02, 1.2194064612155928e-01, 3.1577073085006863e-01],
    [1.5348241751351753e-04, 1.2529059808109699e-02, 1.2194064612202737e-01, 3.1577073085129626e-01],
    [1.4476970634436383e-04, 1.2946333151848337e-02, 8.4978044265884400e-02, 3.8456209686503573e-01],
    [1.4476970634449577e-04, 1.2946333151891306e-02, 8.4978044265666117e-02, 3.8456209686477211e-01],
    [1.4476970634365308e-04, 1.2946333151605658e-02, 8.4978044265930766e-02, 3.8456209686453158e-01],
    [4.6206762980305843e-04, 1.2714667626932613e-01, 1.6775247028179924e-01, 3.4655632628529370e-01],
    [4.6206762980383298e-04, 1.2714667626975826e-01, 1.6775247028167473e-01, 3.4655632628403832e-01],
    [4.6206762979956540e-04, 1.2714667626909157e-01, 1.6775247028324503e-01, 3.4655632628380023e-01],
    [1.6130289070534026e-04, 1.6992627065668162e-02, 1.0488667854935833e-01, 2.2473267551866191e-01],
    [1.6130289070717555e-04, 1.6992627065998342e-02, 1.0488667854884910e-01, 2.2473267551858664e-01],
    [1.6130289070623570e-04, 1.6992627065828849e-02, 1.0488667854954005e-01, 2.2473267551765527e-01],
    [3.5627297036078796e-04, 8.9235684687598710e-02, 9.2817154000513477e-02, 3.0640477477896050e-01],
    [3.5627297035851157e-04, 8.9235684688617659e-02, 9.2817153999807236e-02, 3.0640477477866640e-01],
    [3.5627297036158143e-04, 8.9235684688270325e-02, 9.2817154000416666e-02, 3.0640477477872680e-01],
    [1.2627990501536200e-04, 7.2943553813041989e-03, 2.0684956133003721e-01, 2.4537631522293177e-01],
    [1.2627990501667190e-04, 7.2943553815517223e-03, 2.0684956133010135e-01, 2.4537631522168768e-01],
    [1.2627990501674937e-04, 7.2943553813741846e-03, 2.0684956133125029e-01, 2.4537631522196007e-01],
    [3.7949448382333331e-04, 9.7372033635329147e-02, 1.0073440141128664e-01, 3.0898469281738711e-01],
    [3.7949448382125825e-04, 9.7372033636344169e-02, 1.0073440141218484e-01, 3.0898469281863339e-01],
    [3.7949448382362046e-04, 9.7372033634690769e-02, 1.0073440141062313e-01, 3.0898469281773133e-01],
    [4.1877763126005813e-05, 8.8349865428751784e-03, 9.2473636178322226e-03, 3.9901390622718141e-01],
    [4.1877763126474236e-05, 8.8349865430195351e-03, 9.2473636179073448e-03, 3.9901390622540300e-01],
    [4.1877763127237481e-05, 8.8349865430867348e-03, 9.2473636182038577e-03, 3.9901390622184085e-01],
    [8.6029703769723487e-05, 1.6080350012748823e-02, 2.1520825534560972e-02, 3.7912080846046370e-01],
    [8.6029703769413933e-05, 1.6080350012691397e-02, 2.1520825534508025e-02, 3.7912080846438195e-01],
    [8.6029703769909685e-05, 1.6080350013137418e-02, 2.1520825534352916e-02, 3.7912080845879098e-01],
    [4.1606288992638266e-05, 1.4467621640463875e-02, 1.7734143862101495e-02, 6.8833173958859795e-02],
    [4.1606288993153655e-05, 1.4467621640648867e-02, 1.7734143862154092e-02, 6.8833173958335450e-02],
    [4.1606288992388852e-05, 1.4467621640216980e-02, 1.7734143862307622e-02, 6.8833173958811833e-02],
    [8.3888219636880156e-05, 2.7476239716159034e-03, 2.7645570880418396e-01, 3.3615096361680358e-01],
    [8.3888219636360715e-05, 2.7476239713549915e-03, 2.7645570880379944e-01, 3.3615096361651409e-01],
    [8.3888219634588098e-05, 2.7476239710747530e-03, 2.7645570880599035e-01, 3.3615096361808788e-01],
    [1.5842383663707051e-04, 8.5689669051058175e-03, 2.2735638687752818e-01, 2.3367686225129877e-01],
    [1.5842383663697277e-04, 8.5689669051355281e-03, 2.2735638687766158e-01, 2.3367686225072859e-01],
    [1.5842383663757545e-04, 8.5689669051960023e-03, 2.2735638687684140e-01, 2.3367686225047427e-01],
    [3.4204157997896282e-04, 7.2361551204518634e-02, 7.8374240525579300e-02, 3.7618181369129411e-01],
    [3.4204157997680520e-04, 7.2361551204655553e-02, 7.8374240525731886e-02, 3.7618181369118386e-01],
    [3.4204157997347486e-04, 7.2361551204899829e-02, 7.8374240525304409e-02, 3.7618181369319248e-01],
    [8.4930632947136464e-05, 4.9313252260670421e-03, 9.1990467893436179e-02, 3.5085999644596799e-01],
    [8.4930632949587411e-05, 4.9313252264271013e-03, 9.1990467893655725e-02, 3.5085999644564375e-01],
    [8.4930632951681033e-05, 4.9313252269524025e-03, 9.1990467893043729e-02, 3.5085999644508137e-01],
    [1.5871975497691848e-04, 1.3411164646971270e-02, 9.6012829340792874e-02, 2.2927780233401257e-01],
    [1.5871975497805954e-04, 1.3411164647151780e-02, 9.6012829340657274e-02, 2.2927780233386791e-01],
    [1.5871975497758802e-04, 1.3411164647075646e-02, 9.6012829340418507e-02, 2.2927780233499742e-01],
    [7.2405866852867355e-05, 1.9046133856294917e-02, 2.2289636444338491e-02, 1.2428033912177872e-01],
    [7.2405866853030975e-05, 1.9046133856296305e-02, 2.2289636444387969e-02, 1.2428033912088415e-01],
    [7.2405866853574404e-05, 1.9046133856306106e-02, 2.2289636444384753e-02, 1.2428033912336922e-01],
    [1.6457771577422996e-04, 7.6675079395350232e-03, 2.6125966949594809e-01, 3.0063148274543244e-01],
    [1.6457771577575646e-04, 7.6675079396826386e-03, 2.6125966949604595e-01, 3.0063148274454654e-01],
    [1.6457771577444845e-04, 7.6675079397293122e-03, 2.6125966949521745e-01, 3.0063148274476820e-01],
    [4.3609580975790776e-04, 6.2304046779080767e-02, 2.1451162810888516e-01, 2.1600654434562205e-01],
    [4.3609580975499619e-04, 6.2304046778775851e-02, 2.1451162811032867e-01, 2.1600654434621913e-01],
    [4.3609580975679640e-04, 6.2304046778809144e-02, 2.1451162810991573e-01, 2.1600654434609654e-01],
    [2.2601705411081689e-04, 1.7241394057909060e-02, 1.1453359412867894e-01, 3.9429915689815503e-01],
    [2.2601705411140355e-04, 1.7241394057918309e-02, 1.1453359412850894e-01, 3.9429915690011103e-01],
    [2.2601705411212514e-04, 1.7241394057938932e-02, 1.1453359412891555e-01, 3.9429915689852640e-01],
    [6.5587714194609967e-05, 1.8830992564022375e-02, 1.9565349407892452e-02, 7.9687330561579020e-02],
    [6.5587714192959324e-05, 1.8830992563699432e-02, 1.9565349407686394e-02, 7.9687330559809810e-02],
    [6.5587714195155375e-05, 1.8830992564042193e-02, 1.9565349407988392e-02, 7.9687330562541736e-02],
    [1.2798182064528455e-04, 1.9749951346152195e-02, 7.5861812032956791e-02, 9.8577040799585250e-02],
    [1.2798182064518521e-04, 1.9749951346139112e-02, 7.5861812032311016e-02, 9.8577040798922599e-02],
    [1.2798182064511194e-04, 1.9749951346202846e-02, 7.5861812032728723e-02, 9.8577040799089966e-02],
    [6.2932637270921864e-05, 1.0156208792588335e-02, 1.9522912627666013e-02, 1.9933085565346484e-01],
    [6.2932637271233491e-05, 1.0156208792659315e-02, 1.9522912627698553e-02, 1.9933085565366768e-01],
