{
  "degree": 4,
  "weights": [3.9251090924839957e-02, 5.5273369155936898e-02, 5.5393798871576368e-02, 5.9933185146559528e-02, 6.9469965937635367e-02, 7.6162715245558357e-02, 7.9426680068025307e-02, 1.0646803415549010e-01, 1.1023423242849766e-01, 1.5497611601624608e-01, 1.9341081204963445e-01],
  "bary": [
    [1.7469405869723059e-01, 4.0490506727590428e-02, 1.3560701879802881e-02, 7.7125473269537614e-01],
    [8.1404918402859253e-02, 7.5250850700965499e-01, 6.8099370938206658e-02, 9.7987203649279112e-02],
    [7.4122888209362259e-01, 6.7223294893383398e-02, 3.5183929773598716e-02, 1.5636389323939529e-01],
    [5.3341239535745183e-02, 4.1926631387951302e-01, 4.7781435559086663e-02, 4.7961101102565507e-01],
    [4.3295349048135562e-01, 4.5076587609127683e-01, 5.9456616299433829e-02, 5.6824017127933668e-02],
    [5.3800720391618573e-01, 1.2941137378891041e-01, 3.3019041483746447e-01, 2.3910074574393647e-03],
    [8.9912600933357793e-03, 1.2154199133392780e-01, 3.0649398842969028e-01, 5.6297276014304609e-01],
    [1.0660417256199363e-01, 9.7204644587583267e-02, 6.8439041545304002e-01, 1.1180076739738309e-01],
    [3.2923295974264688e-01, 2.9569495206479612e-02, 3.1790356021339461e-01, 3.2329398483747895e-01],
    [1.0384411641099316e-01, 4.3271023904776856e-01, 3.5382323920929709e-01, 1.0962240533194123e-01],
    [3.0444840243449683e-01, 2.4027666492807262e-01, 1.2680172591539202e-01, 3.2847320672203845e-01]
  ]
}
