{
  "degree": 5,
  "weights": [4.2546020777081424e-02, 4.2546020777081452e-02, 4.2546020777081452e-02, 4.2546020777081472e-02, 4.2546020777081472e-02, 4.2546020777081486e-02, 7.3493043116361914e-02, 7.3493043116361914e-02, 7.3493043116361928e-02, 7.3493043116361956e-02, 1.1268792571801584e-01, 1.1268792571801584e-01, 1.1268792571801584e-01, 1.1268792571801593e-01],
  "bary": [
    [4.5449629587435025e-01, 4.5449629587435042e-01, 4.5503704125649622e-02, 4.5503704125649705e-02],
    [4.5503704125649670e-02, 4.5449629587435036e-01, 4.5449629587435042e-01, 4.5503704125649580e-02],
    [4.5503704125649726e-02, 4.5449629587435025e-01, 4.5503704125649691e-02, 4.5449629587435031e-01],
    [4.5449629587435025e-01, 4.5503704125649663e-02, 4.5449629587435036e-01, 4.5503704125649747e-02],
    [4.5449629587435025e-01, 4.5503704125649684e-02, 4.5503704125649622e-02, 4.5449629587435048e-01],
    [4.5503704125649698e-02, 4.5503704125649663e-02, 4.5449629587435036e-01, 4.5449629587435025e-01],
    [9.2735250310891276e-02, 7.2179424906732625e-01, 9.2735250310891221e-02, 9.2735250310891276e-02],
    [7.2179424906732603e-01, 9.2735250310891276e-02, 9.2735250310891290e-02, 9.2735250310891401e-02],
    [9.2735250310891318e-02, 9.2735250310891137e-02, 9.2735250310891290e-02, 7.2179424906732625e-01],
    [9.2735250310891304e-02, 9.2735250310891304e-02, 7.2179424906732625e-01, 9.2735250310891026e-02],
    [3.1088591926330061e-01, 6.7342242210098310e-02, 3.1088591926330056e-01, 3.1088591926330045e-01],
    [6.7342242210098241e-02, 3.1088591926330056e-01, 3.1088591926330067e-01, 3.1088591926330056e-01],
    [3.1088591926330061e-01, 3.1088591926330073e-01, 3.1088591926330056e-01, 6.7342242210098047e-02],
    [3.1088591926330056e-01, 3.1088591926330067e-01, 6.7342242210098144e-02, 3.1088591926330061e-01]
  ]
}
