{
  "degree": 9,
  "weights": [4.2972096264272510e-03, 5.4466626867779918e-03, 5.5010522498401453e-03, 5.8501596829878474e-03, 6.6011405554390785e-03, 6.7414004216254063e-03, 7.0316512946660761e-03, 7.0467726943575079e-03, 7.0936881349106182e-03, 7.1057800962374823e-03, 7.1400397161996212e-03, 7.1997862210461637e-03, 7.8801409782249063e-03, 8.0212105352560036e-03, 8.1983002837290615e-03, 8.2962357628501814e-03, 9.1465706848985091e-03, 9.1651943952940629e-03, 9.7794025741499077e-03, 9.8253611048022028e-03, 1.0311485863602353e-02, 1.1624953133410080e-02, 1.1762536539246457e-02, 1.2572907122473883e-02, 1.2975258223343836e-02, 1.2987531137809566e-02, 1.3085869543080235e-02, 1.3231102905647741e-02, 1.3273916046749306e-02, 1.3286250390967605e-02, 1.3677235408552986e-02, 1.4266446085342804e-02, 1.4895548350712315e-02, 1.5118778991604504e-02, 1.5383732794913197e-02, 1.5717377273441711e-02, 1.6475390778087722e-02, 1.9888810606570859e-02, 2.1354299709918308e-02, 2.2380711017266325e-02, 2.3009489221770374e-02, 2.5292626816845853e-02, 2.5392511406347337e-02, 2.5651881981781335e-02, 2.6280492683748515e-02, 2.6375588417965681e-02, 2.8127218645736515e-02, 3.1845304610108711e-02, 3.2639708828021204e-02, 3.3121074422278005e-02, 3.5220362633411433e-02, 3.5279364743081430e-02, 3.5716532698234930e-02, 3.8221085913953422e-02, 4.1875347713289185e-02, 4.5211383079215454e-02, 4.9102124561748603e-02],
  "bary": [
    [6.8913668392951589e-03, 7.2038072033591982e-01, 2.4407866354067531e-01, 2.8649249284109723e-02],
    [1.5557890830272592e-01, 7.8302383806765674e-01, 3.7227314060744351e-02, 2.4169939568872992e-02],
    [8.8477359526231447e-01, 3.7467155821041126e-02, 4.3139849450038265e-02, 3.4619399466606138e-02],
    [4.0385771276057691e-02, 2.2334766781360094e-01, 7.2372409480706701e-01, 1.2542466103274363e-02],
    [5.1528506155727705e-01, 4.4052140484732311e-01, 3.3074356925428323e-02, 1.1119176669971524e-02],
    [3.4740224418428993e-02, 8.7398428446928267e-01, 4.8029733887250618e-02, 4.3245757225037769e-02],
    [2.7375496915228714e-01, 5.8661940636785115e-01, 1.3317371325339256e-01, 6.4519112264691536e-03],
    [3.1387836692626570e-02, 2.3024766897829327e-02, 2.0101510999608785e-01, 7.4457228641345630e-01],
    [4.1954732007687554e-02, 4.2066485409878507e-02, 8.7519602652840556e-01, 4.0782756054028368e-02],
    [2.1335378046222161e-01, 1.4923823978476858e-02, 7.2761122983063997e-01, 4.4111165728661583e-02],
    [5.1373682038608523e-02, 7.3789844937506799e-01, 1.0524870065729611e-02, 2.0020299852059392e-01],
    [1.1679187767353359e-02, 3.9677120515915043e-02, 4.7317164143189000e-01, 4.7547205028484157e-01],
    [6.1234080218208642e-01, 1.4321434039782344e-01, 6.6621790874375720e-04, 2.4377863951134640e-01],
    [4.5859019476022667e-02, 4.5898329792495154e-02, 3.9300651257047035e-02, 8.6894199947443507e-01],
    [1.0301151380639446e-01, 2.3131424887153182e-01, 2.8645779883965362e-03, 6.6280965933367708e-01],
    [8.3732689511309393e-03, 2.1830355054839504e-01, 6.3837608113377797e-02, 7.0948557238709631e-01],
    [7.5188934448830358e-01, 3.0209714970184182e-02, 3.9313282697247015e-02, 1.7858765784426522e-01],
    [2.3077311207170995e-01, 3.1711561535382876e-02, 2.9149131029844406e-02, 7.0836619536306278e-01],
    [5.8073812585519883e-03, 4.3506617679943865e-01, 4.4718415034222592e-01, 1.1194229159978353e-01],
    [3.8073703494152733e-01, 1.9462168026547086e-01, 4.2050517420286654e-01, 4.1361105901352446e-03],
    [2.7607743982347133e-01, 6.3353475577745189e-01, 2.0294858661607771e-02, 7.0092945737469020e-02],
    [6.1076600317357829e-02, 4.4434524781046358e-01, 4.7485688286723504e-01, 1.9721269004943531e-02],
    [4.0111378240446353e-02, 3.3131666955418110e-02, 7.1369112406169699e-01, 2.1306583074243857e-01],
    [2.5459343990207287e-02, 1.8095213245167016e-01, 6.8205861296849390e-01, 1.1152991058962858e-01],
    [6.0442629996060226e-01, 1.7586813255081726e-02, 2.0371686346026049e-01, 1.7427002332405553e-01],
    [7.0980271955863883e-01, 4.4831059151110145e-02, 2.1131799235917104e-01, 3.4048228931080005e-02],
    [7.3049899426204590e-01, 1.8714729211454950e-01, 3.7069865897691956e-02, 4.5283847725712645e-02],
    [5.0077011332283328e-01, 2.4482238281363655e-02, 4.9332139703517089e-02, 4.2541550869228600e-01],
    [3.3327203203756567e-02, 4.8373239669747126e-01, 3.7228531452382502e-02, 4.4571186864638968e-01],
    [3.5675213689871882e-01, 1.3288343303959077e-01, 2.0514571401788716e-02, 4.8984985865990183e-01],
    [1.8385499781762579e-01, 2.0944276301084024e-02, 1.7043891780726531e-01, 6.2476180807402493e-01],
    [2.2683731996430076e-01, 4.1678208332525218e-01, 7.7983928185962129e-03, 3.4858220389185079e-01],
    [1.9237179527014775e-01, 1.2428564873051834e-01, 6.5613822350437712e-01, 2.7204332494956684e-02],
    [3.6195088137438869e-01, 1.5520115992182865e-02, 3.9243368052707034e-01, 2.3009532210635814e-01],
    [1.9650560420840370e-02, 6.4435830983896825e-01, 1.3409453544918648e-01, 2.0189659429100493e-01],
    [4.5824466951353598e-01, 3.6675464890135401e-02, 4.6358572640041157e-01, 4.1494139195916990e-02],
    [1.5389599810667592e-02, 3.3943229409528075e-01, 2.4186951199808426e-01, 4.0330859409596742e-01],
    [1.2423562298820207e-01, 2.7432715213856790e-02, 4.1254312429268553e-01, 4.3578853750525565e-01],
    [5.6551635208252893e-01, 2.1584553352671931e-01, 1.8619093882693841e-01, 3.2447175563813352e-02],
    [1.0315714682827415e-01, 6.4544946343700227e-01, 2.0255171539540420e-01, 4.8841674339319380e-02],
    [4.5808737814492434e-02, 1.3066568757553057e-01, 2.3547710464769089e-01, 5.8804846996228610e-01],
    [2.2224757371626430e-01, 3.7449697907698676e-01, 3.6392535276260890e-01, 3.9330094444139985e-02],
    [4.5874567579555026e-01, 3.6015671321152698e-01, 3.6899831102124650e-02, 1.4419777989079813e-01],
    [3.6335668011236427e-01, 4.1476192229903708e-01, 1.6252636375060131e-01, 5.9355033837997395e-02],
    [1.8398539091736935e-01, 5.2812589928853709e-02, 5.7914407248322075e-01, 1.8405794667055619e-01],
    [3.9120335216891788e-02, 1.7990450159705026e-01, 4.7650940100404388e-01, 3.0446576218201399e-01],
    [1.5246831717352347e-01, 1.4768706810147109e-01, 9.4070762191080015e-02, 6.0577385253392546e-01],
    [1.6687497287067879e-01, 5.7295636858022392e-01, 7.7744268351246482e-02, 1.8242439019785084e-01],
    [1.4171615987452177e-01, 2.2715986931503274e-01, 5.1759897952850142e-01, 1.1352499128194404e-01],
    [3.5160917718837409e-01, 5.5037393829680481e-02, 1.9694106193764710e-01, 3.9641236704429844e-01],
    [3.3643452712150768e-01, 2.2898400907069327e-01, 8.2733505347329095e-02, 3.5184795846046996e-01],
    [1.0961245832858998e-01, 3.5370035843453840e-01, 1.1793440619192361e-01, 4.1875277704494795e-01],
    [5.5716032197494780e-01, 1.3250438541905568e-01, 1.2240359518816983e-01, 1.8793169741782667e-01],
    [8.3423788520636311e-02, 4.2222860167192133e-01, 3.0314186457449788e-01, 1.9120574523294442e-01],
    [2.7096621310810648e-01, 3.3361919056802281e-01, 1.9982303010145433e-01, 1.9559156622241633e-01],
    [3.7874439412116873e-01, 1.4348292241970703e-01, 3.4694080625475970e-01, 1.3083187720436446e-01],
    [1.8197722347748060e-01, 1.6506284090730566e-01, 3.0924644057908834e-01, 3.4371349503612547e-01]
  ]
}
