{
  "degree": 10,
  "weights": [3.8191631629908002e-04, 7.9009911474572610e-04, 7.9009911475185195e-04, 7.9009911475665215e-04, 1.6925658391446850e-03, 1.6925658391471587e-03, 1.6925658391558518e-03, 6.1391542398254772e-03, 6.1391542398451272e-03, 6.1391542398477597e-03, 6.6203459024850291e-03, 6.6203459024881655e-03, 6.6203459024925231e-03, 6.9849610049975402e-03, 6.9849610050023809e-03, 6.9849610050036317e-03, 7.1487714546396540e-03, 7.1487714546418701e-03, 7.1487714546467377e-03, 8.2120473248104148e-03, 8.2120473248214528e-03, 8.2120473248233159e-03, 9.1379799361998842e-03, 9.1379799362043598e-03, 9.1379799362094321e-03, 1.0174986091343634e-02, 1.0174986091345586e-02, 1.0174986091350723e-02, 1.1242191350894123e-02, 1.1242191350901641e-02, 1.1242191350906596e-02, 1.1392218585018125e-02, 1.1392218585022778e-02, 1.1392218585024231e-02, 1.1416973367497776e-02, 1.1755105892068671e-02, 1.1816963188911365e-02, 1.1816963188919841e-02, 1.1816963188951974e-02, 1.2387964665947075e-02, 1.2387964665970093e-02, 1.2387964665973450e-02, 1.2503479000284987e-02, 1.2503479000291712e-02, 1.2503479000299961e-02, 1.2568115906219363e-02, 1.2568115906238695e-02, 1.2568115906251651e-02, 1.3148518166634478e-02, 1.3148518166636569e-02, 1.3148518166644068e-02, 1.3706704681730368e-02, 1.3706704681735118e-02, 1.3706704681738773e-02, 1.6664429455053184e-02, 1.6664429455057080e-02, 1.6664429455076995e-02, 2.0670593336010165e-02, 2.0670593336049103e-02, 2.0670593336052430e-02, 2.5407075851151890e-02, 2.5407075851157038e-02, 2.5407075851163856e-02, 2.6826944837702555e-02, 2.6826944837708869e-02, 2.6826944837712082e-02, 2.7323299194967125e-02, 2.7323299194970552e-02, 2.7323299194980215e-02, 2.7911567688224118e-02, 2.8092562454916824e-02, 2.8092562454941291e-02, 2.8092562454946429e-02, 4.6578521984419211e-02],
  "bary": [
    [4.8448895277681710e-03, 4.8448895275732817e-03, 9.8546533141673742e-01, 4.8448895279211701e-03],
    [9.4671984829235400e-01, 6.6670804483510539e-03, 8.0675055619048794e-03, 3.8545565697390059e-02],
    [6.6670804486589925e-03, 3.8545565697374433e-02, 8.0675055617798856e-03, 9.4671984829218658e-01],
    [3.8545565697480098e-02, 9.4671984829185218e-01, 8.0675055621739385e-03, 6.6670804484937445e-03],
    [3.8268919330296902e-03, 8.7402513276516769e-01, 1.8554315054357142e-02, 1.0359366024744551e-01],
    [1.0359366024800282e-01, 3.8268919330439232e-03, 1.8554315054336849e-02, 8.7402513276461646e-01],
    [8.7402513276493232e-01, 1.0359366024755481e-01, 1.8554315054345551e-02, 3.8268919331673132e-03],
    [1.7354047445684660e-02, 6.2025830129005088e-01, 3.2403463700916298e-02, 3.2998418756334813e-01],
    [6.2025830128988679e-01, 3.2998418756342818e-01, 3.2403463700912932e-02, 1.7354047445772097e-02],
    [3.2998418756371140e-01, 1.7354047445783508e-02, 3.2403463700926324e-02, 6.2025830128957882e-01],
    [3.1181318752202036e-02, 1.2663949087858190e-01, 8.1147722949848988e-01, 3.0701960870726075e-02],
    [1.2663949087887130e-01, 3.0701960870696376e-02, 8.1147722949819423e-01, 3.1181318752238063e-02],
    [3.0701960870745042e-02, 3.1181318752210863e-02, 8.1147722949797085e-01, 1.2663949087907322e-01],
    [7.8057224582438833e-01, 3.5189582268768123e-02, 3.3073599825543282e-02, 1.5116457208130027e-01],
    [3.5189582268708469e-02, 1.5116457208163986e-01, 3.3073599825577039e-02, 7.8057224582407458e-01],
    [1.5116457208151765e-01, 7.8057224582415086e-01, 3.3073599825572925e-02, 3.5189582268758540e-02],
    [8.1490228294079792e-01, 3.3515635505420055e-02, 1.1937679513606954e-01, 3.2205286417712489e-02],
    [3.3515635505417495e-02, 3.2205286417728379e-02, 1.1937679513586145e-01, 8.1490228294099276e-01],
    [3.2205286417714439e-02, 8.1490228294050315e-01, 1.1937679513633463e-01, 3.3515635505447741e-02],
    [5.5966008885545959e-01, 1.8076024957022718e-01, 7.4387957311673209e-03, 2.5214086584314588e-01],
    [1.8076024957005621e-01, 2.5214086584332090e-01, 7.4387957311996145e-03, 5.5966008885542329e-01],
    [2.5214086584303347e-01, 5.5966008885570262e-01, 7.4387957312143675e-03, 1.8076024957004949e-01],
    [3.0293937757704312e-02, 3.5103092666191366e-01, 3.2660580053264672e-02, 5.8601455552711745e-01],
    [3.5103092666177188e-01, 5.8601455552725179e-01, 3.2660580053289763e-02, 3.0293937757686511e-02],
    [5.8601455552747750e-01, 3.0293937757721334e-02, 3.2660580053272013e-02, 3.5103092666152919e-01],
    [3.1144612490086775e-02, 5.9927380113922679e-01, 3.3659752638302759e-01, 3.2984059987658798e-02],
    [3.2984059987679254e-02, 3.1144612490078688e-02, 3.3659752638251167e-01, 5.9927380113973028e-01],
    [5.9927380113951612e-01, 3.2984059987676714e-02, 3.3659752638270674e-01, 3.1144612490100421e-02],
    [1.2676431648545615e-02, 1.6454721588991542e-01, 4.0907522401194779e-01, 4.1370112844959123e-01],
    [1.6454721589001114e-01, 4.1370112844943452e-01, 4.0907522401200630e-01, 1.2676431648547981e-02],
    [4.1370112844953610e-01, 1.2676431648551340e-02, 4.0907522401187135e-01, 1.6454721589004118e-01],
    [3.5739084411545573e-02, 3.3779125591118342e-02, 5.9253287017071399e-01, 3.3794891982662212e-01],
    [3.3794891982642750e-01, 3.5739084411541416e-02, 5.9253287017089773e-01, 3.3779125591133385e-02],
    [3.3779125591139589e-02, 3.3794891982609515e-01, 5.9253287017122236e-01, 3.5739084411542943e-02],
    [1.3365994953239230e-01, 1.3365994953261115e-01, 5.9902015140252751e-01, 1.3365994953246907e-01],
    [1.6695976931720627e-01, 1.6695976931758030e-01, 4.9912069204811227e-01, 1.6695976931710121e-01],
    [1.2280428562434397e-02, 4.1260083617916987e-01, 3.9790436218571729e-01, 1.7721437307267845e-01],
    [1.7721437307274224e-01, 1.2280428562443962e-02, 3.9790436218559366e-01, 4.1260083617922017e-01],
    [4.1260083617920212e-01, 1.7721437307270649e-01, 3.9790436218556585e-01, 1.2280428562525481e-02],
    [3.6961264485614781e-01, 1.1453798631602456e-01, 2.4954022067165117e-02, 4.9089534676066249e-01],
    [1.1453798631584149e-01, 4.9089534676099711e-01, 2.4954022067237965e-02, 3.6961264485592349e-01],
    [4.9089534676055291e-01, 3.6961264485621703e-01, 2.4954022067239800e-02, 1.1453798631599026e-01],
    [8.3024946881963574e-02, 7.2820948099742711e-01, 3.8496781868993878e-02, 1.5026879025161541e-01],
    [7.2820948099706884e-01, 1.5026879025175519e-01, 3.8496781868995342e-02, 8.3024946882180636e-02],
    [1.5026879025170375e-01, 8.3024946882167758e-02, 3.8496781868964748e-02, 7.2820948099716376e-01],
    [1.6809591469598956e-02, 4.0437701448836622e-01, 1.6133714217107506e-01, 4.1747625187095971e-01],
    [4.1747625187090798e-01, 1.6809591469648610e-02, 1.6133714217108119e-01, 4.0437701448836227e-01],
    [4.0437701448836838e-01, 4.1747625187081028e-01, 1.6133714217116060e-01, 1.6809591469660740e-02],
    [1.6961384756040226e-01, 6.3392803439030176e-01, 1.7336085927375869e-01, 2.3097258775537227e-02],
    [2.3097258775556479e-02, 1.6961384756039471e-01, 1.7336085927373177e-01, 6.3392803439031697e-01],
    [6.3392803439035694e-01, 2.3097258775569895e-02, 1.7336085927366016e-01, 1.6961384756041301e-01],
    [2.4341028320264475e-02, 6.3358756531426086e-01, 1.6505305534650752e-01, 1.7701835101896710e-01],
    [1.7701835101894670e-01, 2.4341028320273531e-02, 1.6505305534637491e-01, 6.3358756531440485e-01],
    [6.3358756531439808e-01, 1.7701835101891772e-01, 1.6505305534639939e-01, 2.4341028320284813e-02],
    [2.9355116860372159e-02, 1.7400376545457857e-01, 6.2084151043572178e-01, 1.7579960724932742e-01],
    [1.7400376545462781e-01, 1.7579960724921512e-01, 6.2084151043577640e-01, 2.9355116860380615e-02],
    [1.7579960724930233e-01, 2.9355116860418140e-02, 6.2084151043564151e-01, 1.7400376545463803e-01],
    [1.1212438646497909e-01, 5.3258892365005173e-01, 2.3624195884576110e-01, 1.1904473103920804e-01],
    [1.1904473103928245e-01, 1.1212438646502303e-01, 2.3624195884569879e-01, 5.3258892364999577e-01],
    [5.3258892364993571e-01, 1.1904473103927603e-01, 2.3624195884566077e-01, 1.1212438646512748e-01],
