{
  "degree": 15,
  "s2": [
    [0.3266181884880529E-01, 4.582807963691251e-01],
    [0.2741281803136436E-01, 4.036104645791306e-01],
    [0.2651003659870330E-01, 2.931971679130254e-01],
    [0.2921596213648611E-01, 1.464677869427729e-01],
    [0.1058460806624399E-01, 5.636286766560340e-02],
    [0.3614643064092035E-02, 1.657512685837032e-02]
  ],
  "s1": [
    [0.8527748101709436E-02, 2.395345541547944e-01, 9.912203309224784e-03],
    [0.1391617651669193E-01, 4.048788073183400e-01, 1.580377063022801e-02],
    [0.4291932940734835E-02, 9.500211311304484e-02, 5.143608816970661e-03],
    [0.1623532928177489E-01, 1.497531073222740e-01, 4.892232575298879e-02],
    [0.2560734092126239E-01, 2.869196124413350e-01, 6.876874863251921e-02],
    [0.3308819553164567E-01, 2.818356680990846e-01, 1.684044181246992e-01]
  ]
}
