{
  "degree": 25,
  "s2": [
    [0.8005581880020417E-02, 4.860267584634129e-01],
    [0.1594707683239050E-01, 4.344106993361743e-01],
    [0.1310914123079553E-01, 3.898891352439638e-01],
    [0.1958300096563562E-01, 2.984432340198044e-01],
    [0.1647088544153727E-01, 2.340441723373718e-01],
    [0.8547279074092100E-02, 1.514683346090176e-01],
    [0.8161885857226492E-02, 1.127338935459936e-01],
    [0.6121146539983779E-02, 7.771569209152626e-02],
    [0.2908498264936665E-02, 3.489309361429704e-02],
    [0.6922752456619963E-03, 7.258184620932340e-03]
  ],
  "s1": [
    [0.1248289199277397E-02, 2.272144521533641e-01, 1.292352704442205e-03],
    [0.3404752908803022E-02, 4.350105548535717e-01, 5.399701272116197e-03],
    [0.3359654326064051E-02, 3.203095992722045e-01, 6.384003033975016e-03],
    [0.1716156539496754E-02, 9.175032228000519e-02, 5.028211501993063e-03],
    [0.1480856316715606E-02, 3.801083585872434e-02, 6.826758621781874e-03],
    [0.3511312610728685E-02, 1.574252184853117e-01, 1.001619963992954e-02],
    [0.7393550149706484E-02, 2.398896597785332e-01, 2.575781317338999e-02],
    [0.7983087477376558E-02, 3.619431181260605e-01, 3.022789811991581e-02],
    [0.4355962613158041E-02, 8.355196095482852e-02, 3.050499010716208e-02],
    [0.7365056701417832E-02, 1.484432207324181e-01, 4.595654736256934e-02],
    [0.1096357284641955E-01, 2.837397087275350e-01, 6.744280054027756e-02],
    [0.1174996174354112E-01, 4.068993751187875e-01, 7.004509141591060e-02],
    [0.1001560071379857E-01, 1.941139870248925e-01, 8.391152464011660e-02],
    [0.1330964078762868E-01, 3.241343470007031e-01, 1.203755356771527e-01],
    [0.1415444650522614E-01, 2.292774835559810e-01, 1.480668991573667e-01],
    [0.1488137956116801E-01, 3.256181225959837e-01, 1.917718658673251e-01]
  ]
}
