{
  "a1": [
    [-5.5226399197272999e-02]
  ],
  "a3": [
    [4.4502746074450003e-03]
  ],
  "pq0": [
    [4.2310830953570001e-03, 1.9788006703008862e-01],
    [5.1980698640639996e-03, 1.1537877767214988e-01]
  ],
  "llm": [
    [4.4968410679210001e-03, 2.1911161547100225e-01],
    [5.0491534504790003e-03, 1.1600996976256470e-01],
    [3.9764080180519999e-03, 4.4939797846114538e-01],
    [4.4014006503809997e-03, 3.8158656197105573e-01],
    [1.7245443505443998e-02, 1.8189733717869375e-02]
  ],
  "rsw": [
    [4.6957209725689997e-03, 1.3909053288148493e-01, 1.8041031475364136e-01]
  ],
  "degree": 25
}