{
  "name": "Lebedev(013)",
  "degree": 13,
  "test_tolerance": 6.568e-14,
  "data": {
    "a1": [
      [5.1306717973400001e-04]
    ],
    "a2": [
      [1.6604069565742001e-02]
    ],
    "a3": [
      [-2.9586038961039000e-02]
    ],
    "pq0": [
      [1.6522170993716001e-02, 1.0394254360193009e-01]
    ],
    "llm": [
      [2.6576207082158999e-02, 2.3774520615063846e-01]
    ]
  }
}
