{
  "name": "Lebedev(107)",
  "degree": 107,
  "test_tolerance": 6.364e-13,
  "data": {
    "a1": [
      [1.8073952522000000e-05]
    ],
    "a2": [
      [2.8480087822400002e-04]
    ],
    "a3": [
      [2.8360658375299998e-04]
    ],
    "pq0": [
      [1.0511934069700000e-04, 1.5068765785941985e-02],
      [1.6578718387999999e-04, 3.8356808229203281e-02],
      [2.0646481137099999e-04, 6.5209090951620349e-02],
      [2.3479427458199999e-04, 9.4064014986827676e-02],
      [2.5477753266000001e-04, 1.2415729394387427e-01],
      [2.6868766848499998e-04, 1.5504683778658174e-01],
      [2.7786657555199998e-04, 1.8644642293553204e-01],
      [2.8309966167800002e-04, 2.1815146497067894e-01]
    ],
    "llm": [
      [7.0131492667000007e-05, 7.1485561308244445e-03],
      [1.1627980219600001e-04, 1.8327932440800655e-02],
      [1.5187285839699999e-04, 3.1679882329443430e-02],
      [1.7987961082200000e-04, 4.6417885731530835e-02],
      [2.0225933859700001e-04, 6.2131063015824349e-02],
      [2.2030931055799999e-04, 7.8571936981023147e-02],
      [2.3492942343000001e-04, 9.5580077114015755e-02],
      [2.4676820587500001e-04, 1.1304697548857842e-01],
      [2.5630926835700001e-04, 1.3089748552923006e-01],
      [2.6392538967600000e-04, 1.4907913221786356e-01],
      [2.6991374792700000e-04, 1.6755559234352560e-01],
      [2.7451964201699998e-04, 1.8630255485037250e-01],
      [2.7795291974000002e-04, 2.0530501433081755e-01],
      [2.8039960866799998e-04, 2.2455545786553988e-01],
      [2.8203023567199999e-04, 2.4405261231057868e-01],
      [2.8300567474900002e-04, 2.6380052347933758e-01],
      [2.8348089507800002e-04, 2.8380778325245215e-01],
      [2.8352823390800002e-04, 3.2465236933016850e-01],
      [2.8338192670700001e-04, 3.4552087248647612e-01],
      [2.8328583369100001e-04, 3.6670710215063862e-01],
      [2.8332682354500002e-04, 3.8822099847734182e-01],
      [2.8354326770299999e-04, 4.1006242319742842e-01],
      [2.8390917227400002e-04, 4.3221466297218519e-01],
      [2.8433081788800001e-04, 4.5463772672101627e-01],
      [2.8467035505300002e-04, 4.7726402550022157e-01]
    ],
    "rsw": [
      [1.4030633401699999e-04, 9.0830807587517784e-02, 2.6756904116324767e-02],
      [1.6965041259400001e-04, 1.3430432175017948e-01, 4.0459352526304795e-02],
      [1.9357872427500000e-04, 1.5941814239107843e-01, 5.5454454739381299e-02],
      [2.1306145105199999e-04, 1.7571195048034041e-01, 7.1362967729269852e-02],
      [2.2893812659300001e-04, 1.8712958944497504e-01, 8.7957014442839473e-02],
      [2.4186302928199999e-04, 1.9557825010237478e-01, 1.0508921824591066e-01],
      [2.5234004956300001e-04, 2.0208801510627031e-01, 1.2266012363643360e-01],
      [2.6076239734500000e-04, 2.0726238792918977e-01, 1.4060108941846416e-01],
      [2.6744410326900000e-04, 2.1147757945380982e-01, 1.5886448968189493e-01],
      [2.7264323603400000e-04, 2.1497977487366274e-01, 1.7741775860229311e-01],
      [2.7657876859199997e-04, 2.1793640505617762e-01, 1.9623961744590462e-01],
      [2.7944286906399999e-04, 2.2046489014207246e-01, 2.1531760918682935e-01],
      [2.8140990020600001e-04, 2.2264958119749648e-01, 2.3464644121628148e-01],
      [2.8264295315800001e-04, 2.2455216289232777e-01, 2.5422682342156350e-01],
      [2.8329835425499998e-04, 2.2621825664742723e-01, 2.7406457883308355e-01],
      [1.8866955652799999e-04, 5.5011796743218440e-02, 5.1916664429042976e-02],
      [2.0818678827500000e-04, 9.1058631301628348e-02, 6.6784537103106514e-02],
      [2.2451486806000001e-04, 1.1627645997800351e-01, 8.2585939495229133e-02],
      [2.3803704915100000e-04, 1.3483995090273831e-01, 9.9089845253358372e-02],
      [2.4913980418500001e-04, 1.4905719519611704e-01, 1.1614582930784420e-01],
      [2.5816324058799999e-04, 1.6029169857277037e-01, 1.3365237154416265e-01],
      [2.6539655062299999e-04, 1.6939470240128604e-01, 1.5153958867365605e-01],
      [2.7108572167499999e-04, 1.7692235335047635e-01, 1.6975920517058327e-01],
      [2.7544340938999998e-04, 1.8325181388522935e-01, 1.8827843341350048e-01],
      [2.7865799325199999e-04, 1.8864678068216575e-01, 2.0707609536882474e-01],
      [2.8090110806799998e-04, 1.9329619330299586e-01, 2.2614008841512620e-01],
      [2.8233361845600002e-04, 1.9733800814753286e-01, 2.4546567532275862e-01],
      [2.8311011758100000e-04, 2.0087427916745015e-01, 2.6505426730152926e-01],
      [2.2216799703500000e-04, 3.9498302610348680e-02, 7.9798323543177827e-02],
      [2.3561857342700000e-04, 6.8910407484335634e-02, 9.5341283863618329e-02],
      [2.4692283448099998e-04, 9.1539591621886629e-02, 1.1161355018149274e-01],
      [2.5627263486400001e-04, 1.0944239212094836e-01, 1.2846408561275952e-01],
      [2.6387567267500002e-04, 1.2394176295562660e-01, 1.4578898429768233e-01],
      [2.6993111573899998e-04, 1.3591741664833346e-01, 1.6351589660362983e-01],
      [2.7462332683999999e-04, 1.4597232165717597e-01, 1.8159449395396565e-01],
      [2.7812256744500001e-04, 1.5453084191052663e-01, 1.9999045255864559e-01],
      [2.8058812540499999e-04, 1.6189838002884194e-01, 2.1868155531206285e-01],
      [2.8217198769999997e-04, 1.6829870820217549e-01, 2.3765510193417355e-01],
      [2.8302225023300003e-04, 1.7389796113043032e-01, 2.5690613119394867e-01],
      [2.4579959567399998e-04, 3.0890470010366697e-02, 1.0928297552819249e-01],
      [2.5514744074999998e-04, 5.5561540474147950e-02, 1.2524807166513960e-01],
      [2.6290653352000002e-04, 7.5652077427085657e-02, 1.4181409405591308e-01],
      [2.6919004499299998e-04, 9.2297873873706943e-02, 1.5887825420174501e-01],
      [2.7412754857499997e-04, 1.0629906830213084e-01, 1.7636751625736100e-01],
      [2.7785309701199999e-04, 1.1822947861698856e-01, 1.9423032464841863e-01],
      [2.8050105676499998e-04, 1.2850763688584335e-01, 2.1243113584373424e-01],
      [2.8220558340300001e-04, 1.3744332669490386e-01, 2.3094675049785268e-01],
      [2.8310169012400001e-04, 1.4526847762670542e-01, 2.4976380712614185e-01],
      [2.6244749011300001e-04, 2.5444384185962215e-02, 1.3977960593947661e-01],
      [2.6880341630399997e-04, 4.6689947572179737e-02, 1.5601550753152524e-01],
      [2.7389327512899997e-04, 6.4656498775872720e-02, 1.7276705471766679e-01],
      [2.7779447912400001e-04, 8.0025363131623950e-02, 1.8996309214808085e-01],
      [2.8060116616600002e-04, 9.3305345410747045e-02, 2.0755254589329500e-01],
      [2.8241814566000000e-04, 1.0487981947084465e-01, 2.2549977830117915e-01],
      [2.8335852165799999e-04, 1.1503990482943398e-01, 2.4378135493302303e-01],
      [2.7381652369600000e-04, 2.1705553310466683e-02, 1.7092869125735938e-01],
      [2.7783652081999998e-04, 4.0396385176533919e-02, 1.8733470379039832e-01],
      [2.8078529404199998e-04, 5.6631779543624333e-02, 2.0419784906948840e-01],
      [2.8272459496700002e-04, 7.0844079181818717e-02, 2.2146931332121098e-01],
      [2.8373423448300002e-04, 8.3368275377079915e-02, 2.3911473396185762e-01],
      [2.8092339076099998e-04, 1.8990155809877871e-02, 2.0248705041668288e-01],
      [2.8299308097400001e-04, 3.5714898791472535e-02, 2.1898917808458410e-01],
      [2.8410978741100001e-04, 5.0531913367527229e-02, 2.3590766756223550e-01],
      [2.8434552060100000e-04, 1.6932714566415905e-02, 2.3427285444479826e-01]
    ]
  }
}
