{
  "name": "Lebedev(101)",
  "degree": 101,
  "test_tolerance": 7.523e-13,
  "data": {
    "a1": [
      [2.0403827308000001e-05]
    ],
    "a3": [
      [3.1781497038899998e-04]
    ],
    "pq0": [
      [1.2317796117399999e-04, 1.6344556304521085e-02],
      [1.9246613738400001e-04, 4.1433357717953340e-02],
      [2.3808818674000000e-04, 7.0242023125715827e-02],
      [2.6931006630399998e-04, 1.0110526879039469e-01],
      [2.9086733828300002e-04, 1.3321735582876459e-01],
      [3.0539146193800002e-04, 1.6611408528089006e-01],
      [3.1439166841500002e-04, 1.9949362467056284e-01],
      [3.1870422440600002e-04, 2.3313659571307074e-01]
    ],
    "llm": [
      [8.2881151280999997e-05, 7.7498819476144168e-03],
      [1.3608831925200000e-04, 1.9859794325657789e-02],
      [1.7668544545399999e-04, 3.4254150179326370e-02],
      [2.0831531612300000e-04, 5.0099207449504510e-02],
      [2.3332795446599999e-04, 6.6959363941001632e-02],
      [2.5328095399299998e-04, 8.4573871448615445e-02],
      [2.6924721842100000e-04, 1.0277546875267733e-01],
      [2.8199499468099998e-04, 1.2145249207179949e-01],
      [2.9209535939699998e-04, 1.4052889127712842e-01],
      [2.9998897829500002e-04, 1.5995280065216833e-01],
      [3.0602921204999999e-04, 1.7968963047945319e-01],
      [3.1051091675200000e-04, 1.9971772633860269e-01],
      [3.1369023875500002e-04, 2.2002556156551312e-01],
      [3.1579846524500002e-04, 2.4060986646702168e-01],
      [3.1705165184299998e-04, 2.6147431218432343e-01],
      [3.1765684256299998e-04, 2.8262846221673504e-01],
      [3.1771984112100000e-04, 3.2586699357539184e-01],
      [3.1755194923900002e-04, 3.4798859900523338e-01],
      [3.1746549526300000e-04, 3.7046903559938327e-01],
      [3.1756764154699998e-04, 3.9331892936675267e-01],
      [3.1789234178399999e-04, 4.1653485356706232e-01],
      [3.1837882875300000e-04, 4.4009041002791721e-01],
      [3.1887551519199999e-04, 4.6392771069062388e-01],
      [3.1919168893100000e-04, 4.8795367923858879e-01]
    ],
    "rsw": [
      [1.6352195358699999e-04, 9.0841956876447069e-02, 2.8952404834724148e-02],
      [1.9681099177000001e-04, 1.3432493392428288e-01, 4.3695586781513439e-02],
      [2.2367543422500001e-04, 1.5945098252294698e-01, 5.9795828764502811e-02],
      [2.4531866870199998e-04, 1.7575803974984969e-01, 7.6848698520870701e-02],
      [2.6275517915800000e-04, 1.8718942306243078e-01, 9.4613818775979686e-02],
      [2.7676548601500000e-04, 1.9565192809740675e-01, 1.1293757086948318e-01],
      [2.8794670277699998e-04, 2.0217522837546045e-01, 1.3171774155507171e-01],
      [2.9676399189199998e-04, 2.0736238698169687e-01, 1.5088508287849187e-01],
      [3.0359006846600003e-04, 2.1158912317257750e-01, 1.7039283361245564e-01],
      [3.0873382373000001e-04, 2.1510105422035866e-01, 1.9021041022166779e-01],
      [3.1246088388600001e-04, 2.1806493737281718e-01, 2.1031945124519319e-01],
      [3.1500842942300001e-04, 2.2059737811839863e-01, 2.3071125619635593e-01],
      [3.1659583985999999e-04, 2.2278172874661939e-01, 2.5138506128163629e-01],
      [3.1743204409600000e-04, 2.2467843869304452e-01, 2.7234678349164093e-01],
      [2.1821889098100000e-04, 5.5032275389998483e-02, 5.5994863171665611e-02],
      [2.3997279339199999e-04, 9.1105009578937746e-02, 7.1934641757085485e-02],
      [2.5797961335100001e-04, 1.1635132746450935e-01, 8.8852808032822070e-02],
      [2.7271140526199998e-04, 1.3494440518144474e-01, 1.0650493423082077e-01],
      [2.8463276562800001e-04, 1.4919124865826203e-01, 1.2473359798461711e-01],
      [2.9414911020500002e-04, 1.6045439583854126e-01, 1.4343399483159447e-01],
      [3.0160494921400001e-04, 1.6958411014215521e-01, 1.6253530351807641e-01],
      [3.0729497261799998e-04, 1.7713546561497720e-01, 1.8198993800012658e-01],
      [3.1147681428899998e-04, 1.8348438591351865e-01, 2.0176704368284679e-01],
      [3.1438236736699998e-04, 1.8889309003713706e-01, 2.2184841321857326e-01],
      [3.1622697646599998e-04, 1.9354871836605361e-01, 2.4222583392231792e-01],
      [3.1721646637599999e-04, 1.9758700828153689e-01, 2.6289928016364600e-01],
      [2.5545753989700000e-04, 3.9532096054840163e-02, 8.5858648734603846e-02],
      [2.7017040691400002e-04, 6.8985490458688487e-02, 1.0247860536605306e-01],
      [2.8236934134700002e-04, 9.1659656858567223e-02, 1.1986423146649551e-01],
      [2.9228984632099998e-04, 1.0960847846368107e-01, 1.3785710478175447e-01],
      [3.0018290621599999e-04, 1.2415281154317126e-01, 1.5634959107904098e-01],
      [3.0628908645400000e-04, 1.3617046576998615e-01, 1.7526804844229302e-01],
      [3.1083282792599998e-04, 1.4626246803107110e-01, 1.9456260875473599e-01],
      [3.1402431462000002e-04, 1.5485102812076776e-01, 2.1420077832515072e-01],
      [3.1606380309799999e-04, 1.6223902758452816e-01, 2.3416332254082484e-01],
      [3.1714628822099999e-04, 1.6864719159439839e-01, 2.5444153772600936e-01],
      [2.8123884160300002e-04, 3.0938590172687394e-02, 1.1735653737831038e-01],
      [2.9121375002900003e-04, 5.5666271865395384e-02, 1.3439343726746683e-01],
      [2.9932412565000002e-04, 7.5817326604415189e-02, 1.5206375390225602e-01],
      [3.0571017389800000e-04, 9.2523818732402147e-02, 1.7026098633638423e-01],
      [3.1053193262500003e-04, 1.0658258550064224e-01, 1.8891072480321247e-01],
      [3.1395655144299999e-04, 1.1856421720479345e-01, 2.0796181155773216e-01],
      [3.1615430068099998e-04, 1.2888379912233369e-01, 2.2738053976144706e-01],
      [3.1729859606100002e-04, 1.3784718367975352e-01, 2.4714678625564723e-01],
      [2.9894003368999999e-04, 2.5506967781255420e-02, 1.4986647996439656e-01],
      [3.0545558839499998e-04, 4.6823466514423449e-02, 1.6716346521387787e-01],
      [3.1047649608100002e-04, 6.4863898377215068e-02, 1.8500713945116673e-01],
      [3.1410158259800001e-04, 8.0304629152594717e-02, 2.0332524290354823e-01],
      [3.1645206211600000e-04, 9.3649598370028467e-02, 2.2206729905893724e-01],
      [3.1766523059099998e-04, 1.0527704392520035e-01, 2.4119971687448638e-01],
      [3.1050971610200001e-04, 2.1781738809397329e-02, 1.8301036563682505e-01],
      [3.1430141178899999e-04, 4.0555664737100039e-02, 2.0046242422286578e-01],
      [3.1681728662899999e-04, 5.6874519712221683e-02, 2.1840269252643571e-01],
      [3.1814018655700000e-04, 7.1164004703825653e-02, 2.3678341481600007e-01],
      [3.1706636591599999e-04, 1.9077823421055667e-02, 2.1653004466353704e-01],
      [3.1854479446299998e-04, 3.5893948689152660e-02, 2.3405840187253335e-01]
    ]
  }
}
