{
  "name": "Lebedev(019)",
  "degree": 19,
  "test_tolerance": 1.209e-13,
  "data": {
    "a1": [
      [
        0.000599631368862
      ]
    ],
    "a2": [
      [
        0.007372999718621
      ]
    ],
    "a3": [
      [
        0.007210515360144
      ]
    ],
    "llm": [
      [
        0.007116355493118,
        0.006753829486314,
        0.007574394159054
      ],
      [
        0.4059125877037632,
        0.2010413026271249,
        0.07148472221258877
      ]
    ],
    "rsw": [
      [
        0.006991087353303
      ],
      [
        0.09637179505136556
      ],
      [
        0.15601434599147013
      ]
    ]
  }
}