{
  "a1": [
    [5.5448429020370001e-03]
  ],
  "a2": [
    [6.0713327706709997e-03]
  ],
  "a3": [
    [6.3836747735150001e-03]
  ],
  "pq0": [
    [5.4771433851369998e-03, 8.4181899841837118e-02]
  ],
  "llm": [
    [5.1833875877479998e-03, 1.1749685297731176e-01],
    [6.3179290098140002e-03, 4.0274847492887056e-01],
    [6.2016700065889996e-03, 2.0914651483678789e-01]
  ],
  "rsw": [
    [5.9683839876810002e-03, 8.9809985745262069e-02, 1.7391524882944950e-01]
  ],
  "degree": 21
}