{
  "name": "Lebedev(023)",
  "degree": 23,
  "test_tolerance": 8.877e-14,
  "data": {
    "a1": [
      [
        0.001782340447245
      ]
    ],
    "a2": [
      [
        0.005716905949977
      ]
    ],
    "a3": [
      [
        0.005573383178849
      ]
    ],
    "pq0": [
      [
        0.005051846064615
      ],
      [
        0.11238233293417914
      ]
    ],
    "llm": [
      [
        0.005608704082588,
        0.005158237711805,
        0.005518771467274,
        0.004106777028169
      ],
      [
        0.3982647562227038,
        0.1341420769255838,
        0.21649096395255887,
        0.05882491000098351
      ]
    ],
    "rsw": [
      [
        0.005530248916233
      ],
      [
        0.09361050601652826
      ],
      [
        0.18486738992916613
      ]
    ]
  }
}