{
  "name": "Lebedev(101)",
  "degree": 101,
  "test_tolerance": 7.523e-13,
  "data": {
    "a1": [
      [
        2.0403827308e-05
      ]
    ],
    "a3": [
      [
        0.000317814970389
      ]
    ],
    "pq0": [
      [
        0.000123177961174,
        0.000192466137384,
        0.00023808818674,
        0.000269310066304,
        0.000290867338283,
        0.000305391461938,
        0.000314391668415,
        0.000318704224406
      ],
      [
        0.016344556304521085,
        0.04143335771795334,
        0.07024202312571583,
        0.10110526879039469,
        0.1332173558287646,
        0.16611408528089006,
        0.19949362467056284,
        0.23313659571307074
      ]
    ],
    "llm": [
      [
        8.2881151281e-05,
        0.000136088319252,
        0.000176685445454,
        0.000208315316123,
        0.000233327954466,
        0.000253280953993,
        0.000269247218421,
        0.000281994994681,
        0.000292095359397,
        0.000299988978295,
        0.00030602921205,
        0.000310510916752,
        0.000313690238755,
        0.000315798465245,
        0.000317051651843,
        0.000317656842563,
        0.000317719841121,
        0.000317551949239,
        0.000317465495263,
        0.000317567641547,
        0.000317892341784,
        0.000318378828753,
        0.000318875515192,
        0.000319191688931
      ],
      [
        0.007749881947614417,
        0.01985979432565779,
        0.03425415017932637,
        0.05009920744950451,
        0.06695936394100163,
        0.08457387144861545,
        0.10277546875267733,
        0.12145249207179949,
        0.14052889127712842,
        0.15995280065216833,
        0.1796896304794532,
        0.19971772633860269,
        0.22002556156551312,
        0.24060986646702168,
        0.26147431218432343,
        0.28262846221673504,
        0.32586699357539184,
        0.3479885990052334,
        0.37046903559938327,
        0.39331892936675267,
        0.4165348535670623,
        0.4400904100279172,
        0.4639277106906239,
        0.4879536792385888
      ]
    ],
    "rsw": [
      [
        0.000163521953587,
        0.00019681099177,
        0.000223675434225,
        0.000245318668702,
        0.000262755179158,
        0.000276765486015,
        0.000287946702777,
        0.000296763991892,
        0.000303590068466,
        0.00030873382373,
        0.000312460883886,
        0.000315008429423,
        0.00031659583986,
        0.000317432044096,
        0.000218218890981,
        0.000239972793392,
        0.000257979613351,
        0.000272711405262,
        0.000284632765628,
        0.000294149110205,
        0.000301604949214,
        0.000307294972618,
        0.000311476814289,
        0.000314382367367,
        0.000316226976466,
        0.000317216466376,
        0.000255457539897,
        0.000270170406914,
        0.000282369341347,
        0.000292289846321,
        0.000300182906216,
        0.000306289086454,
        0.000310832827926,
        0.00031402431462,
        0.000316063803098,
        0.000317146288221,
        0.000281238841603,
        0.000291213750029,
        0.00029932412565,
        0.000305710173898,
        0.000310531932625,
        0.000313956551443,
        0.000316154300681,
        0.000317298596061,
        0.00029894003369,
        0.000305455588395,
        0.000310476496081,
        0.000314101582598,
        0.000316452062116,
        0.000317665230591,
        0.000310509716102,
        0.000314301411789,
        0.000316817286629,
        0.000318140186557,
        0.000317066365916,
        0.000318544794463
      ],
      [
        0.09084195687644707,
        0.13432493392428288,
        0.15945098252294698,
        0.1757580397498497,
        0.18718942306243078,
        0.19565192809740675,
        0.20217522837546045,
        0.20736238698169687,
        0.2115891231725775,
        0.21510105422035866,
        0.21806493737281718,
        0.22059737811839863,
        0.2227817287466194,
        0.22467843869304452,
        0.05503227538999848,
        0.09110500957893775,
        0.11635132746450935,
        0.13494440518144474,
        0.14919124865826203,
        0.16045439583854126,
        0.16958411014215521,
        0.1771354656149772,
        0.18348438591351865,
        0.18889309003713706,
        0.1935487183660536,
        0.19758700828153689,
        0.03953209605484016,
        0.06898549045868849,
        0.09165965685856722,
        0.10960847846368107,
        0.12415281154317126,
        0.13617046576998615,
        0.1462624680310711,
        0.15485102812076776,
        0.16223902758452816,
        0.1686471915943984,
        0.030938590172687394,
        0.055666271865395384,
        0.07581732660441519,
        0.09252381873240215,
        0.10658258550064224,
        0.11856421720479345,
        0.1288837991223337,
        0.13784718367975352,
        0.02550696778125542,
        0.04682346651442345,
        0.06486389837721507,
        0.08030462915259472,
        0.09364959837002847,
        0.10527704392520035,
        0.02178173880939733,
        0.04055566473710004,
        0.05687451971222168,
        0.07116400470382565,
        0.019077823421055667,
        0.03589394868915266
      ],
      [
        0.02895240483472415,
        0.04369558678151344,
        0.05979582876450281,
        0.0768486985208707,
        0.09461381877597969,
        0.11293757086948318,
        0.1317177415550717,
        0.15088508287849187,
        0.17039283361245564,
        0.1902104102216678,
        0.2103194512451932,
        0.23071125619635593,
        0.2513850612816363,
        0.27234678349164093,
        0.05599486317166561,
        0.07193464175708549,
        0.08885280803282207,
        0.10650493423082077,
        0.12473359798461711,
        0.14343399483159447,
        0.1625353035180764,
        0.18198993800012658,
        0.2017670436828468,
        0.22184841321857326,
        0.24222583392231792,
        0.262899280163646,
        0.08585864873460385,
        0.10247860536605306,
        0.11986423146649551,
        0.13785710478175447,
        0.15634959107904098,
        0.17526804844229302,
        0.194562608754736,
        0.21420077832515072,
        0.23416332254082484,
        0.25444153772600936,
        0.11735653737831038,
        0.13439343726746683,
        0.15206375390225602,
        0.17026098633638423,
        0.18891072480321247,
        0.20796181155773216,
        0.22738053976144706,
        0.24714678625564723,
        0.14986647996439656,
        0.16716346521387787,
        0.18500713945116673,
        0.20332524290354823,
        0.22206729905893724,
        0.24119971687448638,
        0.18301036563682505,
        0.20046242422286578,
        0.2184026925264357,
        0.23678341481600007,
        0.21653004466353704,
        0.23405840187253335
      ]
    ]
  }
}