{
  "name": "Lebedev(027)",
  "degree": 27,
  "test_tolerance": 1.088e-13,
  "data": {
    "a1": [
      [
        -0.001313769127327
      ]
    ],
    "a2": [
      [
        -0.002522728704859
      ]
    ],
    "a3": [
      [
        0.004186853881701
      ]
    ],
    "pq0": [
      [
        0.004229582700647
      ],
      [
        0.17620819117478337
      ]
    ],
    "llm": [
      [
        0.005315167977811,
        0.004047142377086,
        0.004112482394407,
        0.003595584899759,
        0.004256131351428
      ],
      [
        0.4698507590609771,
        0.04573691253800472,
        0.2282797998614352,
        0.15340561934680283,
        0.38573458131145755
      ]
    ],
    "rsw": [
      [
        0.004080914225781,
        0.004071467593831
      ],
      [
        0.10903912649845819,
        0.13229823610597896
      ],
      [
        0.11154278376833886,
        0.1943382312726989
      ]
    ]
  }
}