{
  "name": "Lebedev(059)",
  "degree": 59,
  "test_tolerance": 3.286e-13,
  "data": {
    "a1": [
      [1.1051892332700000e-04]
    ],
    "a2": [
      [9.2052327380900002e-04]
    ],
    "a3": [
      [9.1331597864399998e-04]
    ],
    "pq0": [
      [5.1769773129699997e-04, 3.4200752605652571e-02],
      [7.3311436821000002e-04, 8.3131623643416336e-02],
      [8.4632328363799998e-04, 1.3701491459108198e-01],
      [9.0311226942499997e-04, 1.9307102433703996e-01]
    ],
    "llm": [
      [3.6904218980200000e-04, 1.6720424160189817e-02],
      [5.6039909286800002e-04, 4.1260173035864059e-02],
      [6.8652976292800003e-04, 6.9472970621406505e-02],
      [7.7203385511499995e-04, 9.9803531857918293e-02],
      [8.3015459588899998e-04, 1.3155235170779025e-01],
      [8.6866925501799996e-04, 1.6436581638357306e-01],
      [8.9270762858499999e-04, 1.9806578517872681e-01],
      [9.0608202385700004e-04, 2.3257851288553447e-01],
      [9.1197772549399996e-04, 2.6790167541606985e-01],
      [9.1287201385999996e-04, 3.4122382322370182e-01],
      [9.1307149356900002e-04, 3.7941562910807541e-01],
      [9.1528737845499996e-04, 4.1871960991855212e-01],
      [9.1874362743199999e-04, 4.5903955700964827e-01]
    ],
    "rsw": [
      [6.4857784531600004e-04, 9.1045385853115279e-02, 5.9125048710861904e-02],
      [7.4350309109799998e-04, 1.3476625655108154e-01, 8.7535540583541155e-02],
      [7.9985278918400004e-04, 5.5470843893378960e-02, 1.1063719205345883e-01],
      [8.1017314974700003e-04, 1.6014183229915946e-01, 1.1799025412338100e-01],
      [8.4833895745900002e-04, 9.2070189891579085e-02, 1.4034322517430972e-01],
      [8.5562992573100000e-04, 1.7669748867405466e-01, 1.4983568798515959e-01],
      [8.8032086797400005e-04, 4.0224891242256824e-02, 1.6563360925133691e-01],
      [8.8110481824300001e-04, 1.1785881091491886e-01, 1.7158415341836961e-01],
      [8.8502823412699996e-04, 1.8836275020540447e-01, 1.8274525247006784e-01],
      [9.0213422990399999e-04, 7.0476005927711624e-02, 1.9589548091013856e-01],
      [9.0100916771099996e-04, 1.3696162361876710e-01, 2.0401067271108056e-01],
      [9.0226929384299998e-04, 1.9702704234601376e-01, 2.1656025209281621e-01],
      [9.1580161746900003e-04, 3.1874701782779770e-02, 2.2216394131587347e-01],
      [9.1315780031900004e-04, 9.3940275700631959e-02, 2.2746279397069277e-01],
      [9.1078135794799996e-04, 1.5164004637018952e-01, 2.3744932011918268e-01],
      [9.1057602589700000e-04, 2.0369796009147373e-01, 2.5122346068669016e-01]
    ]
  }
}
