{
  "name": "Lebedev(015)",
  "degree": 15,
  "test_tolerance": 8.661e-14,
  "data": {
    "a1": [
      [
        0.011544011544012
      ]
    ],
    "a3": [
      [
        0.011943909085856
      ]
    ],
    "pq0": [
      [
        0.011812303746904
      ],
      [
        0.12209742089682904
      ]
    ],
    "llm": [
      [
        0.011110555710603,
        0.011876501294537
      ],
      [
        0.17507421939375692,
        0.43945478184831077
      ]
    ]
  }
}