{
  "name": "Lebedev(029)",
  "degree": 29,
  "test_tolerance": 1.178e-13,
  "data": {
    "a1": [
      [
        0.000854591172513
      ]
    ],
    "a3": [
      [
        0.003599119285026
      ]
    ],
    "pq0": [
      [
        0.002982344963172,
        0.003600820932216
      ],
      [
        0.08517895589394738,
        0.19379176117540764
      ]
    ],
    "llm": [
      [
        0.003449788424306,
        0.00360482260142,
        0.003576729661743,
        0.002352101413689,
        0.003108953122414,
        0.003650045807677
      ],
      [
        0.16563356975103555,
        0.3790032673123551,
        0.23318715063252082,
        0.04343224261369951,
        0.10163742647378354,
        0.45874666471640524
      ]
    ],
    "rsw": [
      [
        0.003571540554273,
        0.003392312205006
      ],
      [
        0.13741134098427596,
        0.09243609737808949
      ],
      [
        0.20479416681950366,
        0.1417721795944134
      ]
    ]
  }
}