{
  "name": "Lebedev(041)",
  "degree": 41,
  "test_tolerance": 1.918e-13,
  "data": {
    "a1": [
      [
        0.000309512129531
      ]
    ],
    "a3": [
      [
        0.001852379698597
      ]
    ],
    "pq0": [
      [
        0.001857161196774,
        0.001705153996396,
        0.001300321685886
      ],
      [
        0.20950773284392912,
        0.12976684006600994,
        0.05517743482053706
      ]
    ],
    "llm": [
      [
        0.001871790639278,
        0.001858812585438,
        0.001852028828296,
        0.001846715956151,
        0.001818471778163,
        0.001749564657281,
        0.001617210647254,
        0.001384737234852,
        0.000976433116505
      ],
      [
        0.4706131545204133,
        0.41285857069172793,
        0.35732296843765937,
        0.2528405584420119,
        0.20332297477589784,
        0.15546662032579706,
        0.10949767633856504,
        0.06615493890521401,
        0.027471383414140356
      ]
    ],
    "rsw": [
      [
        0.001842866472905,
        0.001802658934377,
        0.001849830560444,
        0.001713904507107,
        0.001555213603397,
        0.001802239128009
      ],
      [
        0.17829135533980064,
        0.16141723509493242,
        0.09381701658514019,
        0.13563251436750076,
        0.09147934984857113,
        0.05631373562990427
      ],
      [
        0.23038502106916164,
        0.18252702992240283,
        0.21505582406786847,
        0.1366839727348952,
        0.09357248336623095,
        0.17084986503447563
      ]
    ]
  }
}