{
  "name": "Lebedev(013)",
  "degree": 13,
  "test_tolerance": 6.606e-14,
  "data": {
    "a1": [
      [
        0.000513067179734
      ]
    ],
    "a2": [
      [
        0.016604069565742
      ]
    ],
    "a3": [
      [
        -0.029586038961039
      ]
    ],
    "pq0": [
      [
        0.016522170993716
      ],
      [
        0.10394254360193009
      ]
    ],
    "llm": [
      [
        0.026576207082159
      ],
      [
        0.23774520615063846
      ]
    ]
  }
}