{
  "name": "Lebedev(007)",
  "degree": 7,
  "test_tolerance": 2.059e-14,
  "data": {
    "a1": [
      [4.7619047619047998e-02]
    ],
    "a2": [
      [3.8095238095238002e-02]
    ],
    "a3": [
      [3.2142857142857001e-02]
    ]
  }
}
