{
  "name": "Lebedev(009)",
  "degree": 9,
  "test_tolerance": 4.131e-14,
  "data": {
    "a1": [
      [9.5238095238100000e-03]
    ],
    "a3": [
      [3.2142857142857001e-02]
    ],
    "pq0": [
      [2.8571428571429001e-02, 1.5204336199234819e-01]
    ]
  }
}
