{
  "name": "Lebedev(017)",
  "degree": 17,
  "test_tolerance": 3.299e-14,
  "data": {
    "a1": [
      [
        0.003828270494937
      ]
    ],
    "a3": [
      [
        0.009793737512488
      ]
    ],
    "pq0": [
      [
        0.009694996361663
      ],
      [
        0.15877185995996732
      ]
    ],
    "llm": [
      [
        0.008211737283191,
        0.009942814891178,
        0.009595471336071
      ],
      [
        0.08431378642264124,
        0.4307128024241377,
        0.18904115614172226
      ]
    ]
  }
}