{
  "name": "Lebedev(119)",
  "a1": [
    [9.6875218794000004e-05]
  ],
  "a2": [
    [2.3078978953700000e-04]
  ],
  "a3": [
    [2.2973108525000001e-04]
  ],
  "pq0": [
    [9.3122746966999993e-05, 1.4633268093293701e-02],
    [1.1999193858800000e-04, 3.3462389092328126e-02],
    [1.5980391388800000e-04, 5.6754040342175384e-02],
    [1.8222537635700001e-04, 8.2374134243730773e-02],
    [1.9885795936600001e-04, 1.0901192711829599e-01],
    [2.1126201025300001e-04, 1.3642262397953589e-01],
    [2.2015948877000000e-04, 1.6438864218918189e-01],
    [2.2616225908999999e-04, 1.9273033095644077e-01],
    [2.2964584534399999e-04, 2.2130770601583696e-01]
  ],
  "llm": [
    [7.3862659439999994e-05, 1.0516385924747362e-02],
    [8.2579776985000004e-05, 1.9607727759956711e-02],
    [9.7060447620999995e-05, 2.9026799358814248e-02],
    [1.3023938471200001e-04, 4.0642326089249718e-02],
    [1.5419570045999999e-04, 5.4131258857908281e-02],
    [1.7044597700899999e-04, 6.8580450801149703e-02],
    [1.8273748909400001e-04, 8.3606267709875073e-02],
    [1.9263608174399999e-04, 9.9053860707063776e-02],
    [2.0080102394900000e-04, 1.1484429655220994e-01],
    [2.0756359832100000e-04, 1.3092964419991071e-01],
    [2.1313066386899999e-04, 1.4727734560668404e-01],
    [2.1765623299400001e-04, 1.6386387750530554e-01],
    [2.2126822629899999e-04, 1.8067214609683985e-01],
    [2.2407995156699999e-04, 1.9769037475978798e-01],
    [2.2619598161900000e-04, 2.1491150246675975e-01],
    [2.2771563688100000e-04, 2.3233272360089904e-01],
    [2.2873517721300001e-04, 2.4995505609031266e-01],
    [2.2934908140800000e-04, 2.6778290225548135e-01],
    [2.2965053123800001e-04, 2.8582357281485271e-01],
    [2.2967938323200000e-04, 3.2258362430889304e-01],
    [2.2957854438400001e-04, 3.4132612734755713e-01],
    [2.2950179315299999e-04, 3.6032518829756327e-01],
    [2.2950596381800001e-04, 3.7958875015055438e-01],
    [2.2962323432399999e-04, 3.9911888341587753e-01],
    [2.2985301787399999e-04, 4.1890825413607846e-01],
    [2.3015797902800001e-04, 4.3893634985964675e-01],
    [2.3046904049999999e-04, 4.5916635731392214e-01],
    [2.3070279959099999e-04, 4.7954403395230100e-01]
  ],
  "rsw": [
    [1.0060069902700000e-04, 9.1750974403818547e-02, 2.4410278130508934e-02],
    [1.2276766896400000e-04, 1.3580210539409612e-01, 3.5382715864839764e-02],
    [1.4678642802700001e-04, 1.5953299849580979e-01, 4.8249372601740462e-02],
    [1.6441789121000001e-04, 1.7557097381661901e-01, 6.2221274511200221e-02],
    [1.7776648907200001e-04, 1.8699808292305223e-01, 7.6877237066328361e-02],
    [1.8848256645199999e-04, 1.9546818473295871e-01, 9.2026602306258420e-02],
    [1.9732692464500000e-04, 2.0197548955720607e-01, 1.0756867024480242e-01],
    [2.0467677758600000e-04, 2.0713322870671971e-01, 1.2344093669929387e-01],
    [2.1076001259200000e-04, 2.1132699380742836e-01, 1.3960113817894251e-01],
    [2.1574163622699999e-04, 2.1480749208731725e-01, 1.5601912401447615e-01],
    [2.1975578169200000e-04, 2.1774450760799194e-01, 1.7267289238979269e-01],
    [2.2291926118399999e-04, 2.2025728125329380e-01, 1.8954672467673767e-01],
    [2.2533851102099999e-04, 2.2243190002217569e-01, 2.0663024212585462e-01],
    [2.2711371075500000e-04, 2.2433175890594728e-01, 2.2391779598328637e-01],
    [2.2834140929199999e-04, 2.2600420410968869e-01, 2.4140796233184830e-01],
    [2.2911616731300001e-04, 2.2748493626130054e-01, 2.5910306579316977e-01],
    [2.2953139085800001e-04, 2.2880101820767618e-01, 2.7700869554303459e-01],
    [1.4382047213599999e-04, 5.5276282182960136e-02, 4.5016516214026352e-02],
    [1.6077380254999999e-04, 9.0891786527066545e-02, 5.8168758829755127e-02],
    [1.7414838535300000e-04, 1.1606584768892120e-01, 7.2156490082289387e-02],
    [1.8519184675200000e-04, 1.3466287782191522e-01, 8.6752852455574542e-02],
    [1.9446286380700001e-04, 1.4888184667192184e-01, 1.0183705003414102e-01],
    [2.0224954462800000e-04, 1.6008641609438060e-01, 1.1732491972964101e-01],
    [2.0874623824399999e-04, 1.6914583071357059e-01, 1.3315529432199105e-01],
    [2.1410747548199999e-04, 1.7662708772793559e-01, 1.4928400200024181e-01],
    [2.1846409137499999e-04, 1.8291259640483867e-01, 1.6567897781060953e-01],
    [2.2193091652199999e-04, 1.8826959652404424e-01, 1.8231697416161841e-01],
    [2.2461231183400001e-04, 1.9289039405464387e-01, 1.9918168092900812e-01],
    [2.2660627669200001e-04, 1.9691635865724391e-01, 2.1626262386917275e-01],
    [2.2800729522300000e-04, 2.0045299271403422e-01, 2.3355439892994348e-01],
    [2.2890820252000001e-04, 2.0357985431538875e-01, 2.5105604362918860e-01],
    [2.2940126951199999e-04, 2.0635731909135352e-01, 2.6877046285286710e-01],
    [1.7224344887399999e-04, 3.9378288987501037e-02, 6.9720955626965869e-02],
    [1.8302374214599999e-04, 6.8765214992033599e-02, 8.3480286761274294e-02],
    [1.9238553500000000e-04, 9.1380062524357417e-02, 9.7868672712272328e-02],
    [2.0040678619399999e-04, 1.0923879941714051e-01, 1.1277518194583593e-01],
    [2.0718172973499999e-04, 1.2367272022505514e-01, 1.2811231242293247e-01],
    [2.1282508341000000e-04, 1.3557553914812265e-01, 1.4381388857638544e-01],
    [2.1745137194400000e-04, 1.4555844267897486e-01, 1.5983162224390302e-01],
    [2.2116618391500000e-04, 1.5405091609008043e-01, 1.7613046963974818e-01],
    [2.2406652578099999e-04, 1.6136311154174407e-01, 1.9268515215710519e-01],
    [2.2624395166300000e-04, 1.6772384900060022e-01, 2.0947806768341121e-01],
    [2.2778745572299999e-04, 1.7330450249100102e-01, 2.2649801525426480e-01],
    [2.2878543144499999e-04, 1.7823474250845384e-01, 2.4373928716683302e-01],
    [2.2932684996200000e-04, 1.8261331449142987e-01, 2.6120092361521785e-01],
    [1.9126282015300000e-04, 3.0826486217527829e-02, 9.5838555003585013e-02],
    [1.9924996722400001e-04, 5.5437285128824246e-02, 1.0996392769038052e-01],
    [2.0612755334499999e-04, 7.5447933506145023e-02, 1.2463585758948627e-01],
    [2.1193182159699999e-04, 9.1999795134575138e-02, 1.3976275969351334e-01],
    [2.1674165818800001e-04, 1.0590256029388166e-01, 1.5527533859903808e-01],
    [2.2064307305199999e-04, 1.1773708480210619e-01, 1.7112279130974364e-01],
    [2.2371869387000001e-04, 1.2792807449444732e-01, 1.8726799085545387e-01],
    [2.2604800750300000e-04, 1.3679195959290727e-01, 2.0368400494827041e-01],
    [2.2770988845600000e-04, 1.4456781959171353e-01, 2.2035202512766836e-01],
    [2.2878457151100001e-04, 1.5143795264924456e-01, 2.3726007126828003e-01],
    [2.2935472682399999e-04, 1.5754212552618363e-01, 2.5440202881169705e-01],
    [2.0560738398500000e-04, 2.5368727813601492e-02, 1.2285883675780981e-01],
    [2.1142358658300000e-04, 4.6516918040560913e-02, 1.3726662608864851e-01],
    [2.1631756297700000e-04, 6.4370734127695353e-02, 1.5214524225422435e-01],
    [2.2033921581099999e-04, 7.9620531273394107e-02, 1.6742616688720019e-01],
    [2.2354731768499999e-04, 9.2783349758120789e-02, 1.8305841978191756e-01],
    [2.2600241414999999e-04, 1.0425098426147628e-01, 1.9900412993375799e-01],
    [2.2776759293300001e-04, 1.1432372391005954e-01, 2.1523548117911101e-01],
    [2.2891021122799999e-04, 1.2323345302858435e-01, 2.3173291593970030e-01],
    [2.2950279546299999e-04, 1.3115990614661632e-01, 2.4848396150511579e-01],
    [2.1612815898800001e-04, 2.1601407141936407e-02, 1.5054956776138143e-01],
    [2.2019804774000000e-04, 4.0167579666447580e-02, 1.6515510453413385e-01],
    [2.2349520665900001e-04, 5.6267816815705245e-02, 1.8017406638553224e-01],
    [2.2605400985199999e-04, 7.0344731705236210e-02, 1.9555697106582798e-01],
    [2.2791579818999999e-04, 8.2744373552056494e-02, 2.1126635077307532e-01],
    [2.2912969185700000e-04, 9.3738673054977059e-02, 2.2727433676348735e-01],
    [2.2975337525399999e-04, 1.0354168759119256e-01, 2.4356125198500728e-01],
    [2.2349273564699999e-04, 1.8859462807990477e-02, 1.7870662368990595e-01],
    [2.2612880129900000e-04, 3.5437914736334987e-02, 1.9344302424510040e-01],
