{
  "name": "Lebedev(095)",
  "a1": [
    [2.5990959538000000e-05]
  ],
  "a2": [
    [3.6031340896900001e-04]
  ],
  "a3": [
    [3.5860679744099998e-04]
  ],
  "pq0": [
    [1.4564470967399999e-04, 1.7806326130661489e-02],
    [2.2523701882799999e-04, 4.4947649826731696e-02],
    [2.7661354434699997e-04, 7.5968729602519450e-02],
    [3.1107294914999999e-04, 1.0909458634282024e-01],
    [3.3425067122999999e-04, 1.4347412010759739e-01],
    [3.4919818340299998e-04, 1.7861837137640935e-01],
    [3.5760036043500001e-04, 2.1420666842423691e-01]
  ],
  "llm": [
    [9.8315284743999995e-05, 8.4914784913363833e-03],
    [1.6050231079500001e-04, 2.1625200928923099e-02],
    [2.0722001314600001e-04, 3.7199809475789387e-02],
    [2.4312976188099999e-04, 5.4300342676729292e-02],
    [2.7118190645000003e-04, 7.2459219134874672e-02],
    [2.9327620383199997e-04, 9.1401164707510571e-02],
    [3.1070325142000001e-04, 1.1095207978550450e-01],
    [3.2438080589199998e-04, 1.3099759338729772e-01],
    [3.3498990913700000e-04, 1.5146147974388993e-01],
    [3.4305806885100002e-04, 1.7229343708883429e-01],
    [3.4901241092899997e-04, 1.9346178184185475e-01],
    [3.5321489485599998e-04, 2.1494891505620109e-01],
    [3.5598626690599999e-04, 2.3674841919071238e-01],
    [3.5762243175500001e-04, 2.5886310795929390e-01],
    [3.5840505330900002e-04, 2.8130355966846415e-01],
    [3.5849035813699997e-04, 3.2723414474220325e-01],
    [3.5829918790400000e-04, 3.5076920668375916e-01],
    [3.5823711879600002e-04, 3.7471263299687224e-01],
    [3.5843536311199999e-04, 3.9907537185673680e-01],
    [3.5891201665200001e-04, 4.2384837461845704e-01],
    [3.5954457045299999e-04, 4.4899023881292777e-01],
    [3.6009435571099997e-04, 4.7441677499555912e-01]
  ],
  "rsw": [
    [1.9219213057900000e-04, 9.0851643067682078e-02, 3.1465662351515905e-02],
    [2.3014582165000000e-04, 1.3435012987204045e-01, 4.7391274897813765e-02],
    [2.6042485495200002e-04, 1.5949159054664724e-01, 6.4743652733935217e-02],
    [2.8452754258699998e-04, 1.7581481825424403e-01, 8.3091051628271087e-02],
    [3.0368708979699999e-04, 1.8726279838436768e-01, 1.0217994835018449e-01],
    [3.1884148323000001e-04, 1.9574180715936648e-01, 1.2185054471509318e-01],
    [3.3070464147200000e-04, 2.0228096307512089e-01, 1.4199834411329149e-01],
    [3.3983309690300000e-04, 2.0748271274310928e-01, 1.6255425833037224e-01],
    [3.4667578997099998e-04, 2.1172206500203161e-01, 1.8347340475624949e-01],
    [3.5160959232300002e-04, 2.1524379429238114e-01, 2.0472843521609305e-01],
    [3.5496451840500001e-04, 2.1821363386661324e-01, 2.2630540159341608e-01],
    [3.5704159694399998e-04, 2.2074692285287065e-01, 2.4820109209436331e-01],
    [3.5812517985000001e-04, 2.2292542923153252e-01, 2.7042119121176594e-01],
    [2.5434913299100001e-04, 5.5057764324450115e-02, 6.0643393234526520e-02],
    [2.7867110513299999e-04, 9.1162298940482209e-02, 7.7795074530524783e-02],
    [2.9855523610800000e-04, 1.1644339534113997e-01, 9.5974693870492400e-02],
    [3.1458679291499999e-04, 1.3507225317618396e-01, 1.1492342603434177e-01],
    [3.2732906620700002e-04, 1.4935442403997615e-01, 1.3447671452436294e-01],
    [3.3727055119399998e-04, 1.6065112739682047e-01, 1.5452683896978980e-01],
    [3.4482744378499998e-04, 1.6981124601058925e-01, 1.7500276656351987e-01],
    [3.5035927830499999e-04, 1.7738828884663443e-01, 1.9585862595374656e-01],
    [3.5418547926600001e-04, 1.8375632088577024e-01, 2.1706680119919253e-01],
    [3.5659955179100002e-04, 1.8917528848309420e-01, 2.3861363429976987e-01],
    [3.5788020782999999e-04, 1.9382950251572409e-01, 2.6049662842612681e-01],
    [2.9586445928599998e-04, 3.9573723292774400e-02, 9.2744277049835108e-02],
    [3.1195481291200000e-04, 6.9077630881621860e-02, 1.1057845952784265e-01],
    [3.2507452250100000e-04, 9.1806318187870731e-02, 1.2921937707613373e-01],
    [3.3551534159399998e-04, 1.0981020998375317e-01, 1.4850101251605247e-01],
    [3.4358475685499997e-04, 1.2440734609770791e-01, 1.6831231500083096e-01],
    [3.4957868316200003e-04, 1.3647287735999802e-01, 1.8857905880256401e-01],
    [3.5377678055299998e-04, 1.4660501010704388e-01, 2.0925288683827323e-01],
    [3.5644598154200002e-04, 1.5522271647497160e-01, 2.3030450756758208e-01],
    [3.5784640612300002e-04, 1.6262497682493987e-01, 2.5171934636228960e-01],
    [3.2397487628399999e-04, 3.0997494536175008e-02, 1.2650692621088908e-01],
    [3.3454917841699999e-04, 5.5793896821439058e-02, 1.4474962575433292e-01],
    [3.4291261772999998e-04, 7.6017539414171206e-02, 1.6366334732767546e-01],
    [3.4924203430999998e-04, 9.2795515201271828e-02, 1.8313824230521639e-01],
    [3.5373990502400002e-04, 1.0692009325938520e-01, 2.0309929262528792e-01],
    [3.5662091526600002e-04, 1.1895721147352750e-01, 2.2349687087566739e-01],
    [3.5810843219200001e-04, 1.2931678922977702e-01, 2.4430059419858002e-01],
    [3.4265221175900002e-04, 2.5582990466131734e-02, 1.6127507663481910e-01],
    [3.4918487701200002e-04, 4.6984704777535788e-02, 1.7976340654842216e-01],
    [3.5393182352299999e-04, 6.5112349972548375e-02, 1.9883523525711896e-01],
    [3.5702314384599999e-04, 8.0635454614735591e-02, 2.1841811256686908e-01],
    [3.5862073350499999e-04, 9.4050971523377963e-02, 2.3846345426669463e-01],
    [3.5411962051599998e-04, 2.1873318469614950e-02, 1.9664915215120718e-01],
    [3.5742969115700000e-04, 4.0745468168720503e-02, 2.1527283022919985e-01],
    [3.5919932798200000e-04, 5.7160167070153790e-02, 2.3442242541551717e-01],
    [3.5958550346600000e-04, 1.9181495137045916e-02, 2.3235214507614843e-01]
  ],
  "degree": 95,
  "test_tolerance": 5.255e-13
}
