{
  "name": "Lebedev(023)",
  "degree": 23,
  "test_tolerance": 8.877e-14,
  "data": {
    "a1": [
      [1.7823404472450000e-03]
    ],
    "a2": [
      [5.7169059499770003e-03]
    ],
    "a3": [
      [5.5733831788490002e-03]
    ],
    "pq0": [
      [5.0518460646149996e-03, 1.1238233293417914e-01]
    ],
    "llm": [
      [5.6087040825879998e-03, 3.9826475622270380e-01],
      [5.1582377118049999e-03, 1.3414207692558380e-01],
      [5.5187714672740003e-03, 2.1649096395255887e-01],
      [4.1067770281689999e-03, 5.8824910000983513e-02]
    ],
    "rsw": [
      [5.5302489162329998e-03, 9.3610506016528261e-02, 1.8486738992916613e-01]
    ]
  }
}
