{
  "name": "Lebedev(089)",
  "a1": [
    [2.9986751498999999e-05]
  ],
  "a3": [
    [4.0778605295000000e-04]
  ],
  "pq0": [
    [1.7389868117500000e-04, 1.9504083272014666e-02],
    [2.6596160452799998e-04, 4.8992350041235998e-02],
    [3.2405960081700002e-04, 8.2533223562092500e-02],
    [3.6211959644300002e-04, 1.1822519839431116e-01],
    [3.8688383307599998e-04, 1.5516757030789682e-01],
    [4.0189115326900001e-04, 1.9284298215381002e-01],
    [4.0899294329799999e-04, 2.3090699168193182e-01]
  ],
  "llm": [
    [1.1853491925200000e-04, 9.2996211747984441e-03],
    [1.9134086434300000e-04, 2.3659215108291817e-02],
    [2.4528865772099998e-04, 4.0594837447854165e-02],
    [2.8624081832899999e-04, 5.9131240474549589e-02],
    [3.1780322582600001e-04, 7.8771657558767291e-02],
    [3.4229456676300002e-04, 9.9226275781960083e-02],
    [3.6127905202400001e-04, 1.2031450406935230e-01],
    [3.7586382298199997e-04, 1.4192006474436658e-01],
    [3.8687117988599998e-04, 1.6396770467049449e-01],
    [3.9494299331899998e-04, 1.8641014672799455e-01],
    [4.0060681075399998e-04, 2.0922039460299993e-01],
    [4.0431921496699997e-04, 2.3238702174833858e-01],
    [4.0649474958100000e-04, 2.5591115848150697e-01],
    [4.0752456198100002e-04, 2.7980436335312925e-01],
    [4.0764235408899998e-04, 3.2878448596405491e-01],
    [4.0742808622500000e-04, 3.5392629862874120e-01],
    [4.0741637560100003e-04, 3.7953686493412986e-01],
    [4.0776477950699999e-04, 4.0562664562776279e-01],
    [4.0845175527800002e-04, 4.3217699819956279e-01],
    [4.0924684592199997e-04, 4.5912298323253270e-01],
    [4.0978726872399997e-04, 4.8634166650348870e-01]
  ],
  "rsw": [
    [2.2799075277100001e-04, 9.0868495448714684e-02, 3.4366814701277289e-02],
    [2.7152054905800000e-04, 1.3438217012923867e-01, 5.1644421330199426e-02],
    [3.0579178966999999e-04, 1.5954236093630902e-01, 7.0425508011736776e-02],
    [3.3269130524499999e-04, 1.7588550976799394e-01, 9.0248036695645614e-02],
    [3.5373347118899999e-04, 1.8735370470068727e-01, 1.1084459756408502e-01],
    [3.7005675007799999e-04, 1.9585248971516858e-01, 1.3204947781981466e-01],
    [3.8252453725900001e-04, 2.0241019462254559e-01, 1.5375671527552909e-01],
    [3.9181251715200000e-04, 2.0762836888005923e-01, 1.7589859050107451e-01],
    [3.9847204199400000e-04, 2.1188095922911135e-01, 1.9843365889485140e-01],
    [4.0297460033400002e-04, 2.1541144144517566e-01, 2.2133971967495242e-01],
    [4.0574286321599999e-04, 2.1838392518490038e-01, 2.4460950296105605e-01],
    [4.0717192741100000e-04, 2.2091169113093448e-01, 2.6824785418282182e-01],
    [2.9902369506600002e-04, 5.5089534111938475e-02, 6.5981886895949221e-02],
    [3.2629517342099999e-04, 9.1233768928491762e-02, 8.4513579204617287e-02],
    [3.4826346082400002e-04, 1.1655782680613067e-01, 1.0412844646981298e-01],
    [3.6565966817000002e-04, 1.3523033141502266e-01, 1.2455231517854437e-01],
    [3.7917404677900002e-04, 1.4955486971484258e-01, 1.4561357152343674e-01],
    [3.8940344501599999e-04, 1.6089079428781922e-01, 1.6720229214098942e-01],
    [3.9686002455099998e-04, 1.7008496585779787e-01, 1.8924841946053073e-01],
    [4.0199313514199998e-04, 1.7768852416441078e-01, 2.1170940495876650e-01],
    [4.0521088012800003e-04, 1.8407262919685871e-01, 2.3456288809155920e-01],
    [4.0689786139400000e-04, 1.8949357358778679e-01, 2.5780216116348348e-01],
    [3.4542753513200000e-04, 3.9625583080981103e-02, 1.0062502552805537e-01],
    [3.6299635370100000e-04, 6.9191932919281884e-02, 1.1983775907421261e-01],
    [3.7701872338899997e-04, 9.1987274857231544e-02, 1.3990431349250007e-01],
    [3.8786086136900002e-04, 1.1005739257320142e-01, 1.6065107710970586e-01],
    [3.9590652702200000e-04, 1.2471640471346784e-01, 1.8196424996532481e-01],
    [4.0152869754599997e-04, 1.3683560526132291e-01, 2.0377022223408525e-01],
    [4.0508667856100001e-04, 1.4700893386425731e-01, 2.2602383303298287e-01],
    [4.0693201850499998e-04, 1.5565027566694820e-01, 2.4870114433171436e-01],
    [3.7601209640599999e-04, 3.1070366437438369e-02, 1.3695207931460154e-01],
    [3.8709695644200000e-04, 5.5950935472480680e-02, 1.5656068154418076e-01],
    [3.9552877905299998e-04, 7.6262109780602938e-02, 1.7688469742993385e-01],
    [4.0153619112999998e-04, 9.3124132887366845e-02, 1.9781170620276076e-01],
    [4.0538369867200002e-04, 1.0732270843070195e-01, 2.1926740384215249e-01],
    [4.0735786732999999e-04, 1.1941677099067832e-01, 2.4120554446321030e-01],
    [3.9546283792299999e-04, 2.5676175296736718e-02, 1.7426866411547765e-01],
    [4.0176455088499998e-04, 4.7180839679491243e-02, 1.9410348608945335e-01],
    [4.0590303486499999e-04, 6.5411311033306316e-02, 2.1456648708853332e-01],
    [4.0805658094800000e-04, 8.1027316471850686e-02, 2.3558660319741667e-01],
    [4.0630187536599998e-04, 2.1984038590388839e-02, 2.1214959166416331e-01],
    [4.0871912928000000e-04, 4.0972180515830611e-02, 2.3209355666287107e-01]
  ],
  "degree": 89,
  "test_tolerance": 7.861e-13
}
