{
  "name": "Lebedev(011)",
  "degree": 11,
  "test_tolerance": 2.193e-14,
  "data": {
    "a1": [
      [
        0.012698412698413
      ]
    ],
    "a2": [
      [
        0.022574955908289
      ]
    ],
    "a3": [
      [
        0.02109375
      ]
    ],
    "llm": [
      [
        0.020173335537919
      ],
      [
        0.1402188990037717
      ]
    ]
  }
}