{
  "name": "Lebedev(017)",
  "degree": 17,
  "test_tolerance": 3.299e-14,
  "data": {
    "a1": [
      [3.8282704949370002e-03]
    ],
    "a3": [
      [9.7937375124880002e-03]
    ],
    "pq0": [
      [9.6949963616630008e-03, 1.5877185995996732e-01]
    ],
    "llm": [
      [8.2117372831910004e-03, 8.4313786422641243e-02],
      [9.9428148911780007e-03, 4.3071280242413768e-01],
      [9.5954713360710004e-03, 1.8904115614172226e-01]
    ]
  }
}
