{
  "name": "Lebedev(059)",
  "degree": 59,
  "test_tolerance": 3.286e-13,
  "data": {
    "a1": [
      [
        0.000110518923327
      ]
    ],
    "a2": [
      [
        0.000920523273809
      ]
    ],
    "a3": [
      [
        0.000913315978644
      ]
    ],
    "pq0": [
      [
        0.000517697731297,
        0.00073311436821,
        0.000846323283638,
        0.000903112269425
      ],
      [
        0.03420075260565257,
        0.08313162364341634,
        0.13701491459108198,
        0.19307102433703996
      ]
    ],
    "llm": [
      [
        0.000369042189802,
        0.000560399092868,
        0.000686529762928,
        0.000772033855115,
        0.000830154595889,
        0.000868669255018,
        0.000892707628585,
        0.000906082023857,
        0.000911977725494,
        0.00091287201386,
        0.000913071493569,
        0.000915287378455,
        0.000918743627432
      ],
      [
        0.016720424160189817,
        0.04126017303586406,
        0.0694729706214065,
        0.09980353185791829,
        0.13155235170779025,
        0.16436581638357306,
        0.1980657851787268,
        0.23257851288553447,
        0.26790167541606985,
        0.3412238232237018,
        0.3794156291080754,
        0.4187196099185521,
        0.45903955700964827
      ]
    ],
    "rsw": [
      [
        0.000648577845316,
        0.000743503091098,
        0.000799852789184,
        0.000810173149747,
        0.000848338957459,
        0.000855629925731,
        0.000880320867974,
        0.000881104818243,
        0.000885028234127,
        0.000902134229904,
        0.000901009167711,
        0.000902269293843,
        0.000915801617469,
        0.000913157800319,
        0.000910781357948,
        0.000910576025897
      ],
      [
        0.09104538585311528,
        0.13476625655108154,
        0.05547084389337896,
        0.16014183229915946,
        0.09207018989157909,
        0.17669748867405466,
        0.040224891242256824,
        0.11785881091491886,
        0.18836275020540447,
        0.07047600592771162,
        0.1369616236187671,
        0.19702704234601376,
        0.03187470178277977,
        0.09394027570063196,
        0.15164004637018952,
        0.20369796009147373
      ],
      [
        0.059125048710861904,
        0.08753554058354115,
        0.11063719205345883,
        0.117990254123381,
        0.14034322517430972,
        0.1498356879851596,
        0.1656336092513369,
        0.1715841534183696,
        0.18274525247006784,
        0.19589548091013856,
        0.20401067271108056,
        0.2165602520928162,
        0.22216394131587347,
        0.22746279397069277,
        0.23744932011918268,
        0.25122346068669016
      ]
    ]
  }
}