{
  "name": "Lebedev(009)",
  "degree": 9,
  "test_tolerance": 4.131e-14,
  "data": {
    "a1": [
      [
        0.00952380952381
      ]
    ],
    "a3": [
      [
        0.032142857142857
      ]
    ],
    "pq0": [
      [
        0.028571428571429
      ],
      [
        0.1520433619923482
      ]
    ]
  }
}