{
  "name": "Lebedev(125)",
  "degree": 125,
  "test_tolerance": 8.407e-13,
  "data": {
    "a1": [
      [
        9.0805107643e-05
      ]
    ],
    "a3": [
      [
        0.000208482436199
      ]
    ],
    "pq0": [
      [
        7.5917081174e-05,
        0.000108338396817,
        0.000140301939529,
        0.000161597017929,
        0.00017711441875,
        0.000188776002299,
        0.000197347467077,
        0.000203378766123,
        0.000207234362652,
        0.000209117783423
      ],
      [
        0.0122272800733374,
        0.031358021314585115,
        0.05327159232476883,
        0.07733443578088112,
        0.10251681487866783,
        0.12847228711290487,
        0.15498299192569068,
        0.18187924973307468,
        0.20903016391066756,
        0.2363274194008368
      ]
    ],
    "llm": [
      [
        5.0111056572e-05,
        5.9425204097e-05,
        9.5643948261e-05,
        0.000118553065713,
        0.000136451011423,
        0.000150582882561,
        0.000161929874987,
        0.000171245050427,
        0.000178989109816,
        0.000185447495563,
        0.000190814863667,
        0.000195237740528,
        0.000198834925428,
        0.000201707980716,
        0.000203947308271,
        0.000205636027929,
        0.000206852582307,
        0.000207672487753,
        0.000208169427824,
        0.000208415763122,
        0.000208438153113,
        0.000208347627713,
        0.000208268619446,
        0.000208247568611,
        0.000208313986029,
        0.000208474556183,
        0.000208709131338,
        0.00020897184133,
        0.000209200330348,
        0.000209333614826
      ],
      [
        0.010370154728179072,
        0.016921349905386622,
        0.026237512831250583,
        0.0379169709701096,
        0.0507644298779388,
        0.06436585073662636,
        0.0785087060996483,
        0.09307034997457828,
        0.10797423771743253,
        0.12316928382347049,
        0.13861967848048073,
        0.15429949627873993,
        0.17018980238335438,
        0.18627708646592972,
        0.20255235349932824,
        0.21901051941436284,
        0.23564994889491964,
        0.25247206217045837,
        0.2694809690338038,
        0.2866830912891763,
        0.32170146690868673,
        0.33953743424370153,
        0.35760412753497606,
        0.3759088478631594,
        0.3944545521917069,
        0.41323716441219555,
        0.4322425704684371,
        0.45144385720653785,
        0.4707997141844027,
        0.49025509912850934
      ]
    ],
    "rsw": [
      [
        9.3166844847e-05,
        0.000111619368868,
        0.000129862355156,
        0.000145023683246,
        0.000157271995815,
        0.000167323478587,
        0.000175686011873,
        0.000182677629044,
        0.000188511634799,
        0.000193345786017,
        0.00019730606719,
        0.000200498709962,
        0.000203017090928,
        0.000204946146012,
        0.00020636535652,
        0.000207350792738,
        0.000207976459326,
        0.000208315053497,
        0.000126271512159,
        0.000141438612855,
        0.000153874040131,
        0.000164243494233,
        0.000172979060924,
        0.000180350519026,
        0.000186547535008,
        0.000191718266968,
        0.000195985170903,
        0.000199452954812,
        0.000202213891115,
        0.000204351802421,
        0.000205945031302,
        0.000207068571532,
        0.000207795531069,
        0.000208198038782,
        0.000152131861038,
        0.000162277272019,
        0.000171049813942,
        0.000178591114945,
        0.000185012531369,
        0.000190422970393,
        0.000194925995612,
        0.000198616154536,
        0.000201579058564,
        0.000203893419871,
        0.000205633406054,
        0.000206870595946,
        0.000207675390611,
        0.000208117939173,
        0.000170034521623,
        0.000177490677999,
        0.0001839659377,
        0.000189498746298,
        0.000194154880945,
        0.000198007842725,
        0.000201129628474,
        0.000203588845697,
        0.000205451632535,
        0.000206783103309,
        0.000207648532028,
        0.000208114143953,
        0.000183438301547,
        0.000188954059178,
        0.00019366770236,
        0.000197617649507,
        0.000200853600456,
        0.000203428035171,
        0.000205394446603,
        0.000206807764288,
        0.000207725094966,
        0.000208206244071,
        0.000193437448655,
        0.000197410701048,
        0.000200712929039,
        0.000203373694747,
        0.00020542871259,
        0.000206918493682,
        0.000207888368981,
        0.000208388636612,
        0.000200659327547,
        0.000203372842614,
        0.000205500878138,
        0.000207065178352,
        0.000208095333509,
        0.000208628499899,
        0.000205554938764,
        0.000207187185027,
        0.000208285660043,
        0.000208870585882,
        0.000208399586754,
        0.000209050971289
      ],
      [
        0.09012636296744164,
        0.1346442931603896,
        0.15950767583470055,
        0.17561712910914978,
        0.18699113302697762,
        0.19542637654942827,
        0.20191730688850307,
        0.20706589456111046,
        0.2112527875091941,
        0.21472744934880078,
        0.21765940322029603,
        0.22016781632878143,
        0.22233885028263625,
        0.2242361770430969,
        0.2259076302806007,
        0.22738958536386672,
        0.22870993735006442,
        0.22989017282376814,
        0.05515512256026261,
        0.09099187634526304,
        0.11609130309265848,
        0.13461361004959066,
        0.14879266648213288,
        0.15997544458093477,
        0.1690189965911007,
        0.17648652695422162,
        0.18275983943393823,
        0.18810610095779381,
        0.1927176681190042,
        0.1967362540529479,
        0.20026810539286616,
        0.20339392272465742,
        0.20617557433232722,
        0.20866075859467562,
        0.03941028025430509,
        0.06873763434828653,
        0.09129901797134436,
        0.10912251981954836,
        0.12352966531571986,
        0.13540849558689305,
        0.14536923887551031,
        0.15384162902729173,
        0.16113600597060737,
        0.1674815028240045,
        0.173050272174846,
        0.17797335159579097,
        0.18235142093220438,
        0.18626230107937097,
        0.03079257975297781,
        0.05536128560142009,
        0.07533401069515712,
        0.09185031676141037,
        0.10571891183405266,
        0.11752130645637797,
        0.12768288123464533,
        0.13652050869977778,
        0.14427398585052412,
        0.15112698907187344,
        0.15722142565632113,
        0.1626675425458804,
        0.02532508100578916,
        0.04642844996120459,
        0.06423722763290415,
        0.07944269305847527,
        0.09256320466879381,
        0.10399154701924673,
        0.11402887166058162,
        0.12290839869853407,
        0.13081203498008256,
        0.13788228024837046,
        0.021552567328192232,
        0.04006705163172344,
        0.056114816577325075,
        0.07014039441664384,
        0.08249135877802373,
        0.09344118901431282,
        0.10320613363919821,
        0.11195762822953943,
        0.018804643571100836,
        0.035325186761107394,
        0.04993404617015873,
        0.06293041358870975,
        0.07455506125389763,
        0.08500183761206065,
        0.016720321133884327,
        0.03166412502721149,
        0.04508436639190506,
        0.057188455484861234,
        0.01508849379552935,
        0.028756638475066133
      ],
      [
        0.022081809907520338,
        0.03303389945888849,
        0.04525210350388219,
        0.05838935640593082,
        0.07217284560667382,
        0.08644508443751665,
        0.10110878625952792,
        0.11609905098916502,
        0.13137056480756018,
        0.14689075034997995,
        0.1626358121853319,
        0.17858847420281362,
        0.19473667446532816,
