{
  "name": "Lebedev(083)",
  "a1": [
    [3.9226162707000000e-05]
  ],
  "a2": [
    [4.7038317508499999e-04]
  ],
  "a3": [
    [4.6782028012799998e-04]
  ],
  "pq0": [
    [2.0999422810700000e-04, 2.1483230080719451e-02],
    [3.1722691507099997e-04, 5.3688384512778804e-02],
    [3.8320513585500001e-04, 9.0120927081025551e-02],
    [4.2521938181499998e-04, 1.2874501337985692e-01],
    [4.5138079637499999e-04, 1.6860448658816918e-01],
    [4.6577974691100000e-04, 2.0914825286955899e-01]
  ],
  "llm": [
    [1.4378322289800000e-04, 1.0310535659062601e-02],
    [2.3035724935800000e-04, 2.6044078957271441e-02],
    [2.9331107524499999e-04, 4.4544814909259461e-02],
    [3.4029059983600003e-04, 6.4734911783467922e-02],
    [3.7591384668699999e-04, 8.6079225771059434e-02],
    [4.0306384479000000e-04, 1.0827224463759817e-01],
    [4.2365914322399999e-04, 1.3112750294976167e-01],
    [4.3905226569500002e-04, 1.5452812760064788e-01],
    [4.5025234666300001e-04, 1.7840164434395828e-01],
    [4.5805777277800001e-04, 2.0270607993191486e-01],
    [4.6313916166199997e-04, 2.2742189873716076e-01],
    [4.6609289537000002e-04, 2.5254711446731087e-01],
    [4.6747518079400002e-04, 2.7809406157826799e-01],
    [4.6764149039300000e-04, 3.3055750758729435e-01],
    [4.6740864923500001e-04, 3.5754201306062255e-01],
    [4.6749285394800000e-04, 3.8506984706068115e-01],
    [4.6807489796900001e-04, 4.1314929942627898e-01],
    [4.6904498063900002e-04, 4.4174524515098240e-01],
    [4.6998770758599999e-04, 4.7075537548704388e-01]
  ],
  "rsw": [
    [2.7333628005199998e-04, 9.0884725129202884e-02, 3.7743625637352785e-02],
    [3.2354853684600000e-04, 1.3442239982419044e-01, 5.6581246121929142e-02],
    [3.6249087260100001e-04, 1.5960668222432448e-01, 7.7006240855994113e-02],
    [3.9255400707100002e-04, 1.7597464333125812e-01, 9.8523778193216158e-02],
    [4.1561297811200002e-04, 1.8746763179651368e-01, 1.2085224031518965e-01],
    [4.3306449846200001e-04, 1.9599015346591778e-01, 1.4382072327200804e-01],
    [4.4596777259200000e-04, 2.0256938328271545e-01, 1.6732318186207223e-01],
    [4.5515930044600001e-04, 2.0780551122175309e-01, 1.9129519268422873e-01],
    [4.6133414627500002e-04, 2.1207081261467009e-01, 2.1570120393595657e-01],
    [4.6510196182699998e-04, 2.1560665247082370e-01, 2.4052715022858334e-01],
    [4.6702495361000001e-04, 2.1857442806027219e-01, 2.6577591697740255e-01],
    [3.5495555764399999e-04, 5.5130070446995944e-02, 7.2165047640393387e-02],
    [3.8561082452500002e-04, 9.1324219451908203e-02, 9.2280705528800425e-02],
    [4.0986228457600001e-04, 1.1670182943449679e-01, 1.1354199196436619e-01],
    [4.2863286042700002e-04, 1.3542796525954431e-01, 1.3565851486038821e-01],
    [4.4278021989899998e-04, 1.4980340556108718e-01, 1.5845204047317685e-01],
    [4.5304735114900000e-04, 1.6118476007373866e-01, 1.8181171606183896e-01],
    [4.6008054757000000e-04, 1.7041578793307280e-01, 2.0567040966642677e-01],
    [4.6445990599599998e-04, 1.7804384755163255e-01, 2.2999147665371070e-01],
    [4.6672744557100002e-04, 1.8443530876371811e-01, 2.5476099527389789e-01],
    [4.0693605180200002e-04, 3.9691012871752543e-02, 1.0971921112740224e-01],
    [4.2604428199200000e-04, 6.9335427015838280e-02, 1.3050952117630829e-01],
    [4.4086785080300000e-04, 9.2212933343718106e-02, 1.5220870821515906e-01],
    [4.5187481155500002e-04, 1.1036290574537860e-01, 1.7463595623685488e-01],
    [4.5955648753800000e-04, 1.2509380222310257e-01, 1.9767599129304933e-01],
    [4.6439887743199998e-04, 1.3727104621488875e-01, 2.2125786065218556e-01],
    [4.6688274916500001e-04, 1.4748176427821896e-01, 2.4534236611501609e-01],
    [4.4005418237400001e-04, 3.1161557211991396e-02, 1.4897125002254311e-01],
    [4.5145128901899999e-04, 5.6146117356132473e-02, 1.7013923493949570e-01],
    [4.5961986273500001e-04, 7.6563208362730450e-02, 1.9207633063620311e-01],
    [4.6486590167999999e-04, 9.3523267874909402e-02, 2.1466903585235447e-01],
    [4.6755020171599998e-04, 1.0780208571690666e-01, 2.3784606027736599e-01],
    [4.5984944764599999e-04, 2.5791431603201697e-02, 1.8918326318817155e-01],
    [4.6549169551499998e-04, 4.7420963751902127e-02, 2.1055131325424792e-01],
    [4.6847097795099999e-04, 6.5771768814421358e-02, 2.3260332842524298e-01],
    [4.6914455391099997e-04, 2.2118446350596878e-02, 2.2989800988803780e-01]
  ],
  "degree": 83,
  "test_tolerance": 5.887e-13
}
