{
  "name": "Lebedev(047)",
  "degree": 47,
  "test_tolerance": 4.251e-13,
  "data": {
    "a1": [
      [
        0.000219294208818
      ]
    ],
    "a2": [
      [
        0.001436433617319
      ]
    ],
    "a3": [
      [
        0.001421940344336
      ]
    ],
    "pq0": [
      [
        0.000925440149987,
        0.001250239995054,
        0.001394365843329
      ],
      [
        0.04621738571378771,
        0.11009758338250202,
        0.1791538510007847
      ]
    ],
    "llm": [
      [
        0.000679812351105,
        0.000991318423529,
        0.001180207833239,
        0.001296599602081,
        0.001365871427428,
        0.001402988604775,
        0.001418645563596,
        0.001421376741852,
        0.001423996475491,
        0.001431554042179
      ],
      [
        0.022920267027692755,
        0.05557021720249469,
        0.09254023339464021,
        0.13193932972417555,
        0.17300267075173742,
        0.21541157310743222,
        0.25908293759367834,
        0.3505993811839581,
        0.39882643381326005,
        0.4488003348564934
      ]
    ],
    "rsw": [
      [
        0.001127089094672,
        0.001345753760911,
        0.001424957283317,
        0.001261523341238,
        0.001392547106053,
        0.001418761677878,
        0.00133836668448,
        0.001393700862676,
        0.001415914757467
      ],
      [
        0.09126444167498747,
        0.16082173148323642,
        0.04088242375664927,
        0.13521970407231138,
        0.09300622918241055,
        0.11923046456321097,
        0.05591508238246489,
        0.17757069779270387,
        0.18936614291248285
      ],
      [
        0.07896604124950303,
        0.15530941376009186,
        0.215550404070437,
        0.11592327260131904,
        0.18368745581967016,
        0.22380408267927063,
        0.1455361124992715,
        0.19640197162886017,
        0.23891358165513843
      ]
    ]
  }
}