{
  "name": "Lebedev(041)",
  "a1": [
    [3.0951212953099998e-04]
  ],
  "a3": [
    [1.8523796985970000e-03]
  ],
  "pq0": [
    [1.8571611967740001e-03, 2.0950773284392912e-01],
    [1.7051539963960000e-03, 1.2976684006600994e-01],
    [1.3003216858860000e-03, 5.5177434820537059e-02]
  ],
  "llm": [
    [1.8717906392780000e-03, 4.7061315452041330e-01],
    [1.8588125854380000e-03, 4.1285857069172793e-01],
    [1.8520288282960001e-03, 3.5732296843765937e-01],
    [1.8467159561510000e-03, 2.5284055844201192e-01],
    [1.8184717781630001e-03, 2.0332297477589784e-01],
    [1.7495646572809999e-03, 1.5546662032579706e-01],
    [1.6172106472540000e-03, 1.0949767633856504e-01],
    [1.3847372348520001e-03, 6.6154938905214011e-02],
    [9.7643311650499995e-04, 2.7471383414140356e-02]
  ],
  "rsw": [
    [1.8428664729050000e-03, 1.7829135533980064e-01, 2.3038502106916164e-01],
    [1.8026589343770000e-03, 1.6141723509493242e-01, 1.8252702992240283e-01],
    [1.8498305604440000e-03, 9.3817016585140189e-02, 2.1505582406786847e-01],
    [1.7139045071070001e-03, 1.3563251436750076e-01, 1.3668397273489519e-01],
    [1.5552136033970001e-03, 9.1479349848571131e-02, 9.3572483366230946e-02],
    [1.8022391280090001e-03, 5.6313735629904271e-02, 1.7084986503447563e-01]
  ],
  "degree": 41,
  "test_tolerance": 1.918e-13
}
