{
  "name": "Lebedev(053)",
  "degree": 53,
  "test_tolerance": 2.564e-13,
  "data": {
    "a1": [
      [
        0.000143829419053
      ]
    ],
    "a3": [
      [
        0.001125772288287
      ]
    ],
    "pq0": [
      [
        0.000682336792711,
        0.000945415816045,
        0.001074429975386,
        0.001129300086569
      ],
      [
        0.03946600009801534,
        0.09501245088959068,
        0.15566509596376388,
        0.2183643706356081
      ]
    ],
    "llm": [
      [
        0.000494802934195,
        0.000735799010913,
        0.00088891327713,
        0.000988834783892,
        0.001053299681709,
        0.001092778807015,
        0.001114389394063,
        0.001123724788052,
        0.001125239325244,
        0.001126153271816,
        0.001130286931124,
        0.001134986534364
      ],
      [
        0.019337017127159052,
        0.04750701000375154,
        0.07960603068581106,
        0.1139520045627366,
        0.1498166059474992,
        0.18685324600959904,
        0.22491326381309878,
        0.26397058054454303,
        0.34538559044616385,
        0.38800992457940353,
        0.4320172490827723,
        0.4771817066440508
      ]
    ],
    "rsw": [
      [
        0.00084368845009,
        0.001075255720449,
        0.001108577236864,
        0.000956647532378,
        0.001080663250717,
        0.001126797131196,
        0.001022568715358,
        0.001108960267713,
        0.001122790653436,
        0.001032401847117,
        0.001107249382284,
        0.00112178004852
      ],
      [
        0.0911399534108118,
        0.09245458231700068,
        0.18879250210965065,
        0.13495092827433242,
        0.17706122532834084,
        0.07103466827059002,
        0.0556505520034843,
        0.04049681224647043,
        0.13768263611849016,
        0.16042026040349594,
        0.118434013056699,
        0.19748919518870767
      ],
      [
        0.0678427744589942,
        0.15950256677371893,
        0.20750107737350024,
        0.10003743318687472,
        0.17037391906706956,
        0.22169791057730812,
        0.12604674065566943,
        0.1877588469112349,
        0.2311961883820272,
        0.13444579383088165,
        0.19466826141718838,
        0.24570106099668815
      ]
    ]
  }
}