{
  "name": "Lebedev(025)",
  "degree": 25,
  "test_tolerance": 8.065e-14,
  "data": {
    "a1": [
      [
        -0.055226399197273
      ]
    ],
    "a3": [
      [
        0.004450274607445
      ]
    ],
    "pq0": [
      [
        0.004231083095357,
        0.005198069864064
      ],
      [
        0.19788006703008862,
        0.11537877767214988
      ]
    ],
    "llm": [
      [
        0.004496841067921,
        0.005049153450479,
        0.003976408018052,
        0.004401400650381,
        0.017245443505444
      ],
      [
        0.21911161547100225,
        0.1160099697625647,
        0.4493979784611454,
        0.3815865619710557,
        0.018189733717869375
      ]
    ],
    "rsw": [
      [
        0.004695720972569
      ],
      [
        0.13909053288148493
      ],
      [
        0.18041031475364136
      ]
    ]
  }
}