{
  "name": "Lebedev(119)",
  "degree": 119,
  "test_tolerance": 1.276e-12,
  "data": {
    "a1": [
      [
        9.6875218794e-05
      ]
    ],
    "a2": [
      [
        0.000230789789537
      ]
    ],
    "a3": [
      [
        0.00022973108525
      ]
    ],
    "pq0": [
      [
        9.3122746967e-05,
        0.000119991938588,
        0.000159803913888,
        0.000182225376357,
        0.000198857959366,
        0.000211262010253,
        0.00022015948877,
        0.00022616225909,
        0.000229645845344
      ],
      [
        0.0146332680932937,
        0.033462389092328126,
        0.056754040342175384,
        0.08237413424373077,
        0.10901192711829599,
        0.1364226239795359,
        0.1643886421891819,
        0.19273033095644077,
        0.22130770601583696
      ]
    ],
    "llm": [
      [
        7.386265944e-05,
        8.2579776985e-05,
        9.7060447621e-05,
        0.000130239384712,
        0.00015419570046,
        0.000170445977009,
        0.000182737489094,
        0.000192636081744,
        0.000200801023949,
        0.000207563598321,
        0.000213130663869,
        0.000217656232994,
        0.000221268226299,
        0.000224079951567,
        0.000226195981619,
        0.000227715636881,
        0.000228735177213,
        0.000229349081408,
        0.000229650531238,
        0.000229679383232,
        0.000229578544384,
        0.000229501793153,
        0.000229505963818,
        0.000229623234324,
        0.000229853017874,
        0.000230157979028,
        0.0002304690405,
        0.000230702799591
      ],
      [
        0.010516385924747362,
        0.01960772775995671,
        0.029026799358814248,
        0.04064232608924972,
        0.05413125885790828,
        0.0685804508011497,
        0.08360626770987507,
        0.09905386070706378,
        0.11484429655220994,
        0.1309296441999107,
        0.14727734560668404,
        0.16386387750530554,
        0.18067214609683985,
        0.19769037475978798,
        0.21491150246675975,
        0.23233272360089904,
        0.24995505609031266,
        0.26778290225548135,
        0.2858235728148527,
        0.32258362430889304,
        0.34132612734755713,
        0.36032518829756327,
        0.3795887501505544,
        0.39911888341587753,
        0.41890825413607846,
        0.43893634985964675,
        0.45916635731392214,
        0.479544033952301
      ]
    ],
    "rsw": [
      [
        0.000100600699027,
        0.000122767668964,
        0.000146786428027,
        0.00016441789121,
        0.000177766489072,
        0.000188482566452,
        0.000197326924645,
        0.000204676777586,
        0.000210760012592,
        0.000215741636227,
        0.000219755781692,
        0.000222919261184,
        0.000225338511021,
        0.000227113710755,
        0.000228341409292,
        0.000229116167313,
        0.000229531390858,
        0.000143820472136,
        0.00016077380255,
        0.000174148385353,
        0.000185191846752,
        0.000194462863807,
        0.000202249544628,
        0.000208746238244,
        0.000214107475482,
        0.000218464091375,
        0.000221930916522,
        0.000224612311834,
        0.000226606276692,
        0.000228007295223,
        0.00022890820252,
        0.000229401269512,
        0.000172243448874,
        0.000183023742146,
        0.000192385535,
        0.000200406786194,
        0.000207181729735,
        0.00021282508341,
        0.000217451371944,
        0.000221166183915,
        0.000224066525781,
        0.000226243951663,
        0.000227787455723,
        0.000228785431445,
        0.000229326849962,
        0.000191262820153,
        0.000199249967224,
        0.000206127553345,
        0.000211931821597,
        0.000216741658188,
        0.000220643073052,
        0.00022371869387,
        0.000226048007503,
        0.000227709888456,
        0.000228784571511,
        0.000229354726824,
        0.000205607383985,
        0.000211423586583,
        0.000216317562977,
        0.000220339215811,
        0.000223547317685,
        0.00022600241415,
        0.000227767592933,
        0.000228910211228,
        0.000229502795463,
        0.000216128158988,
        0.00022019804774,
        0.000223495206659,
        0.000226054009852,
        0.00022791579819,
        0.000229129691857,
        0.000229753375254,
        0.000223492735647,
        0.000226128801299,
        0.000228081816092,
        0.000229377329518,
        0.000230052876734,
        0.000228189385507,
        0.000229572044484,
        0.000230322764903,
        0.000230483191323
      ],
      [
        0.09175097440381855,
        0.13580210539409612,
        0.1595329984958098,
        0.175570973816619,
        0.18699808292305223,
        0.1954681847329587,
        0.20197548955720607,
        0.2071332287067197,
        0.21132699380742836,
        0.21480749208731725,
        0.21774450760799194,
        0.2202572812532938,
        0.2224319000221757,
        0.22433175890594728,
        0.2260042041096887,
        0.22748493626130054,
        0.22880101820767618,
        0.055276282182960136,
        0.09089178652706655,
        0.1160658476889212,
        0.13466287782191522,
        0.14888184667192184,
        0.1600864160943806,
        0.1691458307135706,
        0.1766270877279356,
        0.18291259640483867,
        0.18826959652404424,
        0.19289039405464387,
        0.1969163586572439,
        0.20045299271403422,
        0.20357985431538875,
        0.20635731909135352,
        0.03937828898750104,
        0.0687652149920336,
        0.09138006252435742,
        0.10923879941714051,
        0.12367272022505514,
        0.13557553914812265,
        0.14555844267897486,
        0.15405091609008043,
        0.16136311154174407,
        0.16772384900060022,
        0.17330450249100102,
        0.17823474250845384,
        0.18261331449142987,
        0.03082648621752783,
        0.055437285128824246,
        0.07544793350614502,
        0.09199979513457514,
        0.10590256029388166,
        0.11773708480210619,
        0.12792807449444732,
        0.13679195959290727,
        0.14456781959171353,
        0.15143795264924456,
        0.15754212552618363,
        0.025368727813601492,
        0.04651691804056091,
        0.06437073412769535,
        0.07962053127339411,
        0.09278334975812079,
        0.10425098426147628,
        0.11432372391005954,
        0.12323345302858435,
        0.13115990614661632,
        0.021601407141936407,
        0.04016757966644758,
        0.056267816815705245,
        0.07034473170523621,
        0.0827443735520565,
        0.09373867305497706,
        0.10354168759119256,
        0.018859462807990477,
        0.03543791473633499,
        0.050105227346792444,
        0.06315837295756885,
        0.07483570742956569,
        0.01678089014665939,
        0.031787958381561086,
        0.045271244754101284,
        0.015154107595876577
      ],
      [
        0.024410278130508934,
        0.035382715864839764,
        0.04824937260174046,
        0.06222127451120022,
        0.07687723706632836,
        0.09202660230625842,
        0.10756867024480242,
        0.12344093669929387,
        0.1396011381789425,
        0.15601912401447615,
        0.1726728923897927,
        0.18954672467673767,
        0.20663024212585462,
        0.22391779598328637,
        0.2414079623318483,
        0.2591030657931698,
        0.2770086955430346,
        0.04501651621402635,
        0.05816875882975513,
        0.07215649008228939,
        0.08675285245557454,
        0.10183705003414102,
        0.11732491972964101,
        0.13315529432199105,
        0.1492840020002418,
        0.16567897781060953,
        0.1823169741616184,
        0.19918168092900812,
        0.21626262386917275,
        0.23355439892994348,
        0.2510560436291886,
        0.2687704628528671,
        0.06972095562696587,
        0.0834802867612743,
