{
  "name": "Lebedev(007)",
  "degree": 7,
  "test_tolerance": 2.059e-14,
  "data": {
    "a1": [
      [
        0.047619047619048
      ]
    ],
    "a2": [
      [
        0.038095238095238
      ]
    ],
    "a3": [
      [
        0.032142857142857
      ]
    ]
  }
}