{
  "name": "Lebedev(083)",
  "degree": 83,
  "test_tolerance": 5.887e-13,
  "data": {
    "a1": [
      [
        3.9226162707e-05
      ]
    ],
    "a2": [
      [
        0.000470383175085
      ]
    ],
    "a3": [
      [
        0.000467820280128
      ]
    ],
    "pq0": [
      [
        0.000209994228107,
        0.000317226915071,
        0.000383205135855,
        0.000425219381815,
        0.000451380796375,
        0.000465779746911
      ],
      [
        0.02148323008071945,
        0.053688384512778804,
        0.09012092708102555,
        0.12874501337985692,
        0.16860448658816918,
        0.209148252869559
      ]
    ],
    "llm": [
      [
        0.000143783222898,
        0.000230357249358,
        0.000293311075245,
        0.000340290599836,
        0.000375913846687,
        0.00040306384479,
        0.000423659143224,
        0.000439052265695,
        0.000450252346663,
        0.000458057772778,
        0.000463139161662,
        0.00046609289537,
        0.000467475180794,
        0.000467641490393,
        0.000467408649235,
        0.000467492853948,
        0.000468074897969,
        0.000469044980639,
        0.000469987707586
      ],
      [
        0.0103105356590626,
        0.02604407895727144,
        0.04454481490925946,
        0.06473491178346792,
        0.08607922577105943,
        0.10827224463759817,
        0.13112750294976167,
        0.15452812760064788,
        0.17840164434395828,
        0.20270607993191486,
        0.22742189873716076,
        0.2525471144673109,
        0.278094061578268,
        0.33055750758729435,
        0.35754201306062255,
        0.38506984706068115,
        0.413149299426279,
        0.4417452451509824,
        0.4707553754870439
      ]
    ],
    "rsw": [
      [
        0.000273336280052,
        0.000323548536846,
        0.000362490872601,
        0.000392554007071,
        0.000415612978112,
        0.000433064498462,
        0.000445967772592,
        0.000455159300446,
        0.000461334146275,
        0.000465101961827,
        0.00046702495361,
        0.000354955557644,
        0.000385610824525,
        0.000409862284576,
        0.000428632860427,
        0.000442780219899,
        0.000453047351149,
        0.00046008054757,
        0.000464459905996,
        0.000466727445571,
        0.000406936051802,
        0.000426044281992,
        0.000440867850803,
        0.000451874811555,
        0.000459556487538,
        0.000464398877432,
        0.000466882749165,
        0.000440054182374,
        0.000451451289019,
        0.000459619862735,
        0.00046486590168,
        0.000467550201716,
        0.000459849447646,
        0.000465491695515,
        0.000468470977951,
        0.000469144553911
      ],
      [
        0.09088472512920288,
        0.13442239982419044,
        0.15960668222432448,
        0.17597464333125812,
        0.18746763179651368,
        0.19599015346591778,
        0.20256938328271545,
        0.2078055112217531,
        0.2120708126146701,
        0.2156066524708237,
        0.2185744280602722,
        0.055130070446995944,
        0.0913242194519082,
        0.11670182943449679,
        0.13542796525954431,
        0.14980340556108718,
        0.16118476007373866,
        0.1704157879330728,
        0.17804384755163255,
        0.1844353087637181,
        0.03969101287175254,
        0.06933542701583828,
        0.0922129333437181,
        0.1103629057453786,
        0.12509380222310257,
        0.13727104621488875,
        0.14748176427821896,
        0.031161557211991396,
        0.05614611735613247,
        0.07656320836273045,
        0.0935232678749094,
        0.10780208571690666,
        0.025791431603201697,
        0.04742096375190213,
        0.06577176881442136,
        0.022118446350596878
      ],
      [
        0.037743625637352785,
        0.05658124612192914,
        0.07700624085599411,
        0.09852377819321616,
        0.12085224031518965,
        0.14382072327200804,
        0.16732318186207223,
        0.19129519268422873,
        0.21570120393595657,
        0.24052715022858334,
        0.26577591697740255,
        0.07216504764039339,
        0.09228070552880042,
        0.11354199196436619,
        0.1356585148603882,
        0.15845204047317685,
        0.18181171606183896,
        0.20567040966642677,
        0.2299914766537107,
        0.2547609952738979,
        0.10971921112740224,
        0.1305095211763083,
        0.15220870821515906,
        0.17463595623685488,
        0.19767599129304933,
        0.22125786065218556,
        0.2453423661150161,
        0.1489712500225431,
        0.1701392349394957,
        0.1920763306362031,
        0.21466903585235447,
        0.237846060277366,
        0.18918326318817155,
        0.21055131325424792,
        0.23260332842524298,
        0.2298980098880378
      ]
    ]
  }
}