{
  "name": "Lebedev(035)",
  "degree": 35,
  "test_tolerance": 2.095e-13,
  "data": {
    "a1": [
      [5.2658979682200003e-04]
    ],
    "a2": [
      [2.5482199720029998e-03]
    ],
    "a3": [
      [2.5123174189269999e-03]
    ],
    "pq0": [
      [2.4174423756390001e-03, 1.5632289538887573e-01],
      [1.9109512821800000e-03, 6.7435129185211606e-02]
    ],
    "llm": [
      [2.5304038011860000e-03, 4.3179162114213537e-01],
      [2.0142790209189999e-03, 8.0759324759547141e-02],
      [2.5017251684030001e-03, 2.4459255261453150e-01],
      [2.5132671745980001e-03, 3.6632650693196928e-01],
      [2.3026947822269998e-03, 1.3260573095799710e-01],
      [1.4624956215949999e-03, 3.4133729959704789e-02],
      [2.4453734373129999e-03, 1.8743422281948366e-01]
    ],
    "rsw": [
      [2.4169300443250001e-03, 1.3628631074813746e-01, 1.6479782386357480e-01],
      [2.5122368545629999e-03, 5.6954461777566759e-02, 2.0487103606868223e-01],
      [2.4966440545529998e-03, 1.6232746762885708e-01, 2.1938354592682915e-01],
      [2.2366077604380002e-03, 9.1800654189073447e-02, 1.1342553218130361e-01]
    ]
  }
}
