{
  "a1": [
    [1.1544011544012000e-02]
  ],
  "a3": [
    [1.1943909085856000e-02]
  ],
  "pq0": [
    [1.1812303746904000e-02, 1.2209742089682904e-01]
  ],
  "llm": [
    [1.1110555710602999e-02, 1.7507421939375692e-01],
    [1.1876501294537000e-02, 4.3945478184831077e-01]
  ],
  "degree": 15
}