{
  "name": "Lebedev(019)",
  "a1": [
    [5.9963136886199996e-04]
  ],
  "a2": [
    [7.3729997186210003e-03]
  ],
  "a3": [
    [7.2105153601440004e-03]
  ],
  "llm": [
    [7.1163554931180000e-03, 4.0591258770376321e-01],
    [6.7538294863139997e-03, 2.0104130262712491e-01],
    [7.5743941590539999e-03, 7.1484722212588767e-02]
  ],
  "rsw": [
    [6.9910873533029997e-03, 9.6371795051365561e-02, 1.5601434599147013e-01]
  ],
  "degree": 19,
  "test_tolerance": 1.209e-13
}
