{
  "name": "Lebedev(065)",
  "degree": 65,
  "test_tolerance": 3.465e-13,
  "data": {
    "a1": [
      [7.7771607433000002e-05]
    ],
    "a3": [
      [7.5576464130000000e-04]
    ],
    "pq0": [
      [4.0216804478700001e-04, 3.0024833973753121e-02],
      [5.8048717939500002e-04, 7.3566195872041065e-02],
      [6.7921519559499999e-04, 1.2189422181840751e-01],
      [7.3367412112899997e-04, 1.7244770702224507e-01],
      [7.5818663009899999e-04, 2.2404572432210743e-01]
    ],
    "llm": [
      [2.8416338060899997e-04, 1.4541973303948906e-02],
      [4.3744191270500001e-04, 3.6256356902763215e-02],
      [5.4171747408699995e-04, 6.1343474292837111e-02],
      [6.1480008913600000e-04, 8.8416635667707577e-02],
      [6.6643944857999998e-04, 1.1682578562312121e-01],
      [7.0250393569199995e-04, 1.4622485492090825e-01],
      [7.2685117892499996e-04, 1.7642404090955399e-01],
      [7.4226375342100002e-04, 2.0732548358335812e-01],
      [7.5095450358399999e-04, 2.3889218046843466e-01],
      [7.5485350577200001e-04, 2.7113178450101194e-01],
      [7.5540889697700000e-04, 3.3782456517714071e-01],
      [7.5531471744400003e-04, 3.7242140550502850e-01],
      [7.5647676532900000e-04, 4.0792779899791881e-01],
      [7.5879918085200004e-04, 4.4430644337033681e-01],
      [7.6082618320300001e-04, 4.8135058138208653e-01]
    ],
    "rsw": [
      [7.5382578598000001e-04, 2.0859614189791004e-01, 2.5580035778090870e-01],
      [7.4835172470499997e-04, 2.0332046717687111e-01, 2.2408472579890718e-01],
      [7.3717636611100000e-04, 1.9666471662424795e-01, 1.9306103334458685e-01],
      [7.1834488957599999e-04, 1.8804149522722452e-01, 1.6275432818948848e-01],
      [6.8958155298200002e-04, 1.7643341386541955e-01, 1.3324870864184388e-01],
      [6.4801058017899997e-04, 1.5994385152980334e-01, 1.0471633615407486e-01],
      [5.8975588965899997e-04, 1.3463844970796751e-01, 7.7478081650914590e-02],
      [5.0957088492500002e-04, 9.0989254912626119e-02, 5.2145244036290880e-02],
      [7.5369064289099999e-04, 1.6254595611164124e-01, 2.4277387514946042e-01],
      [7.4725059655800002e-04, 1.5100683461207687e-01, 2.1198920799674287e-01],
      [7.3430171322800002e-04, 1.3641520503573551e-01, 1.8199417202541565e-01],
      [7.1308715821799995e-04, 1.1743797701069179e-01, 1.5287977090573629e-01],
      [6.8170220321099996e-04, 9.1794963130582885e-02, 1.2483119354960753e-01],
      [6.3809411456000002e-04, 5.5343676032884016e-02, 9.8187373156963867e-02],
      [7.5503813779200001e-04, 1.1182321068294632e-01, 2.3269927807800983e-01],
      [7.4786466401400003e-04, 9.3330156921377833e-02, 2.0331386675725299e-01],
      [7.3359187205999997e-04, 7.0063459168857117e-02, 1.7490196727498353e-01],
      [7.1101205276600003e-04, 4.0028954904314858e-02, 1.4765210397447570e-01],
      [7.5713639786899995e-04, 5.7100620618486995e-02, 2.2626624665276363e-01],
      [7.4899083290800000e-04, 3.1619172770663867e-02, 1.9874998248857403e-01]
    ]
  }
}
