{
  "name": "Lebedev(071)",
  "degree": 71,
  "test_tolerance": 4.27e-13,
  "data": {
    "a1": [
      [
        6.3090494374e-05
      ]
    ],
    "a2": [
      [
        0.000639828770557
      ]
    ],
    "a3": [
      [
        0.000635718507353
      ]
    ],
    "pq0": [
      [
        0.000318691344995,
        0.000467802855859,
        0.00055388296976,
        0.000604447590719,
        0.000631357510351
      ],
      [
        0.02662567388107946,
        0.06572409006333814,
        0.1094192803396822,
        0.15535139330769052,
        0.20242837200985242
      ]
    ],
    "llm": [
      [
        0.000222120716219,
        0.000347578402229,
        0.000435074244359,
        0.000497856913652,
        0.0005435036222,
        0.000576591338822,
        0.000600120035923,
        0.000616217817272,
        0.000626521815244,
        0.000632398716097,
        0.000635076785154,
        0.00063543627753,
        0.000635230246271,
        0.000635811788142,
        0.000637310159031,
        0.000639042896137
      ],
      [
        0.0128821951216131,
        0.032207731604644504,
        0.054701957361929614,
        0.07907872541215494,
        0.10472423247884396,
        0.1313033365858972,
        0.15862323583036297,
        0.1865740566052706,
        0.21509963472632135,
        0.2441820363305423,
        0.27383276117335115,
        0.33499578715110123,
        0.3666178126756868,
        0.39899550033190523,
        0.43211887236649743,
        0.46587318374717057
      ]
    ],
    "rsw": [
      [
        0.000407862643186,
        0.000475993305781,
        0.000526815118641,
        0.000564304856051,
        0.000591450107661,
        0.000610456125787,
        0.000623025286071,
        0.000630561876176,
        0.00063430927676,
        0.000517626894574,
        0.000556484031331,
        0.000585642667104,
        0.000606638692578,
        0.000620882496223,
        0.000629631429782,
        0.000634042375679,
        0.000582962767711,
        0.000604869337608,
        0.000620236231773,
        0.00062990053284,
        0.000634772239061,
        0.000620377898124,
        0.000630841467124,
        0.000636270646696,
        0.000637541417033
      ],
      [
        0.09094145309269727,
        0.1345446587879024,
        0.1597986971590518,
        0.17623731960187097,
        0.18779859315577804,
        0.19638310871162132,
        0.20301334075208635,
        0.20828355715615282,
        0.21255830404253653,
        0.05525153980013495,
        0.09159274175854999,
        0.11712413186869162,
        0.13599893913777458,
        0.1505076183425183,
        0.16199557887487917,
        0.17129282153427458,
        0.03988414867701234,
        0.06975403592073667,
        0.09286112723766339,
        0.11122182993593546,
        0.12612209724859638,
        0.03142567934766161,
        0.05670247592940609,
        0.07740125753569922,
        0.02611611008118614
      ],
      [
        0.04644429609109567,
        0.06923315329746019,
        0.09380751997100091,
        0.11959776925851553,
        0.1462944266839557,
        0.17372158857969944,
        0.20178171635925438,
        0.23042860761585268,
        0.25965307523608,
        0.08794707624386362,
        0.11204509589546444,
        0.13744522362543432,
        0.1638235897217632,
        0.19099329347026625,
        0.21885026631240181,
        0.24734548378169824,
        0.1327847126725995,
        0.1575226934924021,
        0.18331731309264804,
        0.20997811889533646,
        0.2373961100597402,
        0.17930414564418112,
        0.20435855567306369,
        0.23033583124044069,
        0.22665311278358263
      ]
    ]
  }
}