{
  "name": "Lebedev(031)",
  "degree": 31,
  "test_tolerance": 1.385e-13,
  "data": {
    "a1": [
      [
        0.003006796749454
      ]
    ],
    "a3": [
      [
        0.003050627745651
      ]
    ],
    "pq0": [
      [
        0.003007949555219,
        0.002881964603055
      ],
      [
        0.06191727944646847,
        0.12409304632557752
      ]
    ],
    "llm": [
      [
        0.001621104600289,
        0.003005701484902,
        0.002990992529654,
        0.002982170644108,
        0.002721564237311,
        0.003033513795811
      ],
      [
        0.4922377847263356,
        0.23718361119702946,
        0.08788169148411765,
        0.43639259187409507,
        0.1704622980156028,
        0.371021763864525
      ]
    ],
    "rsw": [
      [
        0.002958357626536,
        0.003036020026407,
        0.002832187403926
      ],
      [
        0.1580611367940406,
        0.055262897164283606,
        0.14374716958744232
      ],
      [
        0.20828080669436863,
        0.18943319333967937,
        0.13801409152271216
      ]
    ]
  }
}