{
  "name": "Lebedev(131)",
  "degree": 131,
  "test_tolerance": 1.007e-12,
  "data": {
    "a1": [
      [
        9.735347946e-06
      ]
    ],
    "a2": [
      [
        0.00019075812418
      ]
    ],
    "a3": [
      [
        0.000190105954674
      ]
    ],
    "pq0": [
      [
        5.9929978442e-05,
        9.7490593825e-05,
        0.00012416808046,
        0.00014376261543,
        0.000158420005479,
        0.000169443655098,
        0.000177661701402,
        0.000183613243444,
        0.000187649472708,
        0.000189990653534
      ],
      [
        0.011310243989387595,
        0.029169910339518858,
        0.05005972795112629,
        0.07274361051753524,
        0.09659443028863011,
        0.12124153534283726,
        0.14644433896058337,
        0.17203495880339476,
        0.1978883433832886,
        0.22390500638984218
      ]
    ],
    "llm": [
      [
        3.9264245389e-05,
        6.6679054673e-05,
        8.868891315e-05,
        0.000106630600096,
        0.000121450674334,
        0.000133805468164,
        0.000144167702363,
        0.000152888020083,
        0.000160233062377,
        0.000166410265345,
        0.000171584585401,
        0.000175890100013,
        0.000179438248526,
        0.000182323810676,
        0.000184629325296,
        0.000186428407932,
        0.000187788269463,
        0.000188771632185,
        0.000189438163818,
        0.000189845489953,
        0.000190049792958,
        0.000190067150192,
        0.000189983755553,
        0.000189901411316,
        0.000189858125771,
        0.00018988047561,
        0.000189979361043,
        0.000190146455484,
        0.000190353324626,
        0.000190555615846,
        0.000190703715566
      ],
      [
        0.0053227455371747615,
        0.013788807661542444,
        0.024015279208793712,
        0.03540209759265456,
        0.04762588477081858,
        0.060485467745096444,
        0.0738459942735925,
        0.08761288322788305,
        0.10171780783142727,
        0.11611045233455725,
        0.13075336178024718,
        0.14561857977102433,
        0.16068538000014998,
        0.17593869686001495,
        0.19136801834299505,
        0.20696659225171787,
        0.2227308473172956,
        0.2386599602799077,
        0.2547555165248323,
        0.2710212197275513,
        0.28746260727206774,
        0.3209016976010854,
        0.33791614643184276,
        0.355138335743339,
        0.37257499116325343,
        0.3902296886534251,
        0.40810079471542193,
        0.4261790589060274,
        0.4444451868731736,
        0.4628680201799605,
        0.4814041855733677
      ]
    ],
    "rsw": [
      [
        8.1432528208e-05,
        9.9988598909e-05,
        0.000115619940307,
        0.000128763209264,
        0.000139837864337,
        0.000149187646842,
        0.000157085567918,
        0.00016374839481,
        0.000169350056663,
        0.000174032276939,
        0.000177912663728,
        0.000181090810884,
        0.00018365291326,
        0.000185675284178,
        0.000187227056661,
        0.000188372264559,
        0.000189171432453,
        0.000189682748045,
        0.000189962841706,
        0.0001123301829,
        0.000125369882671,
        0.000136626611768,
        0.000146273685611,
        0.000154507646669,
        0.000161509628081,
        0.000167436663974,
        0.000172422500244,
        0.000176581082299,
        0.000180010412601,
        0.000182796043733,
        0.000185014030072,
        0.000186733350739,
        0.000188017868864,
        0.000188927892565,
        0.000189521383251,
        0.00018985482774,
        0.000134910593594,
        0.000144406006837,
        0.000152679739093,
        0.000159820877141,
        0.000165935436862,
        0.000171127991095,
        0.00017549527256,
        0.00017912478508,
        0.000182095430088,
        0.000184478852455,
        0.000186340948171,
        0.00018774330088,
        0.000188744454371,
        0.000189400982938,
        0.000189768334504,
        0.000151732703747,
        0.000158774055748,
        0.000164909338227,
        0.000170191521619,
        0.000174684775314,
        0.000178455551201,
        0.000181568756211,
        0.000184086437066,
        0.000186067678539,
        0.000187569058374,
        0.000188645323635,
        0.000189350112333,
        0.000189736618452,
        0.000164390881515,
        0.000169630035091,
        0.000174155310384,
        0.000178001528239,
        0.000181211678708,
        0.000183832315809,
        0.000185911311984,
        0.000187496922022,
        0.000188637561268,
        0.000189381957581,
        0.000189779474826,
        0.000173896392658,
        0.000177744235987,
        0.000181001081507,
        0.000183692031825,
        0.000185848947321,
        0.00018750793425,
        0.00018870802391,
        0.000189490575218,
        0.00018989910612,
        0.000180906501646,
        0.00018362971216,
        0.000185842691624,
        0.000187565410113,
        0.000188824075183,
        0.000189649738387,
        0.000190077553022,
        0.000185852504148,
        0.000187624869008,
        0.000188940443906,
        0.000189816853927,
        0.000190277994066,
        0.000189012564173,
        0.00018994346378,
        0.000190452085683,
        0.000190553449873
      ],
      [
        0.09080772994667831,
        0.1342531343794393,
        0.15933529753293507,
        0.1755947438715271,
        0.18697616413514456,
        0.19538761650599207,
        0.20186005116426667,
        0.20699786823858482,
        0.21117823705345842,
        0.214648399645538,
        0.2175769843484911,
        0.2200827987460456,
        0.22225182965665546,
        0.22414771524450244,
        0.22581843070469,
        0.22730068797403552,
        0.22862290650008202,
        0.2298072630266836,
        0.23087113142300042,
        0.054960154830764885,
        0.09094111503537507,
        0.11608536299300992,
        0.1345711422960511,
        0.14870901993292637,
        0.15986457678287783,
        0.16889103852901027,
        0.17634661387071177,
        0.18261072684190624,
        0.1879496465723912,
        0.1925553133441097,
        0.19656924560520134,
        0.200097776288134,
        0.20322205551846648,
        0.20600478706314848,
        0.20849486479493454,
        0.2107306224656609,
        0.03941231187997733,
        0.06871800867661576,
        0.09122946757333755,
        0.10900938379190972,
        0.12338534873465379,
        0.13524103237312468,
        0.14518318271487132,
        0.15364010084782956,
        0.16092154698853492,
        0.16725631269818478,
        0.17281646358029945,
        0.17773338859450455,
        0.18210867119381738,
        0.1860216021310837,
        0.18953446129275137,
        0.030766587591270468,
        0.05528986099427818,
        0.0752194055844345,
        0.09169938977537076,
        0.10553695851721087,
        0.11731232933908642,
        0.1274504061095836,
        0.13626778554549454,
        0.14400407297575304,
        0.15084309806678883,
        0.15692753210238236,
        0.16236912011127927,
        0.1672559461685385,
        0.025281161699181137,
        0.04633847734202632,
        0.06410395787998656,
        0.0792695442803553,
        0.09235378920630417,
        0.10374964250583865,
        0.11375826933869605,
        0.1226129764676947,
        0.1304962341852584,
        0.13755188473152266,
        0.14389397546287197,
        0.02150357509199766,
        0.03996878606545967,
        0.05596893567563996,
        0.06994970020417009,
        0.08225935428903053,
        0.09317180005715477,
        0.10290384553548745,
        0.11162809740148144,
        0.1194825760856219,
        0.018752312681588317,
        0.03521995255157768,
        0.049777212697449565,
        0.06272455430890266,
        0.07430373526415363,
        0.08470982149542891,
        0.09410056524055427,
