{
  "name": "Lebedev(113)",
  "degree": 113,
  "test_tolerance": 8.617e-13,
  "data": {
    "a1": [
      [1.4490630225000000e-05]
    ],
    "a3": [
      [2.5463773298299997e-04]
    ],
    "pq0": [
      [9.0413396951000000e-05, 1.3953519100276340e-02],
      [1.4384263300800000e-04, 3.5644754359431777e-02],
      [1.8025230898200000e-04, 6.0756507662729761e-02],
      [2.0600522905700000e-04, 8.7818154986192679e-02],
      [2.2450022489700001e-04, 1.1610372809051531e-01],
      [2.3770598477299999e-04, 1.4519117779156690e-01],
      [2.4681189558800002e-04, 1.7480768135658320e-01],
      [2.5254108729699998e-04, 2.0476035016396732e-01],
      [2.5531014099300001e-04, 2.3490008480656582e-01]
    ],
    "llm": [
      [6.0184329610999998e-05, 6.5858162311974782e-03],
      [1.0022865832600000e-04, 1.6978295465352695e-02],
      [1.3152229310300001e-04, 2.9413318245829660e-02],
      [1.5642137468800001e-04, 4.3169783569429236e-02],
      [1.7651188415099999e-04, 5.7863492822298399e-02],
      [1.9287370993100001e-04, 7.3259892524708506e-02],
      [2.0626585342600000e-04, 8.9205307254977842e-02],
      [2.1723954459499999e-04, 1.0559463062493106e-01],
      [2.2620761888800001e-04, 1.2235408447801092e-01],
      [2.3348856994599999e-04, 1.3943121879271939e-01],
      [2.3933552731800000e-04, 1.5678876578702314e-01],
      [2.4395592004700000e-04, 1.7440070291705539e-01],
      [2.4752518660599998e-04, 1.9224965345551862e-01],
      [2.5019655581600000e-04, 2.1032512985560742e-01],
      [2.5210814079300000e-04, 2.2862231991444856e-01],
      [2.5338810023900000e-04, 2.4714121928482902e-01],
      [2.5415829008500001e-04, 2.6588596675614762e-01],
      [2.5453657375300000e-04, 2.8486425964969408e-01],
      [2.5457269930700000e-04, 3.2356609144151754e-01],
      [2.5444561974699998e-04, 3.4331599608608754e-01],
      [2.5434815968800002e-04, 3.6334915805353640e-01],
      [2.5435064514299998e-04, 3.8367469602992121e-01],
      [2.5449056754900000e-04, 4.0429436689368065e-01],
      [2.5476114073400002e-04, 4.2519777898583205e-01],
      [2.5510603754499999e-04, 4.4635719670027441e-01],
      [2.5542919338200003e-04, 4.6772345842817015e-01],
      [2.5562557106900002e-04, 4.8922536088416635e-01]
    ],
    "rsw": [
      [1.2128797336700000e-04, 9.0824864292867805e-02, 2.4826589435509375e-02],
      [1.4728728812700000e-04, 1.3428785832295381e-01, 3.7606188116090074e-02],
      [1.6868466010100001e-04, 1.5939135798995077e-01, 5.1619373138010398e-02],
      [1.8626984146599999e-04, 1.7567417436057192e-01, 6.6509666305007861e-02],
      [2.0074309569899999e-04, 1.8708032816995010e-01, 8.2060863618279453e-02],
      [2.1265681253900001e-04, 1.9551731006557105e-01, 9.8131713425400294e-02],
      [2.2243946033699999e-04, 2.0201550707789287e-01, 1.1462577117871149e-01],
      [2.3042645226699999e-04, 2.0717874358097391e-01, 1.3147548980645138e-01],
      [2.3688542884199999e-04, 2.1138358163535922e-01, 1.4863304930313578e-01],
      [2.4203520894600000e-04, 2.1487660288620850e-01, 1.6606474079324737e-01],
      [2.4605971130799999e-04, 2.1782569788152228e-01, 1.8374737646904471e-01],
      [2.4911819122599998e-04, 2.2034883112475293e-01, 2.0166592160345528e-01],
      [2.5135281942100001e-04, 2.2253100842676890e-01, 2.1981189295629958e-01],
      [2.5289430966900000e-04, 2.2443471048535044e-01, 2.3818224552443168e-01],
      [2.5386603684899998e-04, 2.2610653295319816e-01, 2.5677856177883723e-01],
      [2.5438686482999999e-04, 2.2758153244769486e-01, 2.7560640179835677e-01],
      [1.6425955378299999e-04, 5.4995040637629868e-02, 4.8314611210007533e-02],
      [1.8182466598500000e-04, 9.1020681347709950e-02, 6.2228426841580239e-02],
      [1.9665656494900001e-04, 1.1621496759054711e-01, 7.7034827094517908e-02],
      [2.0906779056599999e-04, 1.3475379353131628e-01, 9.2515232136368017e-02],
      [2.1938204095100000e-04, 1.4894610637440231e-01, 1.0852596759005421e-01],
      [2.2788708276599999e-04, 1.6015613925143060e-01, 1.2496896482535171e-01],
      [2.3482831922799999e-04, 1.6923584694240840e-01, 1.4177572300314545e-01],
      [2.4041397555800000e-04, 1.7674213745131875e-01, 1.5889794103947424e-01],
      [2.4482274077600001e-04, 1.8305302984992092e-01, 1.7630176075307522e-01],
      [2.4821104555900001e-04, 1.8843321874381722e-01, 1.9396408868298623e-01],
      [2.5071923977700001e-04, 1.9307283341108633e-01, 2.1187017371002143e-01],
      [2.5247659685299998e-04, 1.9711127029607975e-01, 2.3001196873927823e-01],
      [2.5360523885400001e-04, 2.0065234310909458e-01, 2.4838698574725807e-01],
      [2.5422305880299999e-04, 2.0377418448763945e-01, 2.6699744672128584e-01],
      [1.9448170130500000e-04, 3.9470594067149686e-02, 7.4429367655048387e-02],
      [2.0678623627500001e-04, 6.8848613601163303e-02, 8.9011101160059641e-02],
      [2.1724407346499999e-04, 9.1440376381947366e-02, 1.0428954517870051e-01],
      [2.2601259917200001e-04, 1.0930450155735087e-01, 1.2012073149104222e-01],
      [2.3326550086900000e-04, 1.2376554372835964e-01, 1.3640459072604319e-01],
      [2.3916996815300000e-04, 1.3570462132681513e-01, 1.5307047844898988e-01],
      [2.4388015282700000e-04, 1.4572608901094675e-01, 1.7006826863661167e-01],
      [2.4753705042600000e-04, 1.5425580022289115e-01, 1.8736269844263126e-01],
      [2.5027072356399998e-04, 1.6160085306526273e-01, 2.0492967773521928e-01],
      [2.5220317010500002e-04, 1.6798702094555565e-01, 2.2275382270295324e-01],
      [2.5345112699799998e-04, 1.7358285311213922e-01, 2.4082676678346249e-01],
      [2.5412849149599999e-04, 1.7851556927875667e-01, 2.5914596164588782e-01],
      [2.1615092506899999e-04, 3.0850773488741746e-02, 1.0211385382509494e-01],
      [2.2487785134400000e-04, 5.5474813801526857e-02, 1.1712040979083312e-01],
      [2.3223888033999999e-04, 7.5514592685457141e-02, 1.3269936463527540e-01],
      [2.3832654710000001e-04, 9.2108771617410504e-02, 1.4875177504139472e-01],
      [2.4324766750200000e-04, 1.0605995278531749e-01, 1.6520641479475065e-01],
      [2.4711222237499999e-04, 1.1794427840769996e-01, 1.8201203094918025e-01],
      [2.5002917524900002e-04, 1.2818267530419700e-01, 1.9913219361894169e-01],
      [2.5210559427600002e-04, 1.3708757148351533e-01, 2.1654181902688749e-01],
      [2.5344727855799998e-04, 1.4489396078472272e-01, 2.3422478436276681e-01],
      [2.5415997130800002e-04, 1.5178037729635585e-01, 2.5217225663713383e-01],
      [2.3173809758599999e-04, 2.5392421503900364e-02, 1.3080549976812730e-01],
      [2.3785507337200000e-04, 4.6578564504173622e-02, 1.4609070788493705e-01],
      [2.4288844567400001e-04, 6.4482405657531341e-02, 1.6186487468085262e-01],
      [2.4690026557599998e-04, 7.9788986077506951e-02, 1.7805847354917337e-01],
      [2.4996575742700002e-04, 9.3010630554137719e-02, 1.9462062582320694e-01],
      [2.5216761684900002e-04, 1.0453429327190089e-01, 2.1151470568331482e-01],
      [2.5359356626499999e-04, 1.1465498130210473e-01, 2.2871526128228031e-01],
      [2.5433567433599997e-04, 1.2359931585974145e-01, 2.4620583798071274e-01],
      [2.4273532851999999e-04, 2.1641767994625739e-02, 1.6016126954688778e-01],
      [2.4682580397400000e-04, 4.0262151621323544e-02, 1.7562813677130690e-01],
      [2.5000609564399998e-04, 5.6425337064693597e-02, 1.9152595956497531e-01],
      [2.5232383654199999e-04, 7.0568474335882439e-02, 2.0780580420347788e-01],
      [2.5383992602500001e-04, 8.3031513207922888e-02, 2.2443204020397639e-01],
      [2.5462559272699999e-04, 9.4079799305243461e-02, 2.4137974530984346e-01],
      [2.5005833600500002e-04, 1.8915859258653099e-02, 1.8995037336148488e-01],
      [2.5247776382599998e-04, 3.5561605358828428e-02, 2.0552859578566893e-01],
      [2.5409511938600003e-04, 5.0300917385090502e-02, 2.2149662453058616e-01],
      [2.5495240850300000e-04, 6.3423562316213322e-02, 2.3782091848765186e-01],
      [2.5425695070099998e-04, 1.6850394351916542e-02, 2.2000305124709341e-01],
