{
  "name": "Lebedev(031)",
  "degree": 31,
  "test_tolerance": 1.371e-13,
  "data": {
    "a1": [
      [3.0067967494540001e-03]
    ],
    "a3": [
      [3.0506277456509999e-03]
    ],
    "pq0": [
      [3.0079495552189999e-03, 6.1917279446468472e-02],
      [2.8819646030549999e-03, 1.2409304632557752e-01]
    ],
    "llm": [
      [1.6211046002890001e-03, 4.9223778472633561e-01],
      [3.0057014849020000e-03, 2.3718361119702946e-01],
      [2.9909925296540000e-03, 8.7881691484117647e-02],
      [2.9821706441080001e-03, 4.3639259187409507e-01],
      [2.7215642373109999e-03, 1.7046229801560281e-01],
      [3.0335137958109998e-03, 3.7102176386452501e-01]
    ],
    "rsw": [
      [2.9583576265360002e-03, 1.5806113679404060e-01, 2.0828080669436863e-01],
      [3.0360200264069998e-03, 5.5262897164283606e-02, 1.8943319333967937e-01],
      [2.8321874039260002e-03, 1.4374716958744232e-01, 1.3801409152271216e-01]
    ]
  }
}
