{
  "name": "Lebedev(107)",
  "degree": 107,
  "test_tolerance": 6.364e-13,
  "data": {
    "a1": [
      [
        1.8073952522e-05
      ]
    ],
    "a2": [
      [
        0.000284800878224
      ]
    ],
    "a3": [
      [
        0.000283606583753
      ]
    ],
    "pq0": [
      [
        0.000105119340697,
        0.00016578718388,
        0.000206464811371,
        0.000234794274582,
        0.00025477753266,
        0.000268687668485,
        0.000277866575552,
        0.000283099661678
      ],
      [
        0.015068765785941985,
        0.03835680822920328,
        0.06520909095162035,
        0.09406401498682768,
        0.12415729394387427,
        0.15504683778658174,
        0.18644642293553204,
        0.21815146497067894
      ]
    ],
    "llm": [
      [
        7.0131492667e-05,
        0.000116279802196,
        0.000151872858397,
        0.000179879610822,
        0.000202259338597,
        0.000220309310558,
        0.00023492942343,
        0.000246768205875,
        0.000256309268357,
        0.000263925389676,
        0.000269913747927,
        0.000274519642017,
        0.00027795291974,
        0.000280399608668,
        0.000282030235672,
        0.000283005674749,
        0.000283480895078,
        0.000283528233908,
        0.000283381926707,
        0.000283285833691,
        0.000283326823545,
        0.000283543267703,
        0.000283909172274,
        0.000284330817888,
        0.000284670355053
      ],
      [
        0.0071485561308244445,
        0.018327932440800655,
        0.03167988232944343,
        0.046417885731530835,
        0.06213106301582435,
        0.07857193698102315,
        0.09558007711401575,
        0.11304697548857842,
        0.13089748552923006,
        0.14907913221786356,
        0.1675555923435256,
        0.1863025548503725,
        0.20530501433081755,
        0.22455545786553988,
        0.24405261231057868,
        0.2638005234793376,
        0.28380778325245215,
        0.3246523693301685,
        0.3455208724864761,
        0.3667071021506386,
        0.3882209984773418,
        0.4100624231974284,
        0.4322146629721852,
        0.45463772672101627,
        0.47726402550022157
      ]
    ],
    "rsw": [
      [
        0.000140306334017,
        0.000169650412594,
        0.000193578724275,
        0.000213061451052,
        0.000228938126593,
        0.000241863029282,
        0.000252340049563,
        0.000260762397345,
        0.000267444103269,
        0.000272643236034,
        0.000276578768592,
        0.000279442869064,
        0.000281409900206,
        0.000282642953158,
        0.000283298354255,
        0.000188669556528,
        0.000208186788275,
        0.00022451486806,
        0.000238037049151,
        0.000249139804185,
        0.000258163240588,
        0.000265396550623,
        0.000271085721675,
        0.00027544340939,
        0.000278657993252,
        0.000280901108068,
        0.000282333618456,
        0.000283110117581,
        0.000222167997035,
        0.000235618573427,
        0.000246922834481,
        0.000256272634864,
        0.000263875672675,
        0.000269931115739,
        0.00027462332684,
        0.000278122567445,
        0.000280588125405,
        0.0002821719877,
        0.000283022250233,
        0.000245799595674,
        0.00025514744075,
        0.00026290653352,
        0.000269190044993,
        0.000274127548575,
        0.000277853097012,
        0.000280501056765,
        0.000282205583403,
        0.000283101690124,
        0.000262447490113,
        0.000268803416304,
        0.000273893275129,
        0.000277794479124,
        0.000280601166166,
        0.00028241814566,
        0.000283358521658,
        0.000273816523696,
        0.00027783652082,
        0.000280785294042,
        0.000282724594967,
        0.000283734234483,
        0.000280923390761,
        0.000282993080974,
        0.000284109787411,
        0.000284345520601
      ],
      [
        0.09083080758751778,
        0.13430432175017948,
        0.15941814239107843,
        0.1757119504803404,
        0.18712958944497504,
        0.19557825010237478,
        0.2020880151062703,
        0.20726238792918977,
        0.21147757945380982,
        0.21497977487366274,
        0.21793640505617762,
        0.22046489014207246,
        0.22264958119749648,
        0.22455216289232777,
        0.22621825664742723,
        0.05501179674321844,
        0.09105863130162835,
        0.11627645997800351,
        0.13483995090273831,
        0.14905719519611704,
        0.16029169857277037,
        0.16939470240128604,
        0.17692235335047635,
        0.18325181388522935,
        0.18864678068216575,
        0.19329619330299586,
        0.19733800814753286,
        0.20087427916745015,
        0.03949830261034868,
        0.06891040748433563,
        0.09153959162188663,
        0.10944239212094836,
        0.1239417629556266,
        0.13591741664833346,
        0.14597232165717597,
        0.15453084191052663,
        0.16189838002884194,
        0.1682987082021755,
        0.17389796113043032,
        0.030890470010366697,
        0.05556154047414795,
        0.07565207742708566,
        0.09229787387370694,
        0.10629906830213084,
        0.11822947861698856,
        0.12850763688584335,
        0.13744332669490386,
        0.14526847762670542,
        0.025444384185962215,
        0.04668994757217974,
        0.06465649877587272,
        0.08002536313162395,
        0.09330534541074705,
        0.10487981947084465,
        0.11503990482943398,
        0.021705553310466683,
        0.04039638517653392,
        0.05663177954362433,
        0.07084407918181872,
        0.08336827537707991,
        0.01899015580987787,
        0.035714898791472535,
        0.05053191336752723,
        0.016932714566415905
      ],
      [
        0.026756904116324767,
        0.040459352526304795,
        0.0554544547393813,
        0.07136296772926985,
        0.08795701444283947,
        0.10508921824591066,
        0.1226601236364336,
        0.14060108941846416,
        0.15886448968189493,
        0.1774177586022931,
        0.19623961744590462,
        0.21531760918682935,
        0.23464644121628148,
        0.2542268234215635,
        0.27406457883308355,
        0.051916664429042976,
        0.06678453710310651,
        0.08258593949522913,
        0.09908984525335837,
        0.1161458293078442,
        0.13365237154416265,
        0.15153958867365605,
        0.16975920517058327,
        0.18827843341350048,
        0.20707609536882474,
        0.2261400884151262,
        0.24546567532275862,
        0.26505426730152926,
        0.07979832354317783,
        0.09534128386361833,
        0.11161355018149274,
        0.12846408561275952,
        0.14578898429768233,
        0.16351589660362983,
        0.18159449395396565,
        0.1999904525586456,
        0.21868155531206285,
        0.23765510193417355,
        0.2569061311939487,
        0.1092829755281925,
        0.1252480716651396,
        0.14181409405591308,
        0.158878254201745,
        0.176367516257361,
        0.19423032464841863,
        0.21243113584373424,
        0.23094675049785268,
        0.24976380712614185,
        0.1397796059394766,
        0.15601550753152524,
        0.1727670547176668,
        0.18996309214808085,
        0.207552545893295,
        0.22549977830117915,
        0.24378135493302303,
        0.17092869125735938,
        0.18733470379039832,
        0.2041978490694884,
        0.22146931332121098,
        0.23911473396185762,
        0.20248705041668288,
        0.2189891780845841,
        0.2359076675622355,
        0.23427285444479826
      ]
    ]
  }
}