{
  "name": "Lebedev(077)",
  "degree": 77,
  "test_tolerance": 6.408e-13,
  "data": {
    "a1": [
      [4.6560318991999998e-05]
    ],
    "a3": [
      [5.4215491952999998e-04]
    ],
    "pq0": [
      [2.5680024977299998e-04, 2.3828736040487190e-02],
      [3.8272117002899998e-04, 5.9194541444981950e-02],
      [4.5794915619200001e-04, 9.8975012402674853e-02],
      [5.0420039690799996e-04, 1.4097739113409083e-01],
      [5.3127088899800003e-04, 1.8418303972165878e-01],
      [5.4384017907500002e-04, 2.2799849848688084e-01]
    ],
    "llm": [
      [1.7785221333499999e-04, 1.1440240333553339e-02],
      [2.8113254056799999e-04, 2.8846542223018141e-02],
      [3.5488963126299999e-04, 4.9184827520653673e-02],
      [4.0903108971700002e-04, 7.1299761914375620e-02],
      [4.4932861341700001e-04, 9.4622572399663082e-02],
      [4.7937284479600002e-04, 1.1883307451319587e-01],
      [5.0154153191599995e-04, 1.4374040519867876e-01],
      [5.1751273726800004e-04, 1.6922931750291914e-01],
      [5.2855222620799998e-04, 1.9523304655136767e-01],
      [5.3568327037100002e-04, 2.2171858764800120e-01],
      [5.3979147361800004e-04, 2.4867829648769377e-01],
      [5.4168994416000000e-04, 2.7612472734531568e-01],
      [5.4193084768899998e-04, 3.3260491862951663e-01],
      [5.4169369020300000e-04, 3.6172427418321601e-01],
      [5.4195443387000002e-04, 3.9148038327329115e-01],
      [5.4289836566299998e-04, 4.2187592637813365e-01],
      [5.4422865001000004e-04, 4.5284707042206701e-01],
      [5.4522503450600004e-04, 4.8423160979755336e-01]
    ],
    "rsw": [
      [3.3160418732000000e-04, 9.0912129422669505e-02, 4.1717375566021495e-02],
      [3.8991135671499999e-04, 1.3447544395266081e-01, 6.2369818656471697e-02],
      [4.3433433272000002e-04, 1.5968977827765909e-01, 8.4703384447698954e-02],
      [4.6794152623200002e-04, 1.7608883766671629e-01, 1.0818706859240070e-01],
      [4.9308479816299996e-04, 1.8761233271823941e-01, 1.3252485252638690e-01],
      [5.1150318675400003e-04, 1.9616323676607925e-01, 1.5754197822918470e-01],
      [5.2452171484600001e-04, 2.0276693577146479e-01, 1.8313463768637675e-01],
      [5.3320414999000003e-04, 2.0802142331344914e-01, 2.0924485380242722e-01],
      [5.3845831260199996e-04, 2.1229618706426556e-01, 2.3584693931713388e-01],
      [5.4110672108000004e-04, 2.1582896181460065e-01, 2.6293972992618958e-01],
      [4.2597973914700000e-04, 5.5182374747974626e-02, 7.9396227605089076e-02],
      [4.6049313684600000e-04, 9.1440556324717356e-02, 1.0134657952582082e-01],
      [4.8718148782600002e-04, 1.1688572985379631e-01, 1.2451441281301839e-01],
      [5.0722429100699999e-04, 1.3567815467589486e-01, 1.4859255615410610e-01],
      [5.2170698452400001e-04, 1.5011458258626764e-01, 1.7339725415054971e-01],
      [5.3157859662800004e-04, 1.6154737711489003e-01, 1.9881900020394591e-01],
      [5.3768337087600000e-04, 1.7081525014445756e-01, 2.2479687342928137e-01],
      [5.4080320920700000e-04, 1.7845916790513258e-01, 2.5130437946191031e-01],
      [4.8427449178999998e-04, 3.9774901301368779e-02, 1.2031244726303181e-01],
      [5.0489260761899999e-04, 6.9518093435610592e-02, 1.4292449218331743e-01],
      [5.2026079804800001e-04, 9.2497642353041892e-02, 1.6651144408744856e-01],
      [5.3099323883300004e-04, 1.1074376794678162e-01, 1.9088638537196473e-01],
      [5.3774197708999995e-04, 1.2555631421581928e-01, 2.1593495094307411e-01],
      [5.4116963316800000e-04, 1.3779122899725810e-01, 2.4159238542021341e-01],
      [5.1979962932800002e-04, 3.1277144226667615e-02, 1.6292806741205310e-01],
      [5.3111208366200000e-04, 5.6391299211738244e-02, 1.8589222528429114e-01],
      [5.3843093199600002e-04, 7.6936516994353749e-02, 2.0969245446347537e-01],
      [5.4218595040499997e-04, 9.4008459651757040e-02, 2.3421699784124456e-01],
      [5.3909483550499998e-04, 2.5935269868495429e-02, 2.0645400832343744e-01],
      [5.4333127050299997e-04, 4.7716296800917581e-02, 2.2958259580795992e-01]
    ]
  }
}
