{
  "name": "Lebedev(021)",
  "degree": 21,
  "test_tolerance": 8.131e-14,
  "data": {
    "a1": [
      [
        0.005544842902037
      ]
    ],
    "a2": [
      [
        0.006071332770671
      ]
    ],
    "a3": [
      [
        0.006383674773515
      ]
    ],
    "pq0": [
      [
        0.005477143385137
      ],
      [
        0.08418189984183712
      ]
    ],
    "llm": [
      [
        0.005183387587748,
        0.006317929009814,
        0.006201670006589
      ],
      [
        0.11749685297731176,
        0.40274847492887056,
        0.2091465148367879
      ]
    ],
    "rsw": [
      [
        0.005968383987681
      ],
      [
        0.08980998574526207
      ],
      [
        0.1739152488294495
      ]
    ]
  }
}