{
  "name": "Lebedev(035)",
  "degree": 35,
  "test_tolerance": 2.095e-13,
  "data": {
    "a1": [
      [
        0.000526589796822
      ]
    ],
    "a2": [
      [
        0.002548219972003
      ]
    ],
    "a3": [
      [
        0.002512317418927
      ]
    ],
    "pq0": [
      [
        0.002417442375639,
        0.00191095128218
      ],
      [
        0.15632289538887573,
        0.0674351291852116
      ]
    ],
    "llm": [
      [
        0.002530403801186,
        0.002014279020919,
        0.002501725168403,
        0.002513267174598,
        0.002302694782227,
        0.001462495621595,
        0.002445373437313
      ],
      [
        0.4317916211421354,
        0.08075932475954714,
        0.2445925526145315,
        0.3663265069319693,
        0.1326057309579971,
        0.03413372995970479,
        0.18743422281948366
      ]
    ],
    "rsw": [
      [
        0.002416930044325,
        0.002512236854563,
        0.002496644054553,
        0.002236607760438
      ],
      [
        0.13628631074813746,
        0.05695446177756676,
        0.16232746762885708,
        0.09180065418907345
      ],
      [
        0.1647978238635748,
        0.20487103606868223,
        0.21938354592682915,
        0.1134255321813036
      ]
    ]
  }
}