{
  "a1": [
    [1.4382941905300000e-04]
  ],
  "a3": [
    [1.1257722882870001e-03]
  ],
  "pq0": [
    [6.8233679271100000e-04, 3.9466000098015340e-02],
    [9.4541581604500003e-04, 9.5012450889590677e-02],
    [1.0744299753860001e-03, 1.5566509596376388e-01],
    [1.1293000865690000e-03, 2.1836437063560810e-01]
  ],
  "llm": [
    [4.9480293419500003e-04, 1.9337017127159052e-02],
    [7.3579901091299998e-04, 4.7507010003751543e-02],
    [8.8891327713000001e-04, 7.9606030685811055e-02],
    [9.8883478389199999e-04, 1.1395200456273660e-01],
    [1.0532996817090000e-03, 1.4981660594749921e-01],
    [1.0927788070149999e-03, 1.8685324600959904e-01],
    [1.1143893940630000e-03, 2.2491326381309878e-01],
    [1.1237247880519999e-03, 2.6397058054454303e-01],
    [1.1252393252440000e-03, 3.4538559044616385e-01],
    [1.1261532718160000e-03, 3.8800992457940353e-01],
    [1.1302869311240000e-03, 4.3201724908277228e-01],
    [1.1349865343640000e-03, 4.7718170664405080e-01]
  ],
  "rsw": [
    [8.4368845008999998e-04, 9.1139953410811797e-02, 6.7842774458994198e-02],
    [1.0752557204489999e-03, 9.2454582317000683e-02, 1.5950256677371893e-01],
    [1.1085772368639999e-03, 1.8879250210965065e-01, 2.0750107737350024e-01],
    [9.5664753237800001e-04, 1.3495092827433242e-01, 1.0003743318687472e-01],
    [1.0806632507170000e-03, 1.7706122532834084e-01, 1.7037391906706956e-01],
    [1.1267971311959999e-03, 7.1034668270590018e-02, 2.2169791057730812e-01],
    [1.0225687153580000e-03, 5.5650552003484302e-02, 1.2604674065566943e-01],
    [1.1089602677130000e-03, 4.0496812246470427e-02, 1.8775884691123490e-01],
    [1.1227906534360000e-03, 1.3768263611849016e-01, 2.3119618838202721e-01],
    [1.0324018471170001e-03, 1.6042026040349594e-01, 1.3444579383088165e-01],
    [1.1072493822840001e-03, 1.1843401305669900e-01, 1.9466826141718838e-01],
    [1.1217800485200000e-03, 1.9748919518870767e-01, 2.4570106099668815e-01]
  ],
  "degree": 53
}