{
  "a1": [
    [9.0805107643000005e-05]
  ],
  "a3": [
    [2.0848243619900000e-04]
  ],
  "pq0": [
    [7.5917081174000002e-05, 1.2227280073337400e-02],
    [1.0833839681700000e-04, 3.1358021314585115e-02],
    [1.4030193952899999e-04, 5.3271592324768829e-02],
    [1.6159701792900000e-04, 7.7334435780881117e-02],
    [1.7711441875000001e-04, 1.0251681487866783e-01],
    [1.8877600229900000e-04, 1.2847228711290487e-01],
    [1.9734746707699999e-04, 1.5498299192569068e-01],
    [2.0337876612299999e-04, 1.8187924973307468e-01],
    [2.0723436265200000e-04, 2.0903016391066756e-01],
    [2.0911778342300001e-04, 2.3632741940083679e-01]
  ],
  "llm": [
    [5.0111056572000002e-05, 1.0370154728179072e-02],
    [5.9425204097000003e-05, 1.6921349905386622e-02],
    [9.5643948261000001e-05, 2.6237512831250583e-02],
    [1.1855306571300000e-04, 3.7916970970109598e-02],
    [1.3645101142300000e-04, 5.0764429877938798e-02],
    [1.5058288256099999e-04, 6.4365850736626359e-02],
    [1.6192987498700001e-04, 7.8508706099648301e-02],
    [1.7124505042700000e-04, 9.3070349974578276e-02],
    [1.7898910981599999e-04, 1.0797423771743253e-01],
    [1.8544749556299999e-04, 1.2316928382347049e-01],
    [1.9081486366700001e-04, 1.3861967848048073e-01],
    [1.9523774052799999e-04, 1.5429949627873993e-01],
    [1.9883492542799999e-04, 1.7018980238335438e-01],
    [2.0170798071600000e-04, 1.8627708646592972e-01],
    [2.0394730827100001e-04, 2.0255235349932824e-01],
    [2.0563602792900000e-04, 2.1901051941436284e-01],
    [2.0685258230700000e-04, 2.3564994889491964e-01],
    [2.0767248775299999e-04, 2.5247206217045837e-01],
    [2.0816942782399999e-04, 2.6948096903380381e-01],
    [2.0841576312199999e-04, 2.8668309128917630e-01],
    [2.0843815311300001e-04, 3.2170146690868673e-01],
    [2.0834762771299999e-04, 3.3953743424370153e-01],
    [2.0826861944600001e-04, 3.5760412753497606e-01],
    [2.0824756861100000e-04, 3.7590884786315942e-01],
    [2.0831398602900000e-04, 3.9445455219170689e-01],
    [2.0847455618299999e-04, 4.1323716441219555e-01],
    [2.0870913133800000e-04, 4.3224257046843712e-01],
    [2.0897184132999999e-04, 4.5144385720653785e-01],
    [2.0920033034800000e-04, 4.7079971418440270e-01],
    [2.0933361482600000e-04, 4.9025509912850934e-01]
  ],
  "rsw": [
    [9.3166844846999999e-05, 9.0126362967441642e-02, 2.2081809907520338e-02],
    [1.1161936886800000e-04, 1.3464429316038959e-01, 3.3033899458888488e-02],
    [1.2986235515600000e-04, 1.5950767583470055e-01, 4.5252103503882188e-02],
    [1.4502368324599999e-04, 1.7561712910914978e-01, 5.8389356405930820e-02],
    [1.5727199581499999e-04, 1.8699113302697762e-01, 7.2172845606673822e-02],
    [1.6732347858700001e-04, 1.9542637654942827e-01, 8.6445084437516653e-02],
    [1.7568601187299999e-04, 2.0191730688850307e-01, 1.0110878625952792e-01],
    [1.8267762904400001e-04, 2.0706589456111046e-01, 1.1609905098916502e-01],
    [1.8851163479900000e-04, 2.1125278750919410e-01, 1.3137056480756018e-01],
    [1.9334578601700001e-04, 2.1472744934880078e-01, 1.4689075034997995e-01],
    [1.9730606718999999e-04, 2.1765940322029603e-01, 1.6263581218533191e-01],
    [2.0049870996199999e-04, 2.2016781632878143e-01, 1.7858847420281362e-01],
    [2.0301709092799999e-04, 2.2233885028263625e-01, 1.9473667446532816e-01],
    [2.0494614601200000e-04, 2.2423617704309690e-01, 2.1107275091530697e-01],
    [2.0636535652000001e-04, 2.2590763028060071e-01, 2.2759286517745056e-01],
    [2.0735079273800000e-04, 2.2738958536386672e-01, 2.4429654404542667e-01],
    [2.0797645932599999e-04, 2.2870993735006442e-01, 2.6118627862297200e-01],
    [2.0831505349700000e-04, 2.2989017282376814e-01, 2.7826713900481920e-01],
    [1.2627151215900001e-04, 5.5155122560262608e-02, 4.2310681520751132e-02],
    [1.4143861285500001e-04, 9.0991876345263040e-02, 5.4589376614723295e-02],
    [1.5387404013100000e-04, 1.1609130309265848e-01, 6.7724863080749459e-02],
    [1.6424349423299999e-04, 1.3461361004959066e-01, 8.1474355764863893e-02],
    [1.7297906092400000e-04, 1.4879266648213288e-01, 9.5706666427371204e-02],
    [1.8035051902599999e-04, 1.5997544458093477e-01, 1.1033448477821067e-01],
    [1.8654753500799999e-04, 1.6901899659110070e-01, 1.2529527766860735e-01],
    [1.9171826696799999e-04, 1.7648652695422162e-01, 1.4054363187678640e-01],
    [1.9598517090300001e-04, 1.8275983943393823e-01, 1.5604637053459755e-01],
    [1.9945295481200000e-04, 1.8810610095779381e-01, 1.7177922087650654e-01],
    [2.0221389111500001e-04, 1.9271766811900420e-01, 1.8772469250478985e-01],
    [2.0435180242100000e-04, 1.9673625405294790e-01, 2.0387075949209946e-01],
    [2.0594503130199999e-04, 2.0026810539286616e-01, 2.2020999421672954e-01],
    [2.0706857153200001e-04, 2.0339392272465742e-01, 2.3673893643468683e-01],
    [2.0779553106900001e-04, 2.0617557433232722e-01, 2.5345758522487716e-01],
    [2.0819803878200001e-04, 2.0866075859467562e-01, 2.7036895055700305e-01],
    [1.5213186103800000e-04, 3.9410280254305090e-02, 6.5419434129611834e-02],
    [1.6227727201899999e-04, 6.8737634348286530e-02, 7.8383669278623808e-02],
    [1.7104981394200000e-04, 9.1299017971344362e-02, 9.1967776897579748e-02],
    [1.7859111494500000e-04, 1.0912251981954836e-01, 1.0605258338214514e-01],
    [1.8501253136900001e-04, 1.2352966531571986e-01, 1.2055153978932494e-01],
    [1.9042297039299999e-04, 1.3540849558689305e-01, 1.3540001689357692e-01],
    [1.9492599561200000e-04, 1.4536923887551031e-01, 1.5055025789706813e-01],
    [1.9861615453600000e-04, 1.5384162902729173e-01, 1.6596714863702092e-01],
    [2.0157905856399999e-04, 1.6113600597060737e-01, 1.8162497364454830e-01],
    [2.0389341987100000e-04, 1.6748150282400451e-01, 1.9750524472951309e-01],
    [2.0563340605400001e-04, 1.7305027217484600e-01, 2.1359531060400441e-01],
    [2.0687059594599999e-04, 1.7797335159579097e-01, 2.2988742026669648e-01],
    [2.0767539061100000e-04, 1.8235142093220438e-01, 2.4637802734319578e-01],
    [2.0811793917299999e-04, 1.8626230107937097e-01, 2.6306722160214996e-01],
    [1.7003452162300001e-04, 3.0792579752977809e-02, 9.0054286275454448e-02],
    [1.7749067799900000e-04, 5.5361285601420090e-02, 1.0341040526963217e-01],
    [1.8396593770000000e-04, 7.5334010695157119e-02, 1.1728781768718408e-01],
    [1.8949874629800001e-04, 9.1850316761410367e-02, 1.3159904129352548e-01],
    [1.9415488094500001e-04, 1.0571891183405266e-01, 1.4627768423517856e-01],
    [1.9800784272499999e-04, 1.1752130645637797e-01, 1.6127422810047151e-01],
    [2.0112962847400001e-04, 1.2768288123464533e-01, 1.7655197528689459e-01],
    [2.0358884569699999e-04, 1.3652050869977778e-01, 1.9208387677995004e-01],
    [2.0545163253500001e-04, 1.4427398585052412e-01, 2.0785039759940338e-01],
    [2.0678310330899999e-04, 1.5112698907187344e-01, 2.2383813400871805e-01],
    [2.0764853202800000e-04, 1.5722142565632113e-01, 2.4003885901039174e-01],
    [2.0811414395300001e-04, 1.6266754254588039e-01, 2.5644879093954648e-01],
    [1.8343830154700000e-04, 2.5325081005789160e-02, 1.1562254436683640e-01],
    [1.8895405917800000e-04, 4.6428449961204592e-02, 1.2926166315631585e-01],
    [1.9366770236000001e-04, 6.4237227632904154e-02, 1.4334861692059786e-01],
    [1.9761764950700000e-04, 7.9442693058475275e-02, 1.5781772849584919e-01],
    [2.0085360045599999e-04, 9.2563204668793808e-02, 1.7261939216447131e-01],
    [2.0342803517100000e-04, 1.0399154701924673e-01, 1.8771635191499633e-01],
    [2.0539444660299999e-04, 1.1402887166058162e-01, 2.0308082722495971e-01],
    [2.0680776428800001e-04, 1.2290839869853407e-01, 2.1869258580978418e-01],
    [2.0772509496600001e-04, 1.3081203498008256e-01, 2.3453767669697423e-01],
    [2.0820624407099999e-04, 1.3788228024837046e-01, 2.5060752219057841e-01],
    [1.9343744865500000e-04, 2.1552567328192232e-02, 1.4185759926245525e-01],
    [1.9741070104800000e-04, 4.0067051631723437e-02, 1.5569779942126724e-01],
    [2.0071292903900000e-04, 5.6114816577325075e-02, 1.6993013808033486e-01],
