{
  "a1": [
    [9.7353479460000007e-06]
  ],
  "a2": [
    [1.9075812417999999e-04]
  ],
  "a3": [
    [1.9010595467399999e-04]
  ],
  "pq0": [
    [5.9929978441999997e-05, 1.1310243989387595e-02],
    [9.7490593825000000e-05, 2.9169910339518858e-02],
    [1.2416808046000001e-04, 5.0059727951126287e-02],
    [1.4376261543000001e-04, 7.2743610517535237e-02],
    [1.5842000547900000e-04, 9.6594430288630115e-02],
    [1.6944365509800001e-04, 1.2124153534283726e-01],
    [1.7766170140200000e-04, 1.4644433896058337e-01],
    [1.8361324344399999e-04, 1.7203495880339476e-01],
    [1.8764947270799999e-04, 1.9788834338328859e-01],
    [1.8999065353399999e-04, 2.2390500638984218e-01]
  ],
  "llm": [
    [3.9264245389000002e-05, 5.3227455371747615e-03],
    [6.6679054673000004e-05, 1.3788807661542444e-02],
    [8.8688913149999993e-05, 2.4015279208793712e-02],
    [1.0663060009600001e-04, 3.5402097592654558e-02],
    [1.2145067433400000e-04, 4.7625884770818583e-02],
    [1.3380546816400000e-04, 6.0485467745096444e-02],
    [1.4416770236300001e-04, 7.3845994273592494e-02],
    [1.5288802008299999e-04, 8.7612883227883048e-02],
    [1.6023306237699999e-04, 1.0171780783142727e-01],
    [1.6641026534499999e-04, 1.1611045233455725e-01],
    [1.7158458540099999e-04, 1.3075336178024718e-01],
    [1.7589010001300000e-04, 1.4561857977102433e-01],
    [1.7943824852599999e-04, 1.6068538000014998e-01],
    [1.8232381067600001e-04, 1.7593869686001495e-01],
    [1.8462932529600000e-04, 1.9136801834299505e-01],
    [1.8642840793200001e-04, 2.0696659225171787e-01],
    [1.8778826946299999e-04, 2.2273084731729559e-01],
    [1.8877163218500000e-04, 2.3865996027990771e-01],
    [1.8943816381799999e-04, 2.5475551652483230e-01],
    [1.8984548995300000e-04, 2.7102121972755128e-01],
    [1.9004979295800001e-04, 2.8746260727206774e-01],
    [1.9006715019200001e-04, 3.2090169760108539e-01],
    [1.8998375555300001e-04, 3.3791614643184276e-01],
    [1.8990141131600000e-04, 3.5513833574333897e-01],
    [1.8985812577100000e-04, 3.7257499116325343e-01],
    [1.8988047561000000e-04, 3.9022968865342511e-01],
    [1.8997936104300000e-04, 4.0810079471542193e-01],
    [1.9014645548400000e-04, 4.2617905890602742e-01],
    [1.9035332462600000e-04, 4.4444518687317358e-01],
    [1.9055561584600000e-04, 4.6286802017996048e-01],
    [1.9070371556600000e-04, 4.8140418557336773e-01]
  ],
  "rsw": [
    [8.1432528208000006e-05, 9.0807729946678309e-02, 2.0234976545606537e-02],
    [9.9988598908999995e-05, 1.3425313437943931e-01, 3.0791513975727509e-02],
    [1.1561994030699999e-04, 1.5933529753293507e-01, 4.2428573608540528e-02],
    [1.2876320926400001e-04, 1.7559474387152710e-01, 5.4847385764345259e-02],
    [1.3983786433700000e-04, 1.8697616413514456e-01, 6.7862519851585965e-02],
    [1.4918764684200000e-04, 1.9538761650599207e-01, 8.1349870011576703e-02],
    [1.5708556791800001e-04, 2.0186005116426667e-01, 9.5222435538271991e-02],
    [1.6374839481000001e-04, 2.0699786823858482e-01, 1.0941738337466307e-01],
    [1.6935005666300000e-04, 2.1117823705345842e-01, 1.2388848245789830e-01],
    [1.7403227693899999e-04, 2.1464839964553800e-01, 1.3860139230284224e-01],
    [1.7791266372800001e-04, 2.1757698434849110e-01, 1.5353059225669063e-01],
    [1.8109081088399999e-04, 2.2008279874604561e-01, 1.6865731115169186e-01],
    [1.8365291326000001e-04, 2.2225182965665546e-01, 1.8396809522031476e-01],
    [1.8567528417800001e-04, 2.2414771524450244e-01, 1.9945379743461106e-01],
    [1.8722705666099999e-04, 2.2581843070468999e-01, 2.1510885155477852e-01],
    [1.8837226455900000e-04, 2.2730068797403552e-01, 2.3093073984658202e-01],
    [1.8917143245300000e-04, 2.2862290650008202e-01, 2.4691958951531628e-01],
    [1.8968274804500001e-04, 2.2980726302668361e-01, 2.6307784688118568e-01],
    [1.8996284170599999e-04, 2.3087113142300042e-01, 2.7940998397434441e-01],
    [1.1233018290000000e-04, 5.4960154830764885e-02, 3.9685511112668721e-02],
    [1.2536988267100000e-04, 9.0941115035375067e-02, 5.1282848659972270e-02],
    [1.3662661176799999e-04, 1.1608536299300992e-01, 6.3668165311651578e-02],
    [1.4627368561100001e-04, 1.3457114229605111e-01, 7.6655037770284915e-02],
    [1.5450764666899999e-04, 1.4870901993292637e-01, 9.0118172162713769e-02],
    [1.6150962808100000e-04, 1.5986457678287783e-01, 1.0396985137813632e-01],
    [1.6743666397400000e-04, 1.6889103852901027e-01, 1.1814691335361566e-01],
    [1.7242250024399999e-04, 1.7634661387071177e-01, 1.3260304839481410e-01],
    [1.7658108229900001e-04, 1.8261072684190624e-01, 1.4730399306525144e-01],
    [1.8001041260100000e-04, 1.8794964657239119e-01, 1.6222440366884705e-01],
    [1.8279604373300001e-04, 1.9255531334410969e-01, 1.7734575514755402e-01],
    [1.8501403007200001e-04, 1.9656924560520134e-01, 1.9265489262832161e-01],
    [1.8673335073900001e-04, 2.0009777628813399e-01, 2.0814301188814746e-01],
    [1.8801786886399999e-04, 2.0322205551846648e-01, 2.2380492749560826e-01],
    [1.8892789256499999e-04, 2.0600478706314848e-01, 2.3963853422185255e-01],
    [1.8952138325100000e-04, 2.0849486479493454e-01, 2.5564439368858483e-01],
    [1.8985482774000001e-04, 2.1073062246566091e-01, 2.7182539182380822e-01],
    [1.3491059359400001e-04, 3.9412311879977333e-02, 6.1499633318586246e-02],
    [1.4440600683699999e-04, 6.8718008676615761e-02, 7.3735595284609379e-02],
    [1.5267973909300001e-04, 9.1229467573337553e-02, 8.6587008278432076e-02],
    [1.5982087714099999e-04, 1.0900938379190972e-01, 9.9928920620531297e-02],
    [1.6593543686200000e-04, 1.2338534873465379e-01, 1.1367246507966848e-01],
    [1.7112799109499999e-04, 1.3524103237312468e-01, 1.2775309364349502e-01],
    [1.7549527256000000e-04, 1.4518318271487132e-01, 1.4212325590905792e-01],
    [1.7912478507999999e-04, 1.5364010084782956e-01, 1.5674768615020959e-01],
    [1.8209543008800000e-04, 1.6092154698853492e-01, 1.7160027742447831e-01],
    [1.8447885245500000e-04, 1.6725631269818478e-01, 1.8666195504100935e-01],
    [1.8634094817100000e-04, 1.7281646358029945e-01, 2.0191919877017048e-01],
    [1.8774330087999999e-04, 1.7773338859450455e-01, 2.1736299641150908e-01],
    [1.8874445437099999e-04, 1.8210867119381738e-01, 2.3298808801529905e-01],
    [1.8940098293800001e-04, 1.8602160213108371e-01, 2.4879240455908375e-01],
    [1.8976833450400001e-04, 1.8953446129275137e-01, 2.6477663000763413e-01],
    [1.5173270374700001e-04, 3.0766587591270468e-02, 8.4778537005129051e-02],
    [1.5877405574800000e-04, 5.5289860994278177e-02, 9.7437110084604164e-02],
    [1.6490933822700001e-04, 7.5219405584434504e-02, 1.1059913862072224e-01],
    [1.7019152161900001e-04, 9.1699389775370760e-02, 1.2417693175761622e-01],
    [1.7468477531400000e-04, 1.0553695851721087e-01, 1.3810566957703913e-01],
    [1.7845555120099999e-04, 1.1731232933908642e-01, 1.5233701192014826e-01],
    [1.8156875621100000e-04, 1.2745040610958361e-01, 1.6683479184938224e-01],
    [1.8408643706600001e-04, 1.3626778554549454e-01, 1.8157206381210320e-01],
    [1.8606767853899999e-04, 1.4400407297575304e-01, 1.9652904668186610e-01],
    [1.8756905837400000e-04, 1.5084309806678883e-01, 2.1169166823959817e-01],
    [1.8864532363499999e-04, 1.5692753210238236e-01, 2.2705051940312437e-01],
    [1.8935011233299999e-04, 1.6236912011127927e-01, 2.4260008857908136e-01],
    [1.8973661845200001e-04, 1.6725594616853851e-01, 2.5833818378790174e-01],
    [1.6439088151500001e-04, 2.5281161699181137e-02, 1.0903290330610359e-01],
    [1.6963003509100000e-04, 4.6338477342026320e-02, 1.2198193837478237e-01],
    [1.7415531038400000e-04, 6.4103957879986559e-02, 1.3535752608613894e-01],
    [1.7800152823899999e-04, 7.9269544280355306e-02, 1.4909625543129384e-01],
    [1.8121167870800001e-04, 9.2353789206304174e-02, 1.6315007497515954e-01],
    [1.8383231580900000e-04, 1.0374964250583865e-01, 1.7748258789945276e-01],
    [1.8591131198400000e-04, 1.1375826933869605e-01, 1.9206641599337021e-01],
