{
  "a1": [
    [8.5459117251300001e-04]
  ],
  "a3": [
    [3.5991192850260002e-03]
  ],
  "pq0": [
    [2.9823449631720001e-03, 8.5178955893947375e-02],
    [3.6008209322159999e-03, 1.9379176117540764e-01]
  ],
  "llm": [
    [3.4497884243060001e-03, 1.6563356975103555e-01],
    [3.6048226014199999e-03, 3.7900326731235512e-01],
    [3.5767296617430001e-03, 2.3318715063252082e-01],
    [2.3521014136889998e-03, 4.3432242613699511e-02],
    [3.1089531224140002e-03, 1.0163742647378354e-01],
    [3.6500458076770001e-03, 4.5874666471640524e-01]
  ],
  "rsw": [
    [3.5715405542730001e-03, 1.3741134098427596e-01, 2.0479416681950366e-01],
    [3.3923122050060002e-03, 9.2436097378089485e-02, 1.4177217959441341e-01]
  ],
  "degree": 29
}