{
  "degree": 10,
  "s3": [
    [0.8352339980519638E-01]
  ],
  "s2": [
    [0.7229850592056743E-02, 4.978654329544749e-01],
    [0.7449217792098051E-01, 4.280124497290562e-01],
    [0.7864647340310853E-01, 1.847564127432246e-01],
    [0.6928323087107504E-02, 2.048121857167755e-02]
  ],
  "s1": [
    [0.2951832033477940E-01, 1.365735762560334e-01, 3.500298989727198e-02],
    [0.3957936719606124E-01, 3.327436005886387e-01, 3.754907025844267e-02]
  ]
}
