{
  "degree": 20,
  "s3": [
    [0.2761042699769952E-01]
  ],
  "s2": [
    [0.1779029547326740E-02, 4.992496753377855e-01],
    [0.2011239811396117E-01, 4.529301240305246e-01],
    [0.2681784725933157E-01, 3.977639379552368e-01],
    [0.2452313380150201E-01, 2.645002025327873e-01],
    [0.1639457841069539E-01, 2.110189640920768e-01],
    [0.1479590739864960E-01, 1.077356071712713e-01],
    [0.4579282277704251E-02, 3.906908783780266e-02],
    [0.1651826515576217E-02, 1.117437972932958e-02]
  ],
  "s1": [
    [0.2349170908575584E-02, 6.354966590835220e-02, 5.349618187337257e-03],
    [0.4465925754181793E-02, 1.571069189407070e-01, 7.954817066198938e-03],
    [0.6099566807907972E-02, 3.956421143643741e-01, 1.042239828126379e-02],
    [0.6891081327188203E-02, 2.731675707129105e-01, 1.096441479612335e-02],
    [0.7997475072478163E-02, 1.017853824850171e-01, 3.856671208546233e-02],
    [0.7386134285336024E-02, 4.466585491764138e-01, 3.558050781721819e-02],
    [0.1279933187864826E-01, 1.990107941495031e-01, 4.967081636276412e-02],
    [0.1725807117569655E-01, 3.242611836922827e-01, 5.851972508433175e-02],
    [0.1867294590293547E-01, 2.085313632101329e-01, 1.214977870043942e-01],
    [0.2281822405839526E-01, 3.231705665362575e-01, 1.407108449439387e-01]
  ]
}
