{
  "name": "Bažant-Oh 13",
  "_ERR": "TODO upstream specifies degree 13",
  "degree": 11,
  "test_tolerance": 5.033e-12,
  "data": {
    "a1": [
      0.0107238857303
    ],
    "a2": [
      0.0211416095198
    ],
    "a3": [
      0.0188482309508
    ],
    "pq02": [
      0.00535505590837, 0.308951267775
    ],
    "llm2": [
      0.0167770909156, 0.335154591939
    ]
  }
}
