{
  "name": "Bažant-Oh 11",
  "degree": 11,
  "test_tolerance": 3.361e-12,
  "data": {
    "a1": [
      [0.00985353993433]
    ],
    "a2": [
      [0.0162969685886]
    ],
    "pq02": [
      [0.0134788844008, 0.357537045978]
    ],
    "llm2": [
      [0.0175759129880, 0.437263676092]
    ]
  }
}
