{
  "name": "Bažant-Oh 9",
  "a1": [
    [0.0265214244093]
  ],
  "a2": [
    [0.0199301476312]
  ],
  "llm2": [
    [0.0250712367487, 0.387907304067]
  ],
  "degree": 9,
  "test_tolerance": 5.808e-12
}
