{
  "degree": 10,
  "s3": [[1.616325201016875e-01]],
  "s2": [
    [1.476326579239448e-02, 2.270664031285163e-02],
    [5.295777200299426e-02, 4.853481363747690e-01],
    [1.002186284617503e-01, 1.550155173362230e-01]
  ],
  "s1": [
    [4.700420842576995e-02, 8.385517073803943e-01, 1.300534505181612e-01],
    [5.705224549121469e-02, 6.669206010596079e-01, 3.027900973675370e-01],
    [1.183682929374979e-01, 5.205603060588030e-01, 3.307142459409231e-01]
  ]
}
