{
  "_ERR": "TODO upstream specifies degree 44",
  "degree": 27,
  "s2": [
    [8.864712285876080e-04, 6.028725106885902e-03],
    [3.416776045135247e-03, 2.258044806409376e-02],
    [5.873188283219656e-03, 4.969481625758564e-01],
    [9.056830757287023e-03, 6.974538648259421e-02],
    [1.852078765438412e-02, 1.332229905987722e-01],
    [2.065003542841465e-02, 4.615359106618344e-01],
    [2.630730885302441e-02, 2.113990101102156e-01],
    [3.174921632839665e-02, 3.921793974573250e-01],
    [3.377920627522737e-02, 3.020740004939738e-01]
  ],
  "s1": [
    [6.034254669086245e-04, 9.725775772197541e-01, 2.564112890385994e-02],
    [2.068085551182357e-03, 9.447574286566741e-01, 4.894785660284484e-02],
    [3.186399004446843e-03, 9.001401125357067e-01, 9.437022532668160e-02],
    [4.216050075476142e-03, 8.359266405800050e-01, 1.581782780422168e-01],
    [4.841675960174105e-03, 7.614884986585091e-01, 2.324831503045078e-01],
    [5.271481486746724e-03, 6.792748579250246e-01, 3.147359690956268e-01],
    [5.694173766833175e-03, 5.901737795276984e-01, 4.037659022247549e-01],
    [6.090614333326090e-03, 9.081476395318312e-01, 6.242160824697651e-02],
    [8.222871505051422e-03, 8.534412071534904e-01, 1.170385553231946e-01],
    [1.005721006810382e-02, 7.845616678273414e-01, 1.841674338290629e-01],
    [1.125757513179009e-02, 7.085198818216315e-01, 2.601687548765030e-01],
    [1.254170679557376e-02, 6.236626809193377e-01, 3.449391093275205e-01],
    [1.307633456433240e-02, 8.024605155143716e-01, 1.250100196599240e-01],
    [1.340950590931485e-02, 5.313863438483508e-01, 4.368267911083232e-01],
    [1.620796750370467e-02, 7.292105546144692e-01, 1.952257414210168e-01],
    [1.843205739109864e-02, 6.473953079406027e-01, 2.770313420283573e-01],
    [2.004422177958698e-02, 5.566146408624599e-01, 3.670861743651032e-01],
    [2.178517696533819e-02, 6.558049931032111e-01, 2.076778175532397e-01],
    [2.453754696208469e-02, 5.709237895617369e-01, 2.918068570178904e-01],
    [2.636594306625429e-02, 4.780282704062717e-01, 3.830977808545468e-01],
    [3.030339961913597e-02, 4.880268172788484e-01, 2.979071185799660e-01]
  ]
}
