{
  "s1": [
    [4.0634559793660659e-02, 1.9371724361240805e-02, 1.4161901592396814e-01]
  ],
  "s2": [
    [1.7133312415298105e-01, 2.1942998254978302e-01],
    [8.0731089593030977e-02, 4.8013796411221504e-01]
  ],
  "degree": 6
}