{
  "s1": [
    [4.3283539377289376e-02, 3.6838412054736300e-02, 2.2196298916076571e-01]
  ],
  "s2": [
    [3.1334700227139071e-02, 4.8968251919873762e-01],
    [7.9647738927210263e-02, 1.8820353561903280e-01],
    [7.7827541004774278e-02, 4.3708959149293664e-01],
    [2.5577675658698035e-02, 4.4729513394452747e-02]
  ],
  "s3": [
    [9.7135796282798836e-02]
  ],
  "degree": 9
}