{
  "s1": [
    [1.8125498646200881e-02, 1.8988004383759041e-02, 2.9207868857663638e-01],
    [3.7211960457261536e-02, 9.7736031066016527e-02, 2.6674525331035115e-01],
    [1.5393072683782177e-02, 2.1966344206529244e-02, 1.2679977578383730e-01]
  ],
  "s2": [
    [9.9414763610725879e-03, 4.9613589474104608e-01],
    [3.2781241603722977e-02, 4.6960868965349190e-01],
    [4.6062409592778249e-02, 2.3111028494908226e-01],
    [4.6947095542155197e-02, 4.1447757027905457e-01],
    [3.0903097975759793e-02, 1.1355991257213327e-01],
    [8.0293997952584229e-03, 2.4895931491216494e-02]
  ],
  "s3": [
    [5.1622646664290818e-02]
  ],
  "degree": 13
}