{
  "s1": [
    [2.5281660553822631e-03, 2.3870253654353610e-02, 1.5950379892475722e-01],
    [2.2250197297245147e-03, 5.1898217608445357e-03, 1.1410136032236454e-01],
    [5.3280304311947848e-03, 3.2741029188706403e-02, 9.5539878171734899e-02],
    [2.2811036762558344e-03, 2.4475998559663793e-03, 3.1116226805170194e-01],
    [4.1147503444160924e-03, 8.7252895853085349e-03, 2.0561723205805207e-01],
    [1.9525913278907261e-03, 7.1625399102444821e-03, 4.7261629449725298e-02],
    [1.4981113393199167e-02, 6.8526954187212996e-02, 3.5850959356962508e-01],
    [1.6121241637017152e-02, 1.0172832932728422e-01, 2.4048277203501270e-01],
    [1.0470256493130067e-02, 5.8351575237515441e-02, 1.7293230312922397e-01],
    [2.0844395858968811e-02, 1.5483015540551620e-01, 3.1630430765383810e-01],
    [7.0977788345218248e-03, 1.4758969729945169e-02, 3.9775857680300764e-01],
    [1.0175574656707037e-02, 3.2993708192532792e-02, 2.7879416981410227e-01]
  ],
  "s2": [
    [3.9157402590329357e-03, 3.9007268757032199e-02],
    [1.1397889267800760e-02, 4.8032887733730850e-01],
    [8.9599170255135422e-03, 8.6841048207633220e-02],
    [2.3674608463128022e-02, 3.9432350601154154e-01],
    [2.3807862887499764e-02, 2.6625131787724732e-01],
    [1.4559449392741749e-02, 1.3712938731164770e-01],
    [2.4075446041814095e-03, 4.9895943120958630e-01],
    [1.8951950669338885e-02, 4.4469244212772752e-01],
    [1.9935277880105025e-02, 1.9874980639653628e-01],
    [1.0653612328293150e-03, 9.0164402055984416e-03]
  ],
  "s3": [
    [2.5253060323036210e-02]
  ],
  "degree": 23
}