{
  "s1": [
    [1.4145045806484846e-02, 1.7036728246244368e-01, 2.4147976007359401e-01],
    [1.5274442601324626e-02, 1.6975979586073600e-01, 3.2897580892422640e-01],
    [5.3662714541677682e-03, 3.8318225821019382e-02, 9.3167409779881152e-02],
    [1.5031854349741339e-02, 9.2656481520757519e-02, 3.9452027980019433e-01],
    [7.2041341747974275e-03, 4.1188714248475373e-02, 1.6267741639447741e-01],
    [8.9048769281635642e-03, 3.9570904970158041e-02, 2.5358901421887947e-01],
    [9.9472518756824179e-03, 3.8592700174896126e-02, 3.6225224131779127e-01],
    [1.4352351578157454e-02, 9.4534961736598991e-02, 2.8162257770616084e-01],
    [4.2421492668037689e-03, 7.3879946322942380e-03, 3.8327266499265922e-01],
    [4.0812750771164509e-03, 7.5460031623128150e-03, 2.7375035251626051e-01],
    [2.5892123823979848e-03, 7.2345584577821372e-03, 9.4121342797366031e-02],
    [1.1843562142543109e-02, 9.5566269527365230e-02, 1.8039615188676572e-01],
    [3.7072267642463083e-03, 7.9879218808479643e-03, 1.7473734628280568e-01],
    [1.7969475854465765e-03, 8.0749108702087759e-03, 3.7291472051291220e-02]
  ],
  "s2": [
    [1.3110532701885239e-02, 4.1889097491060279e-01],
    [1.0379016056400193e-02, 1.6236063371692644e-01],
    [3.8336997309291834e-03, 4.0985629001117130e-02],
    [6.1725450549664316e-04, 6.7312708878884409e-03],
    [4.3432467221706976e-03, 4.9625527767573513e-01],
    [2.0520008671509844e-02, 2.6423131543827261e-01],
    [1.0352494770852603e-02, 4.8061256179250322e-01],
    [1.0027393067388906e-02, 9.6328495599215302e-02],
    [1.8994586517352658e-02, 3.7535292670208631e-01]
  ],
  "s3": [
    [1.2545689845600319e-02]
  ],
  "degree": 24
}