{
  "s1": [
    [1.3985264481602723e-03, 4.7946609754366768e-03, 8.0071654940316539e-02],
    [1.2055647737168856e-03, 2.9155196206835834e-02, 3.1643611571530776e-02],
    [3.3055447129676702e-03, 2.6209364022498651e-02, 7.5380047515398660e-02],
    [1.0857073429967549e-03, 5.6981179168752163e-03, 3.3100034336032272e-02],
    [6.4035978997128186e-03, 4.1724722742120926e-02, 1.3248618961456732e-01],
    [4.6142110763783177e-03, 1.0004565910652752e-01, 1.0868713291440213e-01],
    [1.4379473227598740e-02, 1.2061440220524899e-01, 2.5027231329052646e-01],
    [8.2597672170868393e-03, 2.9537942516907823e-02, 3.8902206204276180e-01],
    [1.3727958216085703e-02, 8.7378465163844482e-02, 3.5850929642766155e-01],
    [1.0397645528174324e-02, 7.6311901512959385e-02, 1.8686917947622156e-01],
    [1.8571474709980840e-03, 2.0575309653708650e-03, 4.1470590959030629e-01],
    [1.7599167180695211e-02, 1.7047872849724890e-01, 3.1941530538343876e-01],
    [2.9667616626565057e-03, 7.9996080914843011e-03, 1.4373762619976402e-01],
    [1.0107124432088685e-02, 5.1165873685137767e-02, 2.8378813885947041e-01],
    [6.2693378460805691e-03, 2.2784599250895661e-02, 2.1654666647347712e-01],
    [4.5915583873986374e-03, 9.4732979122135585e-03, 3.1289850307487999e-01],
    [1.1395489158682135e-03, 4.6400773217565258e-04, 2.2643479740771752e-01]
  ],
  "s2": [
    [4.9138253029660179e-03, 6.6737122576466246e-02],
    [5.2695311668187188e-04, 6.3401164920769415e-03],
    [5.3021591818673457e-03, 4.9375303289638478e-01],
    [1.9468067837182881e-02, 3.8878749710759403e-01],
    [1.9535646923247541e-02, 2.7314710092907879e-01],
    [1.1528503634656892e-02, 4.7182856332116602e-01],
    [1.3255259448545269e-02, 1.5420143036454431e-01],
    [1.6944345078528090e-02, 2.1204316330220568e-01],
    [1.6412400602587904e-02, 4.3598541938438318e-01]
  ],
  "s3": [
    [2.0486662589223242e-02]
  ],
  "degree": 26
}