{
  "s1": [
    [4.2147584639124344e-03, 4.7835123140772554e-02, 2.5905388452106737e-01],
    [5.9249227450920150e-03, 7.9659526931600624e-02, 3.9157218829125634e-01],
    [5.9442201844244870e-03, 5.7693401273874227e-02, 3.5614028329623354e-01],
    [6.8771843875359258e-03, 7.7261437576884098e-02, 2.8301249734958878e-01],
    [4.0924989683471993e-03, 2.2758384295000066e-02, 2.4161376245152441e-01],
    [8.8726545060173450e-03, 1.2381197877067460e-01, 2.5278124718793293e-01],
    [7.5343229295464819e-03, 1.1588196723610056e-01, 1.8490610638391713e-01],
    [6.8040067561018743e-03, 6.6517444781881596e-02, 1.9370437715364014e-01],
    [1.2066965685421181e-03, 4.4387813770613597e-03, 7.6401248439387545e-02],
    [1.9589485778932435e-03, 4.6635793926886248e-03, 2.0904808745268963e-01],
    [2.2744459009986784e-03, 4.7036817644770437e-03, 2.9854299405924267e-01],
    [5.3646848461863100e-03, 2.5182066703868706e-02, 3.3437904003403107e-01],
    [5.8700698030655267e-03, 6.5776573824742862e-02, 1.2323080238069513e-01],
    [1.1303023542937487e-02, 1.2612409498498942e-01, 3.3851416242984572e-01],
    [1.4316485269667591e-02, 1.9487095092351842e-01, 3.5440360218068745e-01],
    [1.2926023450118297e-02, 1.9100142457228309e-01, 2.6306829775780832e-01],
    [6.2815965808916642e-03, 2.7533406124549888e-02, 4.3456617396466962e-01],
    [4.7019369941059671e-03, 2.8063921981372968e-02, 1.6407098706987833e-01],
    [1.8305068761488277e-03, 1.5902416268934703e-02, 4.2681999706080401e-02],
    [3.8218805470950205e-03, 2.7294230652095765e-02, 9.3959794652729869e-02],
    [1.9198805574689177e-03, 5.6912114454161023e-03, 1.3540885351993445e-01],
    [2.6425679231632513e-03, 5.1623470166213209e-03, 3.9622151473965911e-01],
    [3.3562171146640226e-04, 5.3370866069449101e-04, 2.9484042597673940e-02]
  ],
  "s2": [
    [1.7172990137104944e-04, 3.3187249366446459e-03],
    [3.8019326684155179e-03, 7.2372407224677970e-02],
    [2.8444336676874955e-03, 4.7157910242171974e-02],
    [7.7841287323308474e-03, 4.6803017365112543e-01],
    [8.4655014532888896e-04, 1.2686604674467750e-02],
    [7.3869118349142891e-03, 1.2159150822272807e-01],
    [1.0752850965432811e-02, 1.8240956151745308e-01],
    [1.5596091325825796e-02, 3.6228727935294985e-01],
    [1.2404959028146008e-02, 4.3674324854846019e-01],
    [1.4914550762685760e-02, 2.7242804078392829e-01],
    [2.7913181197407686e-03, 4.9731933900030856e-01]
  ],
  "degree": 30
}