{
  "s1": [
    [5.8062932483636679e-03, 1.0666968086407752e-01, 1.3909062847209461e-01],
    [1.2838516987696961e-03, 3.2611556637283179e-03, 1.9723313078965304e-01],
    [2.8265142759277390e-03, 1.3139817840403651e-02, 2.3852415098431001e-01],
    [5.0550904687225826e-04, 2.3442211286868928e-03, 2.9750729385989955e-02],
    [1.3026954489734517e-03, 1.9614003698950199e-03, 3.9578393329688538e-01],
    [1.0192579444341274e-02, 1.5263656577521970e-01, 3.5168005877608099e-01],
    [7.8668704957381395e-03, 1.1342527834750285e-01, 2.0248219426175840e-01],
    [7.1208092414187926e-03, 5.4521384444683116e-02, 4.2255395522221506e-01],
    [4.9641144765076696e-03, 6.0604929160772196e-02, 1.2468050884744397e-01],
    [5.4364374730135542e-03, 3.7588952157517744e-02, 2.5554623640285729e-01],
    [1.1525829400842614e-03, 4.3863301700616539e-03, 7.4503129935386311e-02],
    [4.1783326918215305e-03, 1.7273414324937113e-02, 4.1680727552365054e-01],
    [6.3624230528668774e-03, 6.2578022014310897e-02, 1.9287172300619845e-01],
    [1.8127692882839109e-03, 1.8407947031282925e-02, 4.7347818939552463e-02],
    [6.6899592450456258e-03, 4.2903208942771429e-02, 3.4190500534752766e-01],
    [3.6397134849474404e-03, 1.3189083779015698e-02, 3.2581395305750965e-01],
    [9.2937033769311794e-04, 1.1968816307095984e-03, 2.8942594875713729e-01],
    [1.2895586787984194e-02, 2.1913276143017676e-01, 2.9878979567601333e-01],
    [8.4758977171366188e-03, 8.1129891569330939e-02, 2.7447574774279498e-01],
    [9.6222755316967227e-03, 9.5278114482016785e-02, 3.5322987389141558e-01],
    [1.1599669031385623e-02, 1.4688870800211185e-01, 2.6636788247507182e-01],
    [3.6665867049268460e-03, 2.7530630078587484e-02, 9.6048152101051110e-02],
    [4.4453379912524011e-03, 2.5875108219938159e-02, 1.6740782477835606e-01],
    [1.8212527841224724e-03, 5.7973186847398370e-03, 1.3067763377028832e-01]
  ],
  "s2": [
    [4.0439883965193652e-03, 4.8615246791305983e-01],
    [8.8430826430883121e-03, 4.1958808086426047e-01],
    [4.2237298511032311e-03, 7.9206796506698762e-02],
    [9.8686614502708331e-04, 1.7731349249714146e-02],
    [1.1237003508013176e-02, 2.1843649679092814e-01],
    [9.5591959667284190e-03, 1.7245078718388612e-01],
    [3.2590866501857711e-03, 5.1095180822381459e-02],
    [2.3276606420564320e-03, 4.9774862062647030e-01],
    [1.3739395196568263e-02, 3.8516846924568010e-01],
    [1.2359040509346901e-02, 2.9749149036799294e-01],
    [3.4440137927258110e-04, 5.0828094627279330e-03],
    [1.0433977295780583e-02, 4.5034094173901817e-01]
  ],
  "s3": [
    [8.3431208138863722e-03]
  ],
  "degree": 31
}