{
  "s1": [
    [8.3492191295379374e-03, 1.5886794122904668e-01, 2.0683168631590204e-01],
    [3.0406522577729983e-03, 1.4766442430854652e-02, 4.4676142653316703e-01],
    [5.2860436025324803e-03, 5.1431127240233049e-02, 2.3246620764637871e-01],
    [2.4932699246690685e-03, 1.9559740364592387e-02, 1.1683492670695796e-01],
    [3.0205810567136265e-03, 1.2618566750157201e-02, 3.2824054584493401e-01],
    [3.6441755768761817e-03, 2.1062156675639213e-02, 2.5935093200312015e-01],
    [7.4810896991601558e-03, 1.1754350925434794e-01, 1.6546399823734956e-01],
    [4.5681541355720142e-03, 2.9298850540485217e-02, 3.8246490738093725e-01],
    [1.6852036405342879e-03, 3.4428216522743543e-03, 3.9781707264672084e-01],
    [8.2092066464793060e-03, 9.0370281144864228e-02, 3.2541746964669011e-01],
    [4.4656768476199335e-03, 5.0697635926740453e-02, 1.1333919148760309e-01],
    [6.2028347215228423e-03, 4.7944478915561778e-02, 3.1104163282764175e-01],
    [8.8889254315192682e-04, 1.2766573802798487e-03, 2.9883713538891299e-01],
    [1.4852293291851672e-03, 4.2625634151115983e-03, 1.5211228094378379e-01],
    [1.1127063455906366e-03, 3.8525119887190540e-03, 8.8661705033911520e-02],
    [1.1973359102482775e-02, 2.0190014863247660e-01, 3.1915258059306056e-01],
    [5.8823160628198564e-03, 6.7710393221269136e-02, 1.6675569358213332e-01],
    [8.4487434719511239e-03, 9.5572417110654492e-02, 2.4213792401943282e-01],
    [1.0211455916366078e-02, 1.5037086457345822e-01, 2.7986174799782970e-01],
    [2.4899591532165262e-03, 2.4349850684587112e-02, 6.7398400207256653e-02],
    [9.8885056550222818e-03, 1.2938786736692337e-01, 3.7168796669342041e-01],
    [7.4091131429364935e-03, 6.3227420456501204e-02, 4.0562814906588285e-01],
    [1.9455932409830673e-03, 5.2666330207657699e-03, 2.2198016573748106e-01],
    [4.2608365965001640e-03, 2.6158881979651039e-02, 1.7832568203786295e-01],
    [1.0553743696176171e-03, 5.5547678704322397e-03, 4.2622190591409509e-02],
    [1.7008824774248794e-04, 6.2309802034506926e-04, 1.4344300379280379e-02]
  ],
  "s2": [
    [5.3323902333416114e-05, 1.4574454623700883e-03],
    [1.4146272476628391e-03, 4.9865089357884734e-01],
    [5.5800151424132693e-03, 4.8116811599583675e-01],
    [8.3785907041262434e-03, 4.5228575651160052e-01],
    [1.2661294560486029e-02, 3.7632875804791899e-01],
    [1.2882733177175360e-02, 2.8301827984957328e-01],
    [1.0880466026934250e-02, 4.1367978432541341e-01],
    [1.8592782531938899e-03, 3.0269191040444454e-02],
    [8.0174105167307372e-04, 1.2810196480112002e-02],
    [3.9763485949253609e-03, 6.2010649826264475e-02],
    [1.2535597725648882e-02, 2.2927799692807005e-01],
    [6.6293991150591534e-03, 1.0195882690026975e-01]
  ],
  "s3": [
    [1.3030070995762574e-02]
  ],
  "degree": 32
}