{
  "degree": 2,
  "s2": [[6.666666666666667e-01, 1.666666666666666e-01]]
}
