{
  "degree": 7,
  "s2": [
    [6.402666945975939e-02, 5.125307984145178e-02],
    [1.297596750941034e-01, 4.741107940511353e-01],
    [2.540178513886623e-01, 2.421847563444861e-01]
  ],
  "s1": [
    [1.094312353620707e-01, 7.184833008976065e-01, 2.333468929848689e-01]
  ]
}
