{
  "degree": 8,
  "s2": [
    [2.742901451011957e-02, 3.140574880095148e-02],
    [1.487952180396637e-01, 1.960193578071566e-01],
    [1.700290644290404e-01, 4.044619997391648e-01]
  ],
  "s1": [
    [7.681169007620549e-02, 7.876424102060766e-01, 1.711304246628439e-01],
    [8.339499476771613e-02, 5.846327565436199e-01, 3.760587715777944e-01]
  ]
}
