{
  "degree": 14,
  "s2": [
    [9.245822342306463e-03, 1.882509916959152e-02],
    [2.868577367294062e-02, 4.902491099383723e-01],
    [3.479644587892285e-02, 8.197254165164569e-02],
    [9.077217553424359e-02, 2.205308355657246e-01],
    [1.043845857523602e-01, 3.861241892782913e-01]
  ],
  "s1": [
    [1.640816380096723e-02, 8.878227753643443e-01, 9.679127647080299e-02],
    [2.378718386790235e-02, 7.672861632419925e-01, 2.144781573208718e-01],
    [2.625170156645367e-02, 6.333499392824316e-01, 3.481451468117782e-01],
    [5.786246094287929e-02, 7.075530184664951e-01, 2.006420156473703e-01],
    [7.508142156474396e-02, 5.413832148281223e-01, 3.613457256370317e-01]
  ]
}
