{
  "_ERR": "TODO upstream specifies degree 19",
  "degree": 17,
  "s2": [
    [4.533150138338916e-03, 1.338044267375471e-02],
    [1.840922096626110e-02, 4.929375087537810e-01],
    [2.410913657966060e-02, 6.860308489847733e-02],
    [4.468857832251429e-02, 1.632812816752138e-01],
    [6.253133910430890e-02, 4.175103606029739e-01],
    [7.362530381554795e-02, 2.864874374828993e-01]
  ],
  "s1": [
    [8.914349373967220e-03, 9.220321146106945e-01, 6.509382978126310e-02],
    [1.262245349100950e-02, 8.425600911514819e-01, 1.434190950622009e-01],
    [1.529137548785980e-02, 7.434497021895653e-01, 2.431552818705917e-01],
    [1.682222570490589e-02, 6.221123576162322e-01, 3.650886030795984e-01],
    [3.366852390007356e-02, 5.173298517577236e-01, 4.126419796221273e-01],
    [3.552105987136365e-02, 7.625944482732047e-01, 1.663594035439976e-01],
    [3.878306670364895e-02, 6.408984026645947e-01, 2.921159572571606e-01],
    [5.776191433718891e-02, 5.576433327824263e-01, 2.811126637309341e-01]
  ]
}
