{
  "_ERR": "TODO upstream specifies degree 25",
  "degree": 20,
  "s3": [[5.588291294116084e-02]],
  "s2": [
    [1.981116311676655e-03, 8.570772385299130e-03],
    [1.281698730101485e-02, 5.153054050512629e-02],
    [1.392802401503369e-02, 4.946593404139001e-01],
    [3.334681223797469e-02, 4.373258129156083e-01],
    [3.350287758327230e-02, 1.322939953811165e-01],
    [4.485139589079629e-02, 2.152388243446085e-01]
  ],
  "s1": [
    [5.467709119029015e-03, 9.434081460978755e-01, 4.662176991883149e-02],
    [7.742473857383334e-03, 7.951998698231925e-01, 1.946139250445256e-01],
    [8.312467601083283e-03, 7.244281320245196e-01, 2.654962893143091e-01],
    [8.627498419980478e-03, 8.751176817691593e-01, 1.142006223365933e-01],
    [1.154875711587518e-02, 6.212422292784825e-01, 3.694621789345873e-01],
    [1.999959677480471e-02, 8.232841624668943e-01, 1.214321743895611e-01],
    [2.307726195136485e-02, 7.355029738726430e-01, 2.119739663759458e-01],
    [2.369686209775543e-02, 5.246041585348024e-01, 4.224769939458884e-01],
    [2.421557796764804e-02, 6.308736305151760e-01, 3.199584180281884e-01],
    [3.460060715098293e-02, 6.455563794140737e-01, 2.344684215615388e-01],
    [3.533502706616500e-02, 5.396524559908187e-01, 3.377292371070699e-01],
    [5.118206871784994e-02, 4.513865004633650e-01, 3.288194899950024e-01]
  ]
}
