{
  "_ERR": "TODO upstream specifies degree 40",
  "degree": 25,
  "s3": [[3.826701851913514e-02]],
  "s2": [
    [8.067538614674652e-04, 5.714338858236023e-03],
    [4.097892115003257e-03, 2.724942860041202e-02],
    [1.211112026594179e-02, 7.665566577103766e-02],
    [1.545248758841621e-02, 4.821356843648178e-01],
    [2.231585558112508e-02, 1.495232577953683e-01],
    [3.128109303881664e-02, 4.225303647062220e-01],
    [3.244705526178106e-02, 2.350176639422171e-01]
  ],
  "s1": [
    [1.311972096436258e-03, 9.687384811816084e-01, 2.643876732033090e-02],
    [2.363506362138199e-03, 9.359144655917663e-01, 5.824206555180034e-02],
    [3.863355202489112e-03, 8.857374205718546e-01, 1.079576738802949e-01],
    [5.205141497072303e-03, 8.169397121865529e-01, 1.764040981552513e-01],
    [6.079727960822668e-03, 7.340782657828878e-01, 2.592064443745977e-01],
    [6.573861622100784e-03, 6.417536443370564e-01, 3.515058813634405e-01],
    [6.803487273786287e-03, 5.452017126279234e-01, 4.479594537557854e-01],
    [7.191212414410812e-03, 8.996729746963734e-01, 6.922855544769646e-02],
    [1.040593989374505e-02, 8.367547459062316e-01, 1.294504367233845e-01],
    [1.279192792167507e-02, 7.600188208086851e-01, 2.050928184004891e-01],
    [1.429054259568944e-02, 6.728787209737545e-01, 2.921172033658072e-01],
    [1.516598018295725e-02, 5.787663357295136e-01, 3.858474444747349e-01],
    [1.688539009927329e-02, 7.763864794675357e-01, 1.411732702594700e-01],
    [2.008864157361232e-02, 6.952811838413491e-01, 2.206947014886987e-01],
    [2.241379810029409e-02, 6.045565788562602e-01, 3.107793948406679e-01],
    [2.379359758144083e-02, 5.068512266778055e-01, 4.073744619896780e-01],
    [2.647059913816115e-02, 6.176053774986531e-01, 2.307669286559439e-01],
    [2.995295606219674e-02, 5.232704635329560e-01, 3.230026381964913e-01],
    [3.604773047889431e-02, 4.313080820678356e-01, 3.302766805172654e-01]
  ]
}
