{
  "_ERR": "TODO upstream specifies degree 56",
  "degree": 30,
  "s3": [[2.755469669500557e-02]],
  "s2": [
    [2.080920498080747e-04, 2.608491000431257e-03],
    [1.877148751955068e-03, 1.990812153294286e-02],
    [4.299628792430796e-03, 4.975087113412017e-01],
    [6.406881016605737e-03, 5.385439207707809e-02],
    [1.251955161595251e-02, 1.102346281757230e-01],
    [1.506858712064191e-02, 4.684661559784883e-01],
    [1.826854949412279e-02, 1.736926677159306e-01],
    [2.385853496758131e-02, 4.106683190498226e-01],
    [2.453173764475642e-02, 2.495567569827484e-01]
  ],
  "s1": [
    [7.518913835433728e-04, 9.800308095795568e-01, 1.601681168443359e-02],
    [1.154870004006195e-03, 9.562102405858892e-01, 4.006532345029712e-02],
    [1.991717031244021e-03, 9.189913779151198e-01, 7.648940225038126e-02],
    [2.765519137778876e-03, 8.692664466320263e-01, 1.258779912839826e-01],
    [3.286979606293420e-03, 8.081619299397496e-01, 1.869847407351458e-01],
    [3.472694932533848e-03, 9.310154147287887e-01, 4.796345919056944e-02],
    [3.659293919758050e-03, 7.381403634684718e-01, 2.569958014486482e-01],
    [3.961477829953188e-03, 6.619648632742920e-01, 3.331182254489627e-01],
    [4.201348686946968e-03, 5.811891751088626e-01, 4.138466578415511e-01],
    [5.524182463187656e-03, 8.842745775669243e-01, 9.118147427886308e-02],
    [6.938018810550618e-03, 8.276391902761688e-01, 1.469434211958456e-01],
    [7.854103946718304e-03, 7.625875685664840e-01, 2.120668395053681e-01],
    [8.646992113227546e-03, 6.901187105603424e-01, 2.843425563045865e-01],
    [9.107048758455513e-03, 8.383185674548238e-01, 1.014214624944148e-01],
    [9.352458725195483e-03, 6.118094166659663e-01, 3.623623076988831e-01],
    [9.811590648958873e-03, 5.291488522244880e-01, 4.448358539636972e-01],
    [1.098766970890707e-02, 7.785895798158033e-01, 1.599640542533872e-01],
    [1.257213146588250e-02, 7.106237856180184e-01, 2.278939844937914e-01],
    [1.388726462595260e-02, 6.342776548440681e-01, 3.035627151200351e-01],
    [1.475656889369171e-02, 5.526266878876758e-01, 3.845600729954156e-01],
    [1.499291947836710e-02, 7.168716727412066e-01, 1.716461034078638e-01],
    [1.704360284846234e-02, 6.455704828993845e-01, 2.422544084436082e-01],
    [1.852458099436215e-02, 5.668437382309666e-01, 3.195812184485557e-01],
    [1.931061251567118e-02, 4.844003417247089e-01, 4.011021537488086e-01],
    [2.112479538645548e-02, 5.784773569731281e-01, 2.459515013922275e-01],
    [2.312761369900372e-02, 4.962828293018632e-01, 3.259426273239289e-01],
    [2.641358054212290e-02, 4.165686000247035e-01, 3.312037434390103e-01]
  ]
}
