{
  "_ERR": "TODO upstream specifies degree 62",
  "degree": 32,
  "s2": [
    [2.861718478111237e-04, 3.191453506137143e-03],
    [1.109993271255005e-03, 1.646556892175310e-02],
    [5.696417349972585e-03, 4.984951163545071e-02],
    [8.470731634701032e-03, 4.882193243612241e-01],
    [9.287318289231726e-03, 9.411485994044522e-02],
    [1.550975628172871e-02, 1.568369666050331e-01],
    [1.774399969132410e-02, 4.479179749162594e-01],
    [2.078951867803698e-02, 2.273593605104220e-01],
    [2.391851004568664e-02, 3.843166242573531e-01],
    [2.498662415251629e-02, 3.065470933749975e-01]
  ],
  "s1": [
    [7.306090419140172e-04, 9.783946048988972e-01, 1.787155606615631e-02],
    [7.448656691131475e-04, 9.573765994581499e-01, 3.947157915782751e-02],
    [1.412065815549544e-03, 9.297630167794994e-01, 6.627351491056133e-02],
    [2.224727631640653e-03, 8.856145379459155e-01, 1.102077998790501e-01],
    [2.783665001305457e-03, 8.276049258322035e-01, 1.680705718556547e-01],
    [2.828732887379463e-03, 9.407025269558742e-01, 4.040668518189694e-02],
    [3.103233153255804e-03, 7.614569472355972e-01, 2.341304485587009e-01],
    [3.272044293079879e-03, 6.910982450110276e-01, 3.044677273857715e-01],
    [3.498228070291966e-03, 6.169605688816800e-01, 3.785765158977044e-01],
    [3.712483365234321e-03, 5.382161471611688e-01, 4.572851693834520e-01],
    [4.419580029682573e-03, 8.994013923701005e-01, 7.945793126801071e-02],
    [5.830248850771098e-03, 8.454581623900932e-01, 1.323573959687528e-01],
    [6.805983147606651e-03, 7.820957505163639e-01, 1.950181531768703e-01],
    [7.244756449231553e-03, 7.137263028396675e-01, 2.631191352682924e-01],
    [7.365246444455634e-03, 8.536482523429226e-01, 9.441797701633908e-02],
    [7.602214679562964e-03, 6.426630574938507e-01, 3.340824932472560e-01],
    [8.179599095133277e-03, 5.674214259233257e-01, 4.091197068554255e-01],
    [9.227710562380342e-03, 7.958836448128479e-01, 1.496419104587032e-01],
    [1.040537513988348e-02, 7.316888477208925e-01, 2.124660862606801e-01],
    [1.123574776612298e-02, 6.633211243110193e-01, 2.804430557658052e-01],
    [1.221171092453195e-02, 7.521055125537387e-01, 1.484315128556529e-01],
    [1.221339402108772e-02, 5.898424124728381e-01, 3.535075359825963e-01],
    [1.290912404274592e-02, 5.114760443186676e-01, 4.314290404428223e-01],
    [1.440878233430379e-02, 6.851357411964050e-01, 2.130461279403018e-01],
    [1.612137548167229e-02, 6.111887224580397e-01, 2.861457938416554e-01],
    [1.731296231808816e-02, 5.310470504606351e-01, 3.653116277059748e-01],
    [1.779949913162692e-02, 6.167554053644048e-01, 2.236118954155827e-01],
    [1.976878664162552e-02, 5.409391154230521e-01, 2.977701162487290e-01],
    [2.096701966135284e-02, 4.598372365212220e-01, 3.774598302244840e-01],
    [2.309404106082227e-02, 4.666495391827076e-01, 3.032100432298113e-01]
  ]
}

