{
  "s2": [
    [2.2338158967801147e-01, 4.4594849091596489e-01],
    [1.0995174365532188e-01, 9.1576213509770854e-02]
  ],
  "degree": 4
}