{
  "s1": [
    [2.7230314174434996e-02, 8.3947774099576745e-03, 2.6311282963463806e-01]
  ],
  "s2": [
    [1.0321737053471824e-01, 1.7056930775176027e-01],
    [9.5091634267284633e-02, 4.5929258829272313e-01],
    [3.2458497623198079e-02, 5.0547228317031068e-02]
  ],
  "s3": [
    [1.4431560767778720e-01]
  ],
  "degree": 8
}