{
  "s1": [
    [1.4557623337809246e-02, 1.4366662569555624e-02, 1.5930361983769351e-01],
    [4.0642848655886472e-02, 4.7664066972150781e-02, 3.1063121631346313e-01]
  ],
  "s2": [
    [1.2249296950707964e-02, 3.0846895635588123e-02],
    [1.2465491873881381e-02, 4.9878016517846074e-01],
    [4.0129242381308321e-02, 1.1320782728669404e-01],
    [6.3094872159898688e-02, 4.3665501639317611e-01],
    [6.7845107743695149e-02, 2.1448345861926937e-01]
  ],
  "s3": [
    [8.1445134709351288e-02]
  ],
  "degree": 11
}