{
  "s1": [
    [4.3227363659414209e-02, 1.1629601967792660e-01, 2.5545422863851736e-01],
    [1.5083677576511441e-02, 2.1382490256170623e-02, 1.2727971723358936e-01],
    [2.1783585038607559e-02, 2.3034156355267166e-02, 2.9165567973834094e-01]
  ],
  "s2": [
    [6.2541213195902765e-02, 2.7146250701492614e-01],
    [2.8486052068877551e-02, 1.0925782765935432e-01],
    [4.9918334928060949e-02, 4.4011164865859309e-01],
    [2.4266838081452035e-02, 4.8820375094554153e-01],
    [7.9316425099736389e-03, 2.4646363436335639e-02]
  ],
  "degree": 12
}