{
  "s1": [
    [1.4436308113533842e-02, 1.4646950055654471e-02, 2.9837288213625773e-01],
    [3.8571510787060684e-02, 9.2916249356971847e-02, 3.3686145979634502e-01],
    [2.4665753212563677e-02, 5.7124757403647988e-02, 1.7226668782135557e-01],
    [5.0102288385006719e-03, 1.2683309328720760e-03, 1.1897449769695682e-01]
  ],
  "s2": [
    [3.2788353544125355e-02, 4.1764471934045394e-01],
    [1.4433699669776668e-02, 6.1799883090872698e-02],
    [5.1774104507291585e-02, 2.7347752830883870e-01],
    [4.2162588736993023e-02, 1.7720553241254350e-01],
    [4.9234036024000819e-03, 1.9390961248701100e-02],
    [2.1883581369428893e-02, 4.8896391036217862e-01]
  ],
  "degree": 14
}