{
  "s1": [
    [1.5328258194553142e-02, 9.0427040354340626e-02, 3.8504403441316370e-01],
    [4.2175167747444432e-03, 1.2498932483495477e-02, 4.7276141832651747e-02],
    [1.6365908413986566e-02, 5.4011735339024279e-02, 3.0206195771287075e-01],
    [7.7298352800062274e-03, 1.0505018819241962e-02, 2.5650615977424152e-01],
    [1.6911653917480080e-02, 6.6122458028403427e-02, 1.7847912556588763e-01],
    [2.7592886488579479e-02, 1.4906691012577386e-01, 2.6857330639601379e-01],
    [9.5861244743615046e-03, 1.1691824674667157e-02, 4.1106566867461836e-01],
    [7.6417049727196366e-03, 1.4331524778941987e-02, 1.3277883027138929e-01]
  ],
  "s2": [
    [1.3107027491738756e-02, 4.7491821132404571e-01],
    [2.0318338845458399e-02, 1.5163850697260495e-01],
    [3.3471994059847902e-02, 4.1106710187591949e-01],
    [3.1116396602006133e-02, 2.6561460990537422e-01],
    [5.3200561694778062e-04, 3.7589443410684376e-03],
    [1.3790286604766942e-02, 7.2438705567333006e-02]
  ],
  "s3": [
    [3.0748521239115860e-02]
  ],
  "degree": 18
}