{
  "s1": [
    [1.7495416155763124e-02, 2.0529555933516153e-01, 2.8918949607859473e-01],
    [4.2061202881497296e-03, 6.9318090314681160e-03, 2.3787338259799398e-01],
    [1.8447484847932835e-02, 1.2377940040549276e-01, 3.1886531079482827e-01],
    [1.0469904185324846e-02, 3.8991362623220331e-02, 2.3187362537040096e-01],
    [4.4808131219014760e-03, 9.5362475297105977e-03, 1.3316712294137029e-01],
    [1.4500305918971022e-02, 5.3052191701216819e-02, 3.4680797980991107e-01],
    [1.5904036705427973e-02, 1.0045802007411446e-01, 2.1659962318998252e-01],
    [9.8119718225504107e-03, 4.9451065568540550e-02, 1.2882980796205154e-01],
    [6.8398848579343053e-03, 1.0254635872924515e-02, 3.6095340801892217e-01],
    [3.2654285840440851e-03, 1.0301903643423904e-02, 5.5719565072371954e-02]
  ],
  "s2": [
    [2.1451121929132341e-02, 2.9893623531498259e-01],
    [4.4378296970658789e-03, 4.9700787546868558e-01],
    [2.3000704653283865e-02, 4.0361758654638513e-01],
    [1.3656032452230198e-02, 1.1898857762271953e-01],
    [1.9455241860750708e-02, 1.9028871809127856e-01],
    [1.2214410163384383e-02, 4.8159786865321658e-01],
    [1.9614475227824023e-02, 4.4981279177536238e-01],
    [7.1520851012836515e-03, 5.3627575546145001e-02],
    [1.5086992723786893e-03, 1.0742456432828507e-02]
  ],
  "degree": 21
}