{
  "s1": [
    [2.5954384742312778e-03, 7.8762822215823741e-03, 6.9842169467443621e-02],
    [7.5175778177883762e-03, 4.4752284348335870e-02, 9.0398831166407748e-02],
    [1.1197313471962770e-02, 3.8275234700863824e-02, 4.1134176402055872e-01],
    [1.7719093489510219e-02, 1.0274707598693139e-01, 3.3210610500744642e-01],
    [4.9042603975569645e-03, 7.4002412347107509e-03, 3.6257628043246726e-01],
    [2.1706419555508959e-02, 1.9108129796672008e-01, 2.9006682411666884e-01],
    [1.1662222867343003e-02, 4.3991645393455847e-02, 2.8793180282417186e-01],
    [1.5710162622570318e-02, 1.0868994186267199e-01, 2.1678693336494115e-01],
    [4.1066870715755557e-03, 9.1447113749640544e-03, 1.4587371987352518e-01],
    [1.0563584967746897e-02, 4.8254924114641384e-02, 1.7629743482450005e-01],
    [5.0540768975846015e-03, 9.1639092481852289e-03, 2.4399064603949305e-01],
    [6.4042853117142582e-04, 1.7984649889483744e-03, 1.7934321052938986e-02]
  ],
  "s2": [
    [1.3493083883610662e-02, 3.8518452462730213e-01],
    [1.3861399524234192e-02, 4.5776941136767207e-01],
    [2.1075763957452184e-02, 2.9455825902995014e-01],
    [1.6021299125148891e-02, 1.8851052363028398e-01],
    [1.8853092553841287e-02, 4.2198188879353493e-01],
    [5.2893396659844183e-03, 4.9616117840970864e-01],
    [3.5691091658563764e-03, 2.9108470670807574e-02],
    [1.4415713128104602e-02, 1.1543153821920499e-01]
  ],
  "degree": 22
}