{
  "s1": [
    [1.6748178319347053e-03, 1.8188666342743875e-03, 4.4041692747934330e-01],
    [6.3114780247592742e-03, 3.6960141579671472e-02, 1.5900790619732788e-01],
    [9.5150215674557719e-03, 7.8858068005635273e-02, 1.7735379675725291e-01],
    [1.0884393612436920e-02, 6.8847529431497911e-02, 2.7006673582095941e-01],
    [1.5840352287898436e-02, 1.1599980764096017e-01, 3.4139103302114987e-01],
    [1.0640170695508785e-02, 4.8317434287376948e-02, 3.7393797971958442e-01],
    [2.5452716253490143e-03, 7.1283145012574238e-03, 9.9133063341682190e-02],
    [1.7913820892276059e-02, 2.0369291058425096e-01, 2.9950641862967453e-01],
    [3.2637396820492429e-03, 7.2361617479481562e-03, 1.7862984860361625e-01],
    [5.4546383679744291e-03, 1.2913883250032529e-02, 3.6206880189597201e-01],
    [5.2725619214294200e-03, 3.7687949784259066e-02, 8.8792915489366561e-02],
    [1.3740082592022551e-02, 1.3700669408707095e-01, 2.3362281014171524e-01],
    [7.3143409079328469e-03, 2.4540060247524389e-02, 2.5659540970901978e-01],
    [1.6929836341273324e-03, 7.1888282616930383e-03, 4.1068819111784644e-02],
    [1.5117020784588804e-03, 8.9146431749812785e-04, 2.7941618864926071e-01]
  ],
  "s2": [
    [1.3689851548272245e-02, 3.8764203040456341e-01],
    [1.1587263236010593e-02, 2.1100450806149668e-01],
    [1.8017640701701476e-02, 2.9949231580450852e-01],
    [3.3972977219047362e-03, 3.7222925992440870e-02],
    [1.1491525862564798e-02, 1.4510924357450039e-01],
    [1.5911310137458421e-02, 4.2475930454057476e-01],
    [1.3654275187528014e-02, 4.6220870874870612e-01],
    [9.1828212598200360e-03, 9.2949701700769938e-02],
    [8.0651028832461676e-04, 7.8353442826038511e-03],
    [8.4440859465210773e-03, 4.8903936966039546e-01]
  ],
  "degree": 25
}