{
  "s1": [
    [5.5317948337667315e-03, 3.0730604727272855e-02, 2.8704219659349661e-01],
    [1.2557436204036536e-02, 1.2915264006344968e-01, 3.4508784171556839e-01],
    [6.3951526994544027e-03, 2.8033486095250002e-02, 3.7593015704866178e-01],
    [1.3715393230550840e-02, 2.0913092113766868e-01, 3.1694558893313196e-01],
    [9.8622701189895693e-03, 6.6038912849738646e-02, 4.0722839304271991e-01],
    [6.4553729049296902e-03, 4.1030576819181826e-02, 2.1355359845782393e-01],
    [2.9278263617991025e-03, 5.2996403717990338e-03, 3.2885287806889263e-01],
    [7.1306353104870239e-03, 6.3073995414950873e-02, 1.3929530614214874e-01],
    [1.2347663130861363e-02, 1.4896285093824010e-01, 2.5524625469697804e-01],
    [1.0693700589616264e-02, 9.4697082433130686e-02, 2.0837601560037405e-01],
    [3.2424675976393410e-03, 5.5807170152601159e-03, 4.4001055194621547e-01],
    [1.0930611092913286e-02, 7.5076902433196216e-02, 3.0222094122782112e-01],
    [2.0151231272897024e-03, 6.9825293244590156e-03, 8.1946802583533693e-02],
    [1.1967736084731628e-03, 6.0935694037648315e-03, 3.4364969912141989e-02],
    [4.3271580353607128e-03, 3.5034422527697381e-02, 8.0112073847101117e-02],
    [4.6223871117811099e-03, 1.9352001318038967e-02, 1.4721343189892247e-01],
    [3.3942537388070271e-03, 7.3324725490404551e-03, 2.2971965325784321e-01],
    [8.4660613576385054e-04, 4.9032844346297429e-04, 1.4765552111986979e-01]
  ],
  "s2": [
    [9.5600849674599194e-03, 3.8071402118118719e-01],
    [9.4101598094542254e-03, 4.4666780370386461e-01],
    [1.2050227024150434e-02, 4.1614137880541213e-01],
    [5.2126218728018765e-03, 8.0304647788438432e-02],
    [1.3471315398049376e-02, 2.3340040666987116e-01],
    [1.5747965781362654e-02, 3.0116546516650922e-01],
    [1.1282442544698380e-02, 1.7477996635490006e-01],
    [7.1172374128746418e-03, 4.8556505418516277e-01],
    [2.7773395289541810e-03, 3.2571520180181723e-02],
    [9.7432449228177318e-03, 1.2757090190467762e-01],
    [5.7544240567050241e-04, 6.6392191809588885e-03]
  ],
  "degree": 27
}