{
  "s1": [
    [2.1175395576808983e-03, 2.1524385369456119e-02, 4.5505400558346398e-02],
    [5.8956722345142459e-03, 4.9069669357559492e-02, 2.1339445476708729e-01],
    [1.2557256216676879e-02, 1.7765845029637026e-01, 2.4210251191931964e-01],
    [1.3106114124099386e-02, 1.8981235629273679e-01, 3.2719073201917004e-01],
    [1.7788954192555133e-03, 4.4583820232893204e-03, 1.4199816693317424e-01],
    [8.0119292866949639e-03, 8.7677976484352022e-02, 1.7539639319146172e-01],
    [8.4646957342766043e-03, 6.3180327634410643e-02, 3.9213961333441455e-01],
    [2.3767642676877834e-03, 4.1494641339236719e-03, 3.3414561503592133e-01],
    [4.2769423350179454e-03, 2.2794804925916238e-02, 1.7414619605118214e-01],
    [5.1312773820372968e-03, 2.2700844371797004e-02, 2.7583900807182421e-01],
    [9.4854042588940056e-04, 6.1496485426639682e-03, 2.6222667164652273e-02],
    [1.0245986561704201e-02, 1.1203362934227094e-01, 2.4304720236592617e-01],
    [2.3245453644640504e-03, 4.7814897729871316e-03, 2.2999298405790716e-01],
    [8.9251161402765494e-03, 6.2448742179632866e-02, 2.9560828087240165e-01],
    [5.9178837723538906e-03, 5.0211185913428096e-02, 1.2139345075409119e-01],
    [6.2605346429685524e-03, 2.5727998742878733e-02, 3.7382380031020968e-01],
    [3.1401776434880364e-03, 5.6465659934661593e-03, 4.4278340652024356e-01],
    [1.2787138422955801e-02, 1.1808906971509502e-01, 3.3779866320058233e-01],
    [3.2049161907930349e-03, 1.8242291012294715e-02, 9.2229189195282210e-02],
    [7.2513459498608297e-04, 1.2002556014871519e-03, 7.0290740478132732e-02]
  ],
  "s2": [
    [1.4362466300646136e-02, 3.0398292251648418e-01],
    [3.1113520868149633e-04, 4.8041261966580984e-03],
    [8.8517050108931610e-03, 4.5827990424041193e-01],
    [1.4210586390448187e-02, 3.8626797357004206e-01],
    [1.3092748589088966e-02, 2.5826407215046221e-01],
    [7.8099433710863411e-03, 1.0589584417862768e-01],
    [1.3547595603325510e-02, 4.2955220211889933e-01],
    [7.6821105785950241e-03, 4.8484113256258943e-01],
    [1.1942669640248227e-02, 1.5863768886305973e-01],
    [5.1282520046780685e-03, 6.0839192392758812e-02]
  ],
  "degree": 28
}