{
  "s1": [
    [7.6925297147624873e-04, 2.7287432479210691e-03, 5.8942108840229206e-02],
    [1.0452214696922436e-02, 1.5717769986719343e-01, 3.4978801000933185e-01],
    [1.3528239492524086e-03, 2.1009666448275587e-03, 3.2300182354355017e-01],
    [6.4391367075338065e-03, 6.8165808813746412e-02, 1.5814585424951613e-01],
    [1.2721944371716311e-03, 1.0830958603609348e-02, 2.9549468261353372e-02],
    [1.3545246572007575e-02, 2.1893234198017247e-01, 2.9181917342653707e-01],
    [2.7615307495904439e-03, 2.1286896240733249e-02, 7.5522178512995794e-02],
    [4.5126868454873296e-03, 4.0847216576102435e-02, 1.1711666950889889e-01],
    [2.6949223185870121e-04, 1.6034964960437630e-03, 1.1166218108169191e-02],
    [9.3863306762836645e-03, 1.0154598522683399e-01, 2.0804564927908714e-01],
    [7.8229184583064795e-03, 4.1527061268822663e-02, 3.9221011498043484e-01],
    [1.0630396363196614e-02, 9.3849041145132400e-02, 3.5971127550997589e-01],
    [3.0512388233451906e-03, 8.6860298043841353e-03, 2.4587469948287544e-01],
    [3.8253666717300121e-03, 1.7589124044045619e-02, 1.6700273817492314e-01],
    [1.7416952313017492e-03, 5.5235245122125529e-03, 1.1500859863194643e-01],
    [5.6691534816654581e-03, 2.3858926942655598e-02, 3.1539539811731915e-01],
    [6.5819977638522063e-03, 4.0295334544771792e-02, 2.2322265022482060e-01],
    [9.1789241649275974e-03, 6.7878404311447066e-02, 2.8839585991873240e-01],
    [1.2518366498834426e-02, 1.3953560718108263e-01, 2.6736635027277561e-01],
    [3.6413404112807368e-03, 8.0665857041666116e-03, 4.0576539529889155e-01],
    [6.8867262504176095e-04, 1.2344681228740494e-04, 1.8632072767535954e-01]
  ],
  "s2": [
    [1.5164621031569022e-03, 4.9891482463768616e-01],
    [1.1171100295167859e-02, 4.3438042676173061e-01],
    [2.8604915061568870e-03, 4.1097335627118203e-02],
    [1.2539203442623229e-02, 2.0840530513240091e-01],
    [1.0571417858227577e-02, 1.6074588443196364e-01],
    [6.1344011647189106e-03, 4.8840160293260276e-01],
    [1.6310238807743207e-02, 3.0238641121512849e-01],
    [8.1728784412271327e-03, 1.1442681299442559e-01],
    [1.0313116635258499e-02, 4.6476243108073895e-01],
    [5.6088471328313043e-03, 7.3721881390099886e-02],
    [1.5913215284088903e-02, 3.9061917878326374e-01]
  ],
  "degree": 29
}