{
  "s1": [
    [4.5419938237539710e-04, 2.0682202154059417e-03, 5.5045479691531639e-02],
    [1.9717493309841694e-03, 8.9049941861278122e-03, 4.4537646491529748e-01],
    [7.8266630543935307e-04, 2.1159775630398667e-03, 1.5238400252431525e-01],
    [1.2646931023971698e-03, 3.2612734291312486e-03, 3.9751661002823130e-01],
    [3.5572562609095105e-03, 4.5167894813128641e-02, 1.5607876940347609e-01],
    [1.8428326631755047e-03, 8.6060217057568264e-03, 1.9729567627655872e-01],
    [1.3289799356541578e-03, 1.3974353251568355e-02, 5.0093836899926199e-02],
    [9.0234128551062182e-03, 1.8747133249989442e-01, 2.9885906301431908e-01],
    [8.6055044940838449e-03, 2.3272234407594844e-01, 3.3476334326533141e-01],
    [3.6104679969938317e-03, 2.9001884614684514e-02, 2.0937282497637535e-01],
    [3.5235607672107951e-03, 5.3567482867753508e-02, 1.0656474486138344e-01],
    [1.3780765220063652e-03, 3.4961943491435225e-03, 3.2136262766954332e-01],
    [6.9502958595185637e-04, 1.1760427968417562e-03, 2.4158702634798754e-01],
    [8.1297205980779882e-03, 1.1395392874414834e-01, 3.3315309972076484e-01],
    [5.4896563598667058e-03, 8.4938599511554996e-02, 1.5511655481330344e-01],
    [8.2359873228582490e-03, 1.5256518634721630e-01, 3.7101415167746193e-01],
    [2.7797735193625665e-03, 1.3618678109076623e-02, 2.7088366180777207e-01],
    [6.3317818814833948e-03, 5.6226387443552371e-02, 3.5250674841546648e-01],
    [6.9457107199415828e-03, 8.1753489439688187e-02, 4.0572013277819047e-01],
    [5.5659411156860896e-03, 6.3642430189747357e-02, 2.1894968101499834e-01],
    [7.3376101567626745e-03, 1.1539422083607406e-01, 2.0670924808556451e-01],
    [8.7114266235608639e-03, 1.4818711628331066e-01, 2.5660108787909230e-01],
    [2.7367494327220168e-03, 1.8597871061381391e-02, 1.3820629521124997e-01],
    [4.7016575809321805e-03, 3.2971019926946364e-02, 4.2581020858548102e-01],
    [7.1750089599327124e-03, 8.5379551572953821e-02, 2.7972592695224019e-01],
    [4.7324697380048884e-04, 3.6330558429339640e-03, 2.2466683580211189e-02],
    [2.5346621113677796e-03, 2.6020077662363951e-02, 8.3862258524455432e-02],
    [5.0701573000113955e-03, 3.9456926156438109e-02, 2.8480034641446828e-01],
    [4.0540720868840223e-03, 1.9770717704408181e-02, 3.5659410353657384e-01],
    [1.2544783872410158e-03, 5.0286974156273853e-03, 9.7424231115138038e-02]
  ],
  "s2": [
    [5.7479340296701792e-03, 3.0143516861731801e-01],
    [2.2963680920994288e-03, 4.9164140398289069e-01],
    [7.9953508418643075e-03, 3.5779313579859717e-01],
    [8.7901858933277927e-03, 2.6241396010934553e-01],
    [8.3203666123256199e-03, 4.0281645058578186e-01],
    [5.2751882851614909e-03, 4.7308896550066415e-01],
    [2.9682066390516004e-03, 6.2868049044065899e-02],
    [7.6051825305363521e-03, 4.4159743375493038e-01],
    [1.0131210327380782e-03, 1.9627159983470976e-02],
    [2.0648356265983250e-03, 4.0286868830193612e-02],
    [5.0036396155573289e-03, 9.8526154668792498e-02],
    [6.7190798124173888e-03, 1.3953446298930750e-01],
    [9.1619089409372984e-03, 2.2153601050969213e-01],
    [8.3719066370129581e-03, 1.8075032213529973e-01],
    [2.4033373740484101e-04, 4.2772072684831297e-03],
    [6.2758434107056452e-04, 4.9991322248622511e-01]
  ],
  "degree": 35
}