{
  "data": [
    [ 9.785155476851563e-01, 2.032663758845348e-01, 2.115144101443901e-01],
    [ 8.002071174796732e-01, -8.068212789789568e-01, 2.633128596562718e-01],
    [ 6.478447271179293e-01, 8.174437151345265e-01, 3.765392584231271e-01],
    [ 4.527740405918522e-01, -2.317108088207500e-01, 7.128261121734308e-01],
    [ -4.775668731692919e-01, 9.766597077168154e-01, 1.915080888326935e-01],
    [ -7.569420164799104e-02, 4.409055401533251e-01, 7.647398979197457e-01],
    [ -1.241563248035317e-01, -8.409222499092199e-01, 4.422079284502612e-01],
    [ -9.014158913156406e-01, 5.483121720080090e-01, 2.801510395399764e-01],
    [ -6.560277628978444e-01, -2.866497529648795e-01, 6.536308666716537e-01],
    [ -9.537871517453275e-01, -8.861523430050633e-01, 1.035695381884487e-01]
  ],
  "degree":6
}
