{
  "data": [
    [ -5.773502691896257e-01, -5.773502691896257e-01, 1.000000000000000e+00],
    [ -5.773502691896257e-01,  5.773502691896257e-01, 1.000000000000000e+00],
    [  5.773502691896257e-01,  5.773502691896257e-01, 1.000000000000000e+00],
    [  5.773502691896257e-01, -5.773502691896257e-01, 1.000000000000000e+00]
  ],
  "degree": 3
}

