{
  "degree": 4,
  "s2": [
    [2.199034873106437e-01, 9.157621350977074e-02],
    [4.467631793560229e-01, 4.459484909159649e-01]
  ]
}
