{
  "degree": 5,
  "s3": [[3.979307409192731e-01]],
  "s2": [[1.205579608142811e-01, 7.111299453344100e-02]],
  "s1": [
    [2.067325627729806e-01, 6.149261666431255e-01, 3.139793976769810e-01]
    ]
}
