{
  "degree": 12,
  "s2": [
    [1.028270043936957e-02, 1.936521090242771e-02],
    [6.327928525696251e-02, 1.204308315691905e-01],
    [9.348331834201271e-02, 4.400056902104356e-01],
    [1.249156510766090e-01, 2.715246320004977e-01]
  ],
  "s1": [
    [2.962870765800639e-02, 8.693738668822796e-01, 1.064079463998051e-01],
    [3.661864493599948e-02, 5.622334423439250e-01, 4.142620534704672e-01],
    [3.805169894228333e-02, 7.251033518679713e-01, 2.520140866025368e-01],
    [8.305380423956715e-02, 6.174128915199860e-01, 2.661098644687711e-01]
  ]
}
