{
  "degree": 15,
  "s3": [[8.955059638519497e-02]],
  "s2": [
    [7.824200812069266e-03, 1.765199295744602e-02],
    [3.306745127432806e-02, 7.717038421937095e-02],
    [4.123294071127868e-02, 4.593717976173819e-01],
    [6.393079745972230e-02, 2.049228975887788e-01]
  ],
  "s1": [
    [1.134785787074061e-02, 9.034296997820290e-01, 8.351364433882746e-02],
    [1.795815646302081e-02, 8.103865759434584e-01, 1.707436491477080e-01],
    [2.143319371076641e-02, 7.028946639162473e-01, 2.806822966077874e-01],
    [2.344716086061786e-02, 5.646364646839406e-01, 4.194651017582320e-01],
    [5.044870660380054e-02, 5.844785840367163e-01, 3.330420610061661e-01],
    [5.163995025251897e-02, 7.170308522994707e-01, 1.925132338590613e-01],
    [6.910551304563631e-02, 4.722454082469039e-01, 3.361189502955325e-01]
  ]
}
