{
  "_ERR": "TODO upstream specifies degree 22",
  "degree": 19,
  "s2": [
    [3.570986637127163e-03, 1.190577007231675e-02],
    [1.443219045679156e-02, 4.667496723194445e-01],
    [1.669804906298920e-02, 5.441721914546105e-02],
    [3.772584908018874e-02, 1.494946145980176e-01],
    [5.946555598510596e-02, 2.452421322453167e-01],
    [6.379949836671749e-02, 3.746190629160668e-01]
  ],
  "s1": [
    [5.633770058767265e-03, 9.337642883675498e-01, 5.690091065739300e-02],
    [9.557473874258463e-03, 8.655951061030167e-01, 1.215393132784824e-01],
    [1.200284972603270e-02, 7.802452139266726e-01, 2.082943532801806e-01],
    [1.294263376785348e-02, 5.471384723657631e-01, 4.412978853943775e-01],
    [1.353419878617641e-02, 6.658891391378028e-01, 3.233226088132393e-01],
    [2.851095496363288e-02, 7.970304632923635e-01, 1.390712757266199e-01],
    [3.200758609380727e-02, 6.882989735346122e-01, 2.546744088593174e-01],
    [3.272418337426342e-02, 5.571433884144036e-01, 3.855180104561194e-01],
    [4.097726973873548e-02, 6.128345671072721e-01, 2.528273824260306e-01],
    [4.759634815534594e-02, 4.920429731549203e-01, 3.661549710661253e-01]
  ]
}
