{
  "_ERR": "TODO upstream specifies degree 30",
  "degree": 22,
  "s2": [
    [9.372740681166061e-04, 5.819134670830062e-03],
    [6.678149796264960e-03, 3.702425290148781e-02],
    [2.018904258983655e-02, 1.001399642433202e-01],
    [2.315976825855484e-02, 4.772833614440938e-01],
    [3.454105560555202e-02, 1.878400338876801e-01],
    [4.429134227342787e-02, 4.027599197215377e-01],
    [4.810124266571171e-02, 2.958198366868486e-01]
  ],
  "s1": [
    [2.744874844769334e-03, 9.603538056014904e-01, 3.243783612078988e-02],
    [4.399417591497932e-03, 9.127697021851261e-01, 7.964056379409012e-02],
    [6.275829540284716e-03, 8.469309296126851e-01, 1.447676605103509e-01],
    [7.960615246090029e-03, 7.638008529025838e-01, 2.277439204929096e-01],
    [9.330007606140923e-03, 6.638539963530028e-01, 3.275987317494321e-01],
    [1.015343422319121e-02, 5.528555676245731e-01, 4.384282353975578e-01],
    [1.177257668360538e-02, 8.698539225931300e-01, 8.947847466075809e-02],
    [1.648839386112606e-02, 7.920008360491817e-01, 1.644795701305916e-01],
    [1.985171421313456e-02, 6.980320871337803e-01, 2.578967113202372e-01],
    [2.222998649578860e-02, 5.909216368985124e-01, 3.642072940938728e-01],
    [2.621519312079549e-02, 7.137569985774248e-01, 1.815778753439505e-01],
    [3.106090819468753e-02, 6.144560891553971e-01, 2.791456037635389e-01],
    [3.427038831730838e-02, 5.031638531501400e-01, 3.884107097457122e-01],
    [4.163105576617319e-02, 5.184466044342965e-01, 2.892963484239227e-01]
  ]
}
