{
  "_ERR": "TODO upstream specifies degree 35",
  "degree": 24,
  "s2": [
    [6.758286353449607e-04, 4.680447738470872e-03],
    [4.850017685062113e-03, 3.585157492840441e-02],
    [8.324459144176668e-03, 4.961637933310635e-01],
    [1.565751270584800e-02, 8.109730212173860e-02],
    [2.723633037176611e-02, 1.672827929164180e-01],
    [2.919327674254637e-02, 4.519710222221295e-01],
    [4.012365449679097e-02, 2.625251428450600e-01],
    [4.268474920907758e-02, 3.673188600363344e-01]
  ],
  "s1": [
    [2.521080109114734e-03, 9.234552296982609e-01, 7.191876244981610e-02],
    [2.615382667420058e-03, 9.632582419356120e-01, 2.931017109737133e-02],
    [4.643763775798911e-03, 8.650621831470628e-01, 1.276717489189511e-01],
    [6.232260808565897e-03, 7.931493556291015e-01, 1.993768545806370e-01],
    [7.435659064895126e-03, 7.031675270874249e-01, 2.893554875616166e-01],
    [7.593564045814638e-03, 8.949870504292678e-01, 7.572317913361015e-02],
    [8.119373095306543e-03, 6.016931050353780e-01, 3.907080261015554e-01],
    [1.284085351617643e-02, 8.220156974385251e-01, 1.396048523361563e-01],
    [1.596677199069103e-02, 7.375227615879018e-01, 2.236338353672938e-01],
    [1.798364059862366e-02, 6.393994153399095e-01, 3.214171397042133e-01],
    [1.904098283458944e-02, 5.337289248977489e-01, 4.264389494177782e-01],
    [2.121821363415212e-02, 7.520067384317993e-01, 1.552477403750816e-01],
    [2.501975381451312e-02, 6.621574089518958e-01, 2.442500189407099e-01],
    [2.800041039854343e-02, 5.602547212108616e-01, 3.447274676489183e-01],
    [3.291520673262962e-02, 5.736422125351232e-01, 2.570886266519017e-01],
    [3.681350175118866e-02, 4.682780597559236e-01, 3.595253701138149e-01]
  ]
}
