{
  "_ERR": "TODO upstream specifies degree 50",
  "degree": 28,
  "s2": [
    [3.376569435794172e-04, 3.527814686147823e-03],
    [2.598073424041000e-03, 2.325447859968210e-02],
    [7.876845216111511e-03, 6.130617114904913e-02],
    [1.158101086723880e-02, 4.855973653165130e-01],
    [1.505793699176690e-02, 1.195743796872036e-01],
    [2.190400635518907e-02, 1.938328497359449e-01],
    [2.262890817056775e-02, 4.368548258011929e-01],
    [2.847258101994243e-02, 2.747866918548460e-01],
    [2.982114065394350e-02, 3.618869745900054e-01]
  ],
  "s1": [
    [9.791500456345333e-04, 9.764059455437145e-01, 1.906561164002463e-02],
    [1.540928597316125e-03, 9.496260390310843e-01, 4.575279206695970e-02],
    [2.384103824626106e-03, 9.095754444210733e-01, 8.555853018595394e-02],
    [3.384604728035539e-03, 8.539286001170394e-01, 1.407457933600552e-01],
    [4.075197692872541e-03, 7.862323636337837e-01, 2.082668344397580e-01],
    [4.454520583231300e-03, 7.102182099452963e-01, 2.842991868481302e-01],
    [4.456234744012970e-03, 9.196157432555334e-01, 5.569215409153472e-02],
    [4.751971118562528e-03, 6.281215007587091e-01, 3.663996434399521e-01],
    [4.974845261700243e-03, 5.414749509461303e-01, 4.530146714463690e-01],
    [6.494024827476459e-03, 8.708470435972641e-01, 1.027473762226062e-01],
    [8.423666542583920e-03, 8.080559251256462e-01, 1.636251515282007e-01],
    [9.567348009171152e-03, 7.371163388152084e-01, 2.341753944019633e-01],
    [1.044270209726271e-02, 6.592556949516479e-01, 3.121682551693416e-01],
    [1.093844979839479e-02, 8.216107701101382e-01, 1.132433049036548e-01],
    [1.124340014982319e-02, 5.745411059591615e-01, 3.967686114309502e-01],
    [1.364438395440442e-02, 7.527363210013835e-01, 1.783494379793427e-01],
    [1.527156696375312e-02, 6.778697897210867e-01, 2.529331358391764e-01],
    [1.651196530905789e-02, 5.961818824418882e-01, 3.346575181777144e-01],
    [1.725939655083561e-02, 5.093430764039831e-01, 4.210878800631231e-01],
    [1.838136562263890e-02, 6.875336465432943e-01, 1.874627353459279e-01],
    [2.050562247479402e-02, 6.098823636779619e-01, 2.649066478508855e-01],
    [2.205214927092028e-02, 5.252549119877226e-01, 3.490066160077018e-01],
    [2.478350683992782e-02, 5.332073327346849e-01, 2.721790466384769e-01],
    [2.667314850510633e-02, 4.464552409656513e-01, 3.575961437401405e-01]
  ]
}
