{
  "degree": 22,
  "s2": [
    [6.9714569625074026e-04, 7.2282355159080528e-03],
    [1.7336537619803626e-03, 4.9971491656223188e-01],
    [4.6613130430455734e-03, 4.1952527272804088e-02],
    [1.1584576765599566e-02, 3.1413219152050093e-01],
    [1.1878974033021910e-02, 4.8001365161711657e-01],
    [1.5338803655666700e-02, 1.2308745423016115e-01],
    [1.9716376940272336e-02, 4.4571963043911533e-01],
    [2.0572151491734754e-02, 1.8986241218389369e-01],
    [2.3840660278137037e-02, 2.6033923338175580e-01],
    [2.4461197089874872e-02, 3.9636684767162600e-01]
  ],
  "s1": [
    [1.8286280273112092e-03, 7.7395846886030781e-03, 3.9100167827328378e-02],
    [1.8804497039628383e-03, 5.7706413021840362e-04, 2.9956301031600607e-01],
    [3.7041086400111016e-03, 9.7957718535231410e-03, 9.9167580852252468e-02],
    [4.6683403718348060e-03, 9.1886802064989649e-03, 1.8619068155280571e-01],
    [7.2113411719295856e-03, 1.3467087568401818e-02, 4.0293889185510046e-01],
    [7.9674333598873433e-03, 5.0626312467336898e-02, 1.0358808540929187e-01],
    [9.0358003694371355e-03, 4.8388117761837650e-02, 1.8082300688832889e-01],
    [9.4806411115590152e-03, 2.7491435853260346e-02, 2.8194341507949189e-01],
    [1.5617370128353208e-02, 6.7133974447704386e-02, 3.5071285339799135e-01],
    [1.6245319181056983e-02, 9.6704303616860346e-02, 2.3017640440360132e-01],
    [2.1784808223531512e-02, 1.5193045482670228e-01, 3.1159323586348647e-01]
  ]
}
