{
  "degree": 21,
  "s2": [
    [1.5325221415702992e-03, 1.0830647913896135e-02],
    [2.9596420858008904e-03, 4.9868116928006762e-01],
    [7.1050719519832268e-03, 5.3206302593702216e-02],
    [1.2422025450151194e-02, 4.8436880679907196e-01],
    [1.3153853090548603e-02, 1.1717932446409532e-01],
    [1.6107119933559410e-02, 1.8619987453160045e-01],
    [1.9556998327421530e-02, 2.3770504697050238e-01],
    [2.1147145803411153e-02, 4.5111809686333143e-01],
    [2.1487249618095533e-02, 2.9890161661837961e-01]
  ],
  "s1": [
    [3.2432160362971586e-03, 1.0170375513970238e-02, 5.6106078740441129e-02],
    [4.4460668245672958e-03, 7.4014800191294266e-03, 2.3806090893927820e-01],
    [4.4471370127689858e-03, 9.4888802100390364e-03, 1.3371423612729252e-01],
    [7.1928300897944027e-03, 1.0787085289532927e-02, 3.6087827036133641e-01],
    [9.6881827696773583e-03, 4.8886410156411965e-02, 1.2856000707434670e-01],
    [1.0771867254746005e-02, 4.0790478434921389e-02, 2.3192922019831619e-01],
    [1.5376448792274195e-02, 1.0225476525427213e-01, 2.1318238024685213e-01],
    [1.5418201625050997e-02, 5.6195103726493438e-02, 3.4615363893081413e-01],
    [1.8727994081823490e-02, 1.9392111402204942e-01, 3.5741779412597602e-01],
    [1.9618907978395862e-02, 1.3139693759954926e-01, 3.0964180048539108e-01]
  ]
}
