{
  "degree": 24,
  "s3": [
    [2.2937943480967490e-02]
  ],
  "s2": [
    [7.6737746111581423e-04, 7.6448158720914035e-03],
    [5.5235784447516976e-03, 4.9512326693489417e-01],
    [8.3849953027563106e-03, 8.5335714707740554e-02],
    [1.2217380178002352e-02, 4.7540435757943000e-01],
    [1.3070390605611782e-02, 1.4361312600254966e-01],
    [1.7881227758429579e-02, 4.4000137550057372e-01],
    [1.8221744139097312e-02, 2.0438684787130393e-01],
    [2.1641497217567616e-02, 3.9155520703268198e-01],
    [2.1688312926922602e-02, 2.6936069184956823e-01]
  ],
  "s1": [
    [1.7461845826617216e-03, 1.2891576532218214e-03, 3.8930032117370400e-01],
    [1.8385716037427871e-03, 8.0461554413475099e-03, 3.9945518998510898e-02],
    [1.9989366333621290e-03, 3.9746390407908042e-03, 1.7756755351844719e-01],
    [2.0636961713359080e-03, 5.6533968387799801e-03, 9.7304373163390800e-02],
    [2.2953950871584159e-03, 3.6541646347000717e-02, 4.7379136469555827e-02],
    [4.5795232889082318e-03, 8.4720312527892441e-03, 2.7654233490622632e-01],
    [5.2932300990954041e-03, 3.1868785558484866e-02, 1.0186004800841345e-01],
    [5.5787469959908817e-03, 2.5074485756959322e-02, 1.7990041142989785e-01],
    [8.6193394872566415e-03, 2.4954649207236983e-02, 3.7476148829145151e-01],
    [9.9923539922470699e-03, 7.1806927489926675e-02, 1.6285371365641890e-01],
    [1.0305616207681308e-02, 4.6495368325225606e-02, 2.6299994692532691e-01],
    [1.4604546126250248e-02, 7.9445658328927776e-02, 3.5387462268603243e-01],
    [1.4998500676250463e-02, 1.1210496839891453e-01, 2.4045272001109688e-01],
    [1.9230783117436680e-02, 1.6288704432089313e-01, 3.1632883636136616e-01]
  ]
}
