{
  "degree": 25,
  "s2": [
    [-2.6954961223661029e+00, 2.4170556499722642e-01],
    [-1.8053087282731432e-03, 6.6841145410301242e-02],
    [8.1866000177608712e-04, 7.9121374020986561e-03],
    [3.8724080224669857e-03, 3.8682500223883039e-02],
    [5.1956272890942620e-03, 4.9571742583009781e-01],
    [8.2758256036296277e-03, 9.6693451684011195e-02],
    [1.1494692925102619e-02, 4.7679605292318106e-01],
    [1.4289758700353008e-02, 1.5136311625338722e-01],
    [1.5595032733898223e-02, 4.4455143684310217e-01],
    [1.7062959875833842e-02, 3.6191150147640905e-01],
    [1.7127072397518896e-02, 4.0188565220838512e-01],
    [1.4306861745315699e-01, 2.2915717002669783e-01]
  ],
  "s1": [
    [1.1371418149652463e-03, 3.0330247109068250e-04, 1.7873092973242388e-01],
    [1.7135519419954578e-03, 7.2850660720176442e-03, 4.1091962617909122e-02],
    [1.9681537577992698e-03, 2.0981905527894520e-03, 3.8040500244755365e-01],
    [2.8980619808650623e-03, 8.2493554021632991e-03, 9.8451598163584092e-02],
    [4.7760727126949622e-03, 9.1984489688911476e-03, 2.7127899306756620e-01],
    [6.4898979745711379e-03, 2.2789435125158540e-02, 1.7304270963987173e-01],
    [6.8410434776279448e-03, 4.3868460650469308e-02, 9.1754132899196483e-02],
    [8.2647322808636348e-03, 2.4839829916622230e-02, 3.7681165170843428e-01],
    [1.0224364896269249e-02, 4.6355430068864403e-02, 2.6556158456309281e-01],
    [1.0244154062961084e-02, 7.1944171977122509e-02, 1.7053912142173719e-01],
    [1.3671900203659292e-02, 7.7170587472222635e-02, 3.5512733589984241e-01],
    [1.5057862935694812e-02, 1.1403766860632927e-01, 2.4467281676911143e-01],
    [1.5806425931878948e-02, 1.5315670236426460e-01, 3.2818945118898774e-01],
    [1.2978236907405933e+00, 2.3969111281958894e-01, 2.4504506954450558e-01]
  ]
}
