{
  "degree": 17,
  "s3": [
    [4.2349520256914651e-02]
  ],
  "s2": [
    [2.9196690345779362e-03, 1.4939063814610984e-02],
    [9.3338193514883386e-03, 4.9509703292414220e-01],
    [1.5579210009132786e-02, 8.0176519909013158e-02],
    [2.5862383995094124e-02, 4.6672613808660018e-01],
    [2.7157513575493317e-02, 1.5914935745128311e-01],
    [3.8226206597189359e-02, 4.0958102196506480e-01],
    [3.8609391683443878e-02, 2.4459731986078312e-01]
  ],
  "s1": [
    [5.2599615183941239e-04, -1.7099279594795083e-02, 3.0469846218081181e-01],
    [6.8369805127641023e-03, 1.5606149478884756e-02, 7.7467710451680744e-02],
    [7.7402981968328509e-03, 1.2499472547638271e-02, 1.8300737741132522e-01],
    [1.7306871686136278e-02, 2.4893796930192783e-02, 3.3136103343509682e-01],
    [1.7633848414214556e-02, 6.0954488983763454e-02, 1.9083979150163133e-01],
    [3.0720321205517157e-02, 1.1094663204631958e-01, 3.0371331245075517e-01]
  ]
}
