{
  "degree": 18,
  "s3": [
    [-1.2584522158487324e-01]
  ],
  "rot": [
    [1.2972711052469132e-03, 9.2243717701637300e-03, 9.5403763890216930e-03],
    [4.4043445159056777e-03, 1.1588174868222537e-02, 5.9910234445416974e-02],
    [4.5538027787717867e-03, 1.3710944923248680e-01, 8.1342322238399222e-03],
    [5.2522116874830077e-03, 5.4074658130232205e-02, 1.5964034865851205e-02],
    [7.3746378722098511e-03, 1.2356208531742394e-02, 1.5632145821478535e-01],
    [8.8347868725932362e-03, 2.5444301078665216e-01, 1.3228036080597975e-02],
    [9.6477764248827317e-03, 1.2200654548168254e-02, 4.3851807730182485e-01],
    [9.8670997804213446e-03, 3.9559271713540312e-01, 1.2905266057921206e-02],
    [1.0260713189231744e-02, 1.3989490384594665e-02, 2.8757843019601675e-01],
    [1.1796695983077324e-02, 6.1242622253631036e-02, 8.2131031407759847e-02],
    [1.2985507535111396e-02, 1.4018729428171406e-01, 5.0988464618207704e-02],
    [1.6318205824572777e-02, 6.5953460657672491e-02, 1.8230645755123917e-01],
    [1.7525616506223078e-02, 6.2413944208807554e-02, 4.1171546934984560e-01],
    [1.8411831442871156e-02, 7.4301715278995178e-02, 2.9370394461286520e-01],
    [1.9068970594065069e-02, 2.5575842907678070e-01, 6.8183146863573477e-02],
    [2.0582184685952944e-02, 3.8974889800275020e-01, 6.6997893569429187e-02],
    [2.3589141249305487e-02, 1.5516843299002955e-01, 1.4008668235066954e-01],
    [3.1090952263188074e-02, 1.7047292786075019e-01, 2.6125400206085542e-01],
    [3.2039966987225443e-02, 2.8646919654918207e-01, 1.6305389426422914e-01],
    [3.2660417772954836e-02, 1.5507903214893104e-01, 4.0849692015535077e-01],
    [7.7719605456997201e-02, 3.0640947365131938e-01, 3.0433359769752272e-01]
  ]
}
