{
  "_ERR": "TODO flawed by round-off error",
  "degree": 11,
  "rot": [
    [1.3807279155821188e-02, 3.1732722526593850e-02, 3.3815369341710838e-02],
    [2.1703235273357904e-02, 1.5983735591572859e-01, 2.4724830394212860e-02],
    [2.7034127752203152e-02, 2.9507164313468275e-02, 1.6940387614133595e-01],
    [2.7331241653935742e-02, 2.2822576496584326e-02, 3.8290411387830003e-01],
    [2.8336285167031156e-02, 3.6037416692790264e-01, 2.5154943482374847e-02],
    [4.8543667126132534e-02, 1.5264948856756949e-01, 1.3099101797750154e-01],
    [5.2887299088776353e-02, 3.4869892349833942e-01, 1.2098249664481753e-01],
    [5.5162253899304424e-02, 1.2126384660100323e-01, 3.1955600650808108e-01],
    [5.8527944216770877e-02, 2.7990247037442650e-01, 2.6967431411437986e-01]
  ]
}
