{
  "_ERR": "TODO flawed by round-off error",
  "degree": 16,
  "s3": [
    [+3.6632403806727082e-02]
  ],
  "rot": [
    [3.5443048770430210e-03, 1.5961011713106842e-02, 1.6883125432529632e-02],
    [4.0175883370409124e-03, 3.8219308417185389e-03, 9.9349672744069334e-02],
    [4.1907200912961011e-03, 9.2621730805488509e-02, 4.7177504781192514e-03],
    [8.5627826851592172e-03, 9.8098497053844668e-03, 2.4673891829167552e-01],
    [9.9790078170497488e-03, 2.3445355549323996e-01, 1.2521221333540609e-02],
    [1.0212563539778776e-02, 5.1657391379326428e-02, 5.7775785013584748e-02],
    [1.4081474710639794e-02, 1.5979112409302033e-02, 4.1344293672630827e-01],
    [1.4629924655641394e-02, 3.9685647522283096e-01, 1.6762640234766528e-02],
    [1.6056466268479737e-02, 1.4036886341620636e-01, 5.0400029219950293e-02],
    [1.7024341971022632e-02, 4.8646064695551550e-02, 1.5360246929131849e-01],
    [2.4955767639171515e-02, 6.7545698927945347e-02, 2.9356271866503075e-01],
    [2.8199116717009406e-02, 1.6047619247173853e-01, 2.7611972660288958e-01],
    [2.8270578986067097e-02, 2.8046271373091425e-01, 7.7279834362078526e-02],
    [2.9226110917024206e-02, 1.4735692525659394e-01, 1.4801238883904977e-01],
    [3.4006909002989111e-02, 4.2474074664756895e-01, 2.0895363610614195e-01],
    [3.4235623800026052e-02, 4.5172438307089813e-01, 8.7033324580191015e-02],
    [3.9929250048985579e-02, 2.8831873591736207e-01, 1.9022911957088945e-01]
  ]
}
