{
  "_ERR": "TODO flawed by round-off error",
  "degree": 12,
  "s3": [
    [+2.1409425726798499e-02]
  ],
  "rot": [
    [8.3668178723688680e-05, 3.0113195801207516e-02, -9.4716062682497798e-02],
    [1.2413637067984845e-02, 3.2866530321445964e-01, 8.0456452092608124e-03],
    [1.6239945629216764e-02, 4.8124921152851295e-02, 9.2386192680937784e-01],
    [2.4194039324984051e-02, 1.4285084152736457e-01, 3.1019238692720583e-02],
    [2.6967365586005654e-02, 2.0819192514800808e-01, 7.6483124674519465e-01],
    [2.7774427657215123e-02, 4.2582582220396570e-01, 5.5039569631163676e-01],
    [4.7016778451345782e-02, 3.2386823359308331e-01, 7.9851341494143677e-02],
    [4.8593414405827089e-02, 1.5417640541334421e-01, 7.0764795631132815e-01],
    [5.8505280711050843e-02, 3.4938361803935480e-01, 5.2486110031263145e-01],
    [6.4408301078713329e-02, 2.9931586764275858e-01, 2.2924961529379628e-01]
  ]
}
