{
  "_ERR": "TODO flawed by round-off error",
  "degree": 15,
  "s3": [
    [+4.6749612087783110e-02]
  ],
  "rot": [
    [5.0278560972481460e-03, 1.8434795476156614e-02, 2.1020578568986589e-02],
    [7.5986819401049491e-03, 9.4469391541665795e-02, 1.4008492164338544e-02],
    [1.0732119583647835e-02, 2.2105953725731281e-01, 1.4600157192749055e-02],
    [1.0830851965744705e-02, 1.8316125580224017e-02, 1.0683143253847732e-01],
    [1.2248727250486568e-02, 3.8411182081140655e-01, 1.3506565318991916e-02],
    [1.4397839583790739e-02, 1.7609576799084838e-02, 2.4686944042402645e-01],
    [1.4983807152201952e-02, 1.6211104266107675e-02, 4.2002732343586757e-01],
    [1.9232683397058456e-02, 9.4583522597997613e-02, 7.8193785237664140e-02],
    [2.0834684882606196e-02, 2.2302054118668646e-01, 6.9024652212795676e-02],
    [2.8576965678339242e-02, 9.1368633556670839e-02, 1.9744162005839791e-01],
    [2.9031677885589070e-02, 3.8453093605192734e-01, 7.3097762126704491e-02],
    [3.0240283270453857e-02, 2.1503874179825228e-01, 1.5589306185405327e-01],
    [3.2511521853897149e-02, 8.5318970181728557e-02, 3.5900755344806651e-01],
    [4.0187126563651816e-02, 2.0423041220511115e-01, 2.8615721494302876e-01],
    [4.1315302199251620e-02, 3.6389089896392435e-01, 1.8108597386179942e-01]
  ]
}
