{
  "degree": 22,
  "rot": [
    [9.7541204093973732e-04, 1.1703384837887284e-03, 4.7853691880759081e-02],
    [1.3104452211497902e-03, 1.0994365574026065e-02, 9.1086717537202100e-03],
    [1.8193840846492013e-03, 1.0681692522528875e-03, 2.0270906338792563e-01],
    [2.4853897178983416e-03, 2.2122835059211034e-03, 4.2176907067146541e-01],
    [2.7943057624271765e-03, 5.7202598716253460e-02, 8.5608709992095848e-03],
    [3.5481485720114999e-03, 3.5302421161527681e-01, 6.0942412505558905e-03],
    [3.7786266563183753e-03, 1.3678895783915382e-01, 7.8499806284800869e-03],
    [4.0382662850397440e-03, 2.4120956376003772e-01, 7.0272635517203280e-03],
    [4.6332135930233680e-03, 1.1673747786687883e-02, 1.1264121642953522e-01],
    [4.9307263403021448e-03, 3.0114899634799297e-02, 4.6055896520382444e-02],
    [6.4157039907774679e-03, 4.5650015438745406e-01, 1.1437907707031122e-02],
    [6.6484250441469278e-03, 1.1807594618901865e-02, 3.0499692169056031e-01],
    [7.9373544556883367e-03, 9.6150558730147037e-02, 4.2635231869026166e-02],
    [9.3918256712032123e-03, 3.0637657499207941e-02, 1.9699058002570907e-01],
    [9.7665846237909512e-03, 1.9481524443080608e-01, 3.8664167437872397e-02],
    [9.9393122364192579e-03, 6.0365503070241099e-02, 1.0661022068914792e-01],
    [1.0785717950341073e-02, 3.1509089948205937e-01, 3.6089820174339142e-02],
    [1.1198713817120030e-02, 4.1135836721581720e-01, 5.5639035396185565e-01],
    [1.3592449250673841e-02, 1.4402035063048924e-01, 9.7715590184512757e-02],
    [1.4107287313162501e-02, 4.2075770910212190e-01, 5.5528837489452670e-02],
    [1.4345498985919950e-02, 6.0949899580789661e-02, 2.9205601614107290e-01],
    [1.5033144681114326e-02, 9.6935106445587491e-02, 1.8422415689190805e-01],
    [1.5837677803805628e-02, 2.5378346562064696e-01, 9.2228684901440233e-02],
    [1.7114505548266754e-02, 3.4886710140216276e-01, 1.1623555207070974e-01],
    [1.7971291100638841e-02, 1.9058155865307422e-01, 1.7214824666674494e-01],
    [1.8545033196902469e-02, 9.6988114334812803e-02, 3.9655213150862650e-01],
    [1.9398111246358062e-02, 1.4126633463063171e-01, 2.7537965024518302e-01],
    [1.9523670586401507e-02, 4.1201810197995220e-01, 1.6857388429008832e-01],
    [2.0625531969637040e-02, 2.7620933906532141e-01, 1.9919935637318403e-01],
    [2.1313822420182853e-02, 2.1861061467249740e-01, 3.0568565104773043e-01],
    [2.3527753167022922e-02, 3.3679904631184637e-01, 2.6981434578199104e-01]
  ]
}
