{
  "degree": 24,
  "s3": [
    [1.0681776933386816e-02]
  ],
  "rot": [
    [3.4307213843404004e-04, 7.2774421822864241e-03, 1.8717806316108168e-03],
    [1.2229997020374074e-03, 9.3762141740159580e-02, 2.2258417763076133e-03],
    [1.6381602736491938e-03, 2.7549956725481502e-02, 9.6482583162780022e-01],
    [2.2372259458701242e-03, 3.8849156576576081e-02, 9.9922146846804730e-03],
    [2.8575018682782732e-03, 8.4582464342299463e-02, 9.0758335037465498e-01],
    [3.6858296163274473e-03, 1.6971197426176723e-01, 8.5509476949102940e-03],
    [3.6947954420524331e-03, 2.6111425988892939e-01, 7.3552353111519539e-03],
    [3.9020320062079557e-03, 1.6791970513108379e-01, 8.2400508353903845e-01],
    [4.0280690969310036e-03, 3.6656244587496484e-01, 7.0056601694997800e-03],
    [4.5248807201616788e-03, 2.7143135940818341e-01, 7.2062829774608572e-01],
    [4.5396029262674093e-03, 4.8341512229719208e-01, 7.3611935668400760e-03],
    [4.7456954473118320e-03, 3.8795737424569154e-01, 6.0432990841865120e-01],
    [5.1805365733744611e-03, 5.2053611601207826e-02, 9.0767212361002281e-01],
    [5.3119232327232275e-03, 2.2901890921372595e-01, 8.9345256498108053e-02],
    [5.3641950429667963e-03, 9.4914195571636092e-02, 2.6796719091792362e-02],
    [7.8409659451889775e-03, 1.2322801473641305e-01, 8.3518445285919996e-01],
    [8.6994022662133397e-03, 1.7412650727485976e-01, 4.4130628886304042e-02],
    [8.8402036333678768e-03, 2.7218074600568665e-01, 3.7468721939442978e-02],
    [9.6291322198899625e-03, 9.9006351507515397e-02, 8.1968796781302034e-02],
    [9.8032526098839855e-03, 2.1893278755063750e-01, 7.3931441242151419e-01],
    [9.9428173758288677e-03, 3.8545785619529427e-01, 3.7011409874506268e-02],
    [1.0748240736700020e-02, 4.5393153297369843e-01, 5.0712412056704248e-01],
    [1.0775272663604467e-02, 3.3141406799249240e-01, 6.2787210031926588e-01],
    [1.1783097752825196e-02, 1.7541847870022081e-01, 1.0978899948538104e-01],
    [1.2156767654104773e-02, 2.9942460625822742e-01, 8.9517741605650569e-02],
    [1.2945705236132829e-02, 1.6443828421427001e-01, 7.3572041312406400e-01],
    [1.3554899747479114e-02, 3.6972475893928680e-01, 4.6312780745367282e-01],
    [1.4675832493069557e-02, 4.0636906177728344e-01, 9.0716786111306250e-02],
    [1.5420454458399905e-02, 2.6742066429926759e-01, 6.3290272516985024e-01],
    [1.5515997794155202e-02, 3.8320410790975118e-01, 5.2162372005069046e-01],
    [1.5662589306009916e-02, 1.7872449232024495e-01, 1.9203113575777414e-01],
    [1.5927537510847807e-02, 2.8282912859335518e-01, 5.3764243749031349e-01],
    [1.6103533030079650e-02, 2.7060647925422926e-01, 1.6133995005265445e-01],
    [1.6658080425731265e-02, 3.7087434674492326e-01, 1.6454857353822244e-01],
    [1.9353079492362937e-02, 3.6384081188928319e-01, 3.8336719177004763e-01],
    [2.0459358637735462e-02, 2.7573532186277133e-01, 2.5276044951208954e-01]
  ]
}
