{
  "degree": 20,
  "rot": [
    [1.1389906148975041e-03, 7.9036813416234631e-03, 1.0892617666329891e-02],
    [1.5357670874582498e-03, 3.7026142140495718e-03, 5.6835913941912758e-02],
    [1.9246855917865366e-03, 1.0933739015022848e-01, 3.0385925733436734e-03],
    [2.5004373123559145e-03, 4.2881075376943294e-02, 9.8050570254988034e-03],
    [2.6307512361876621e-03, 1.7747325730732661e-03, 2.3669301898277445e-01],
    [3.1956256140281531e-03, 3.1181457060113710e-01, 2.5455197956388257e-03],
    [3.6517689940788467e-03, 2.9900066046955765e-03, 4.6311944115593690e-01],
    [5.3245378912169057e-03, 3.2214232134941442e-02, 5.2485418254685598e-02],
    [5.8444560283889410e-03, 1.2779960332488103e-02, 1.3137953817800016e-01],
    [7.3080059801419982e-03, 1.9543072338191531e-01, 1.4095340079167391e-02],
    [7.9063353532919291e-03, 9.7766916990501648e-02, 3.5000751662894826e-02],
    [9.6559578708891262e-03, 1.6600662844177817e-02, 3.3867675226583793e-01],
    [1.0314589003859623e-02, 4.1339508218074000e-01, 1.8202587826948211e-02],
    [1.2209838544262552e-02, 6.8329374634159043e-02, 1.0867508995456668e-01],
    [1.2838682322099244e-02, 3.9215307843232454e-02, 2.1433843005455050e-01],
    [1.4666797697723754e-02, 2.8285140438768569e-01, 4.3250599724609151e-02],
    [1.5405053862365679e-02, 1.6314907835570533e-01, 7.4632420343531666e-02],
    [1.6575593874878298e-02, 4.3629058390662195e-01, 5.1653707778068925e-01],
    [1.9989220381195195e-02, 1.2306908733084597e-01, 1.7394646430224309e-01],
    [2.0297417477507431e-02, 8.3257905081074293e-02, 2.9918522779730361e-01],
    [2.1636690505780494e-02, 3.7602894358398858e-01, 8.6437944469363939e-02],
    [2.3025477362951779e-02, 2.3986629094495532e-01, 1.3011561089713888e-01],
    [2.6323493747772552e-02, 1.3722114882399380e-01, 3.9101320130295769e-01],
    [2.7048097627035000e-02, 1.8993213060838091e-01, 2.5032134600889316e-01],
    [2.8994339729606518e-02, 3.2415825639563883e-01, 1.9472448888111191e-01],
    [3.1390721621573442e-02, 3.3086291214705171e-01, 4.0744532437685332e-01]
  ]
}
