{
  "degree": 19,
  "s3": [
    [3.0462961760147424e-02]
  ],
  "rot": [
    [1.9501819580656993e-03, 1.0376656545701754e-02, 1.4481047265899900e-02],
    [2.7619446171731755e-03, 5.2895640212959193e-02, 8.9271173425645341e-03],
    [3.5331794317329432e-03, 1.3094057146527935e-01, 6.3960635617080460e-03],
    [5.1520290776901397e-03, 1.2668186551090302e-02, 7.2908235059904125e-02],
    [7.3117101662705459e-03, 2.4661396010476735e-01, 1.1321028448271661e-02],
    [7.3894730517619434e-03, 1.2433000096283946e-02, 1.7150720385727522e-01],
    [7.5477860526761394e-03, 9.4587086792603855e-03, 4.5455308365694880e-01],
    [7.6154684066760230e-03, 3.8267712743290072e-01, 1.0304127159604519e-02],
    [7.9007581331291057e-03, 1.0722190231133364e-02, 3.0281941897786346e-01],
    [8.2104395329240191e-03, 6.3458887217335530e-02, 4.7982682558826824e-02],
    [1.0631666580804146e-02, 1.4958534166780135e-01, 4.1535364284310518e-02],
    [1.4518063122052106e-02, 6.5938374993168375e-02, 1.2709830130649977e-01],
    [1.4694113731911951e-02, 4.1936034447469361e-01, 4.8413394484357990e-02],
    [1.6869911193356551e-02, 5.1285971562743754e-02, 3.8545151944759559e-01],
    [1.7219169524637742e-02, 5.9216171712594003e-02, 2.4426337874091408e-01],
    [1.7491674145470797e-02, 1.5774435365253489e-01, 1.0703910299909378e-01],
    [1.8291477800298231e-02, 2.7635637145129316e-01, 5.9395829650746024e-02],
    [2.1089355502457149e-02, 4.0292543250410290e-01, 1.1125969746384887e-01],
    [2.3029171331062762e-02, 1.4474120951067007e-01, 2.0733708666187714e-01],
    [2.4934188451324880e-02, 1.2800219617071518e-01, 3.3880397181433680e-01],
    [2.5956134949103395e-02, 2.6733402095713005e-01, 1.4787228580357800e-01],
    [2.8915516306229339e-02, 3.8064039133743355e-01, 2.0742134128256490e-01],
    [3.0165599679808742e-02, 2.4101907410276571e-01, 2.6708311799129086e-01]
  ]
}
