{
  "degree": 17,
  "symm_r0": [
    [0.13880437768721992480048871346267772478, 0.54504298720914838787010174782667747048],
    [0.065347823807464912859066688973533173055, 0.91749718821915320817120277758673277115]
  ],
  "symm_s": [
    [0.14285641962219959571166270516073482911, 0.19255424261404688054827243228978233862],
    [0.036715908485251512466108823252963750875, 0.87132868469544327271341598059215273696],
    [0.086255699638143804540935141271187587589, 0.6943880900895507516564691872484594143],
    [0.13455627321191692494394965878086112148, 0.45768299288315551760664997201644894176],
    [0.0076556334149099368494439596667976876552, 0.96920425609150873396809064886215595774]
  ],
  "symm_s_t": [
    [0.10317672478493534779017919278157584697, 0.76208827608019827579179765943659247047, 0.27947776671519215001028373596083402351],
    [0.054826400237291440916675995759834604896, 0.9073943521982236707040505947884667131, 0.54689867041431010640112807851437665884],
    [0.015119810388256861898635715383645346634, 0.76124866643908275965614948240512547767, 0.98378797150154955261318330664974572171],
    [0.020780996655963043308681250790566264232, 0.9870947070447678254568263327892903071, 0.30280748178886139816768835788736238796]
  ]
}
