{
  "degree": 19,
  "symm_r0": [
    [0.097737364692828748243518350785527543045, 0.71434425957279423719800751930789820023],
    [0.13930761292248224570420924010933858068, 0.26567205212096375634521276949089468244],
    [0.034869583491887910002162414690733291135, 0.9644342692579672514758983345396097952]
  ],
  "symm_s": [
    [0.047804547162795794795004833111469267529, 0.80337972946768500184569945317555062404],
    [0.0016177151779117608109927450603284034943, 0.99216540589713472189744527407633022081],
    [0.017441048034355762464098424359798214084, 0.92944960279960938592453972561789815525]
  ],
  "symm_s_t": [
    [0.11772583284005608002278985852480623731, 0.51027825736934335058280520856084337461, 0.26664031459456217566653623598727229551],
    [0.016179577611657849789658841248953982496, 0.39073420577524975124346417118562879486, 0.98789293314173530957079377090965768822],
    [0.082846618983404893940813472711113790502, 0.71716792130974519606308556126612093997, 0.51249187721609765575479280145710018395],
    [0.064989081492596046079059800766815612157, 0.2654400078112959960719970586153501497, 0.86890243415450423858119610210847838329],
    [0.038980552396410534776396621703868595797, 0.62003539869325639760371263809929928256, 0.92630295580712924244748529919286127317],
    [0.0098894009347434843812884009858441317495, 0.80167158471859684259236358940451923912, 0.98844653068397375168746156789890756035]
  ]
}
