{
  "degree": 8,
  "weights": [
    0.01816992319296444806598748256791491649876001290385496135265266837 ,
    0.005610582376754646253542447320811019454262931309910802129013252531,
    0.02461811359257071116457930863311443260078312189723503194732926317 ,
    0.01805401819601900387641424707630385933559993274282327984205796482 ,
    0.02675388072840435007213716433270220605320104247117260070261972558 ,
    0.02287988794382060043495552321985363942760182307857961625622777497 ,
    0.01979240000909301825498521608442359306129328438458426775950838122 ,
    0.04079990775085950930263895174082839316342324852046105216346237674 ,
    0.05604835500630743182010644461992327634136622722917127989666375895 ,
    0.01164453502630739190538011826222576207089385166804321958895527067 ,
    0.01394128156335584233691322028258941988106163254101589187607976256 ,
    0.01204346778275301877117813443344737971677205945588432534069131429 ,
    0.008058305251223210510055950738171070581391515917366116883928658870,
    0.01116402260722876327670033649002872167059205476522075074406698008 ,
    0.04890169949804244589243294779685234003644357147130217609746581417 ,
    0.04263459696404202165502918476882317421126034866619552986173019465 ,
    0.01104116292165817664145046568590974782528212949410557324200128494 ,
    0.01872970233228429185192360959270976709852326471238128086727231921 ,
    0.03326724373021123822668820649821672064820569705342629882474401884 ,
    0.006754871470699925047713340043111735514313113728347044357741209337,
    0.006242538545827603548039066440186178474642606591950010341665821771,
    0.01752586025912829408600466791606617391968214240620055127008635361 ,
    0.003488893720357850056106626073441343172256636708467731603081594506,
    0.02935166662665394874876182620800819022314788300021186897525517980 ,
    0.01674287823223452199822683849270221014476305401768053095928885817 ,
    0.004837963053622819456642838604704795006579451564709800738872456613,
    0.03000460309354623305435021780758228465667493299207238242418023227 ,
    0.01847005074510811842317869064443576941301147480222887468855612534 ,
    0.03149108504398388292698315400620301583138867423966540812533012747 ,
    0.03737969199078129055376243089635492861370782072945405559124625764 ,
    0.01459278455954343760345614167400927407905080180134943958941736225 ,
    0.04944187964742250949968520166011860069576324791604624701471494680 ,
    0.04255228787151546709918247859048744725816293366948312401238293239 ,
    0.01579711060544557088227331706021987058633751196121527917816573593 ,
    0.02414200245018548686740454560967733803606371011026542802473177581 ,
    0.01989585861926247536428483037379438444559531597185789553176444791 ,
    0.01037440256858263975534394572642041027203625119637190977644337737 ,
    0.01435845151360826941601156946627201540898142009285044848556444770 ,
    0.009882447251868656491492661303077815811027138628983914384497484214,
    0.01574647974943123466712488077238247788123776951939333331700478956 ,
    0.06188107670855173725354316503285864412141922200764431045136734033 ,
    0.03917960499575403379044249112997155922774604100291307974817692011 ,
    0.01882938169315409561722978882023364989766010691369951207187375580 ,
    0.01688304250982977747965632550283044763203298814420376396211968249
  ],
  "points": [
    [0.4145770165127839523260563162137157432248014085591379301616948211  , 0.3830837692811989755046493889732289198933103301142227002417440202  , 0.1912186370119430237400841976263187920469515937241671639703486296 ],
    [0.04756498669496588706112675145299493824919928312001304870349063457 , 0.03844137387025071653863590409984309752730560041315348351273098171 , 0.8871119506366457448286254056661856329696669222626337324334267776 ],
    [0.3022392039475506093410605685632070637023565967458450814342373056  , 0.3096755189223818289352494834843800005487142134942805118082169552  , 0.01621645270453462382921118841152990076087056298505297515765765881],
    [0.04244441849908791230693112165521358254650701856787000217986931633 , 0.04785486560640255940518380926121621141505152628006734788430477046 , 0.7264185551267094125129789345338852448770539248965389739549113475 ],
    [0.4438540306537173117427021019142288839991577467206872210535733077  , 0.1593000599996238854279103070653453114780612500471254828923901962  , 0.3626667438035576362774253301206844319795419021525815671976315481 ],
    [0.1349985069363986610905421049799078215706301544961755110529663741  , 0.4329948100296093850371765329189473642137794865442414269814686396  , 0.4065632160324652587420839967650948644435619339830641275379715713 ],
    [0.2702491895036498066587238426284318620171222681874464778911191388  , 0.008432871254456106096331768590487914748391005172763338616843672462, 0.2125111291650657491262296852500526649654935023857042247802058979 ],
    [0.2141588954260017017102494769866173195603041983684647995466321403  , 0.05020385763562403336697559095902570706371580708288322223473456150 , 0.4936462128941918861601406245418568083453443928773447717544994968 ],
    [0.1456793207565755050105102196886674074294509606953632207398803121  , 0.1420799277732693185114564257431534679521447526623928646166847203  , 0.2654961248080462445199903250239608300742798961170373034937732210 ],
    [0.4800422639855878545337162897452538446859864357487744189692954800  , 0.02455159627903423994389148693796192002560463746554179533436575360 , 0.4555570662781256937770815193260864072585190662590777018554533184 ],
    [0.03248920813688127819966726579803172013634147374575606919655855443 , 0.2126005989136902796609588612758417493147142158164204271568927142  , 0.7103849921091126047512532863060232861332581328299894776468150766 ],
    [0.6991852897392833618972174748319206179214488793008553721504274485  , 0.009268153293509993251799932447052196755741149302784893432622987749, 0.07326958716291519821578098856662130443314997530894497342138691247],
    [0.6912707213620969769557231557164322166524088654127737405746858764  , 0.2590322769551171593083607042745117761962720469944330458031507056  , 0.03655068479224149425290442071827517567814296709284515052332976714],
    [0.01110928261445524939677388705262486893621789160273289298776751433 , 0.5019172513337366495053434896270780980211508217778041097124499645  , 0.4337572382922951188785756739346361193506529513240288319294097578 ],
    [0.1589177658747160214752027313304510549087145617292819135992530658  , 0.3525635612848826337967230653845339752176581470531995583435742526  , 0.1335110842049796110408807624752835905916634741537024447675625034 ],
    [0.06361953532472796614785076875493478847025588839003558668360579604 , 0.2425694992116304220406128752875800377227546343458481206315251712  , 0.4950048247755332323544446287520426754253483254064475367350500157 ],
    [0.7512107984274565353012916132693028970496997236985264786787219994  , 0.03613079173054786446588850609184719107336215084626466716261261395 , 0.1814260426523001673003484509613689272798481545535818791986128935 ],
    [0.4416365362117750683299341139846905008698782431020430337141583157  , 0.4543312862588164296492543913781852658990302194536865388904177477  , 0.02412795208653873250597777124192506066716590421049044142972752033],
    [0.4793998925970132339647537848105723015323869494589153389504885201  , 0.04121146360448955469884775120761877007515494861177775650785920981 , 0.2900348230690179699925667450105607335806383328893389118391640934 ],
    [0.1526196910014446176320370029722023229794452450481882919036187300  , 0.01104942398276893024188018750282184698989865602510608363361819609 , 0.03947035584220393401745031036388426975770453172858316801442427937],
    [0.8812579575152194077071948125450496061453135142443186630825350327  , 0.04935459249309241617739622162223410069360045600433329928228452087 , 0.02381618927809267813513256341169493124376761209767449834797258489],
