{
  "degree": 9,
  "weights": [
    0.01845410409506825747552158923764951654488501116216510709426748016 ,
    0.02636884413793378261083116173495702519015992801710721726113370953 ,
    0.01298436299973524535017227187178775018115649198317547914772544465 ,
    0.007536988747324099163001874321482595711070016871990476944966917759,
    0.01129021459574985239698280205589066858097006384774783934069297948 ,
    0.004197459451012271919206226241059501117040877794310724650076769499,
    0.01952974812451395659734635683129758824135194316602354835307051084 ,
    0.007070128308920461183702701460450312306566264941866399194360858432,
    0.01822955861889333003615848884722344289517478955292040255569483187 ,
    0.01897424997994633829667303135029128280425118582688810123789976796 ,
    0.01247902990466096100008173775079267274636946603803668366763256150 ,
    0.01885900285298375157860967747772849374718534071756681485080452827 ,
    0.02374855088176500681108398358580408788917001389726167762966880679 ,
    0.04086653822830791132412369115441927621828049475932071213875162851 ,
    0.01227814341296510742443684601360331057343591478430550729901012140 ,
    0.007080971736782364232964619963830307162376101506365644016362717036,
    0.008242683037014377131452469322908997116224170924417637077644276627,
    0.01019679557298388682729615751045730588911614298947743901273343932 ,
    0.007169073146995515175540440140260098045035632799440477564005094042,
    0.01405601645950155477305855973018967023183100870769722023267348958 ,
    0.02882311372705531748488963409177928632049001975927377255528728637 ,
    0.008907737555643785998193780168545086362616866808071456249792128009,
    0.006645719886780895720770095543575189364813366233605630455679216134,
    0.02990352654545476940578124731709465654818750739615716855546217869 ,
    0.01995997946254851648360681105686749195302141825675449602896989409 ,
    0.003290291235590296381745981527566426375171714105850531915631918640,
    0.01025264269584168956217456195328314635918888331559823070432910153 ,
    0.01247458978083449504413102536131433907450566852981332192158893062 ,
    0.01645360700693184619995865670532765598759118856824310987023048563 ,
    0.03432193539279222218308962069754660292594480366596844492247649899 ,
    0.01374549767395276735449158457884372955420537670896230134418017293 ,
    0.02908706017163081066389355976297528530948523788066788403991511338 ,
    0.03992564485418243001554674783787094952818418486823742831709345998 ,
    0.02038066428508292926069455883636752032933513243987284838790470316 ,
    0.01179556636392477317526513466570892852511758076877206585944018259 ,
    0.008939677834312218959357957255155106264740383921255535180018075791,
    0.007425779116095979510762951907219484100000496702976852048634691955,
    0.03848509972215682057923298500232381982827442080494575876588842957 ,
    0.009736618016837455800258034548292754438756802697393176840260585123,
    0.02834155035146342201443705820210098851362088756894371879951264078 ,
    0.01236701950190766460296158060944513986904733286670797038779098586 ,
    0.01166945044103011340951147666570272557829303066040385758522611868 ,
    0.01347927190919886995527023732285295917030180833008445749400164203 ,
    0.006025666941674677523296014416841145358592517093212364272454299129,
    0.009839388884278935950167250811526493491720406691423537542316580617,
    0.04284388868816257530776564811047102275591124205157830204084381818 ,
    0.01911771906547980133908825473337060085812959270189686637671646886 ,
    0.003348545129506310653425284914326813986145008130939391495761781440,
    0.04106124111911068701844111067639418416508990958472821354494029985 ,
    0.02190399852484975363216360795678404584855646038365839423771769893 ,
    0.006504429286287903288630664925147279955653419328097237921373867610,
    0.01328194826275863299918399875967828308720941356344197567789748499 ,
    0.02233058537624501303818928632669666620159766672967625964014352194 ,
    0.02513806369813400909182496326127527159499664418457994697274215210 ,
    0.04381406595976971757152456438488729018466426618799855846742395828 ,
    0.01431835725222905505434833981702660131224528460322810245537791925 ,
    0.01444759398720480645768104268573112572694319561889572185579977484
  ],