{
  "degree": 5,
  "s3": [
    [0.225]
  ],
  "s2": [
    [0.13239415278850623e+00, 4.70142064105115109474e-01],
    [0.12593918054482713e+00, 1.01286507323456370644e-01]
  ]
}
