{
  "degree": 30,
  "s3": [
    [0.1557996020289920E-01]
  ],
  "s2": [
    [0.3177233700534134E-02, 4.963349417836173e-01],
    [0.1048342663573077E-01, 4.585021620985177e-01],
    [0.1320945957774363E-01, 4.245095219372948e-01],
    [0.1497500696627150E-01, 3.820470700539167e-01],
    [0.1498790444338419E-01, 2.809878457960759e-01],
    [0.1333886474102166E-01, 2.273489758540344e-01],
    [0.1088917111390201E-01, 1.745591115087298e-01],
    [0.8189440660893461E-02, 1.232584272014366e-01],
    [0.5575387588607785E-02, 8.008422889219684e-02],
    [0.3191216473411976E-02, 4.777446740789878e-02],
    [0.1296715144327045E-02, 2.172051468014151e-02],
    [0.2982628261349172E-03, 4.764677615437014e-03]
  ],
  "s1": [
    [0.9989056850788964E-03, 4.152952709133117e-01, 9.253711933464581e-04],
    [0.4628508491732533E-03, 6.118990978534904e-02, 1.385925855563926e-03],
    [0.1234451336382413E-02, 1.649086901369066e-01, 3.682415455910748e-03],
    [0.5707198522432062E-03, 2.503506223200247e-02, 3.903223424159349e-03],
    [0.1126946125877624E-02, 3.060644651510957e-01, 3.233248155010545e-03],
    [0.1747866949407337E-02, 1.070732837302181e-01, 6.467432112236475e-03],
    [0.1182818815031657E-02, 2.299575493455843e-01, 3.247475491332678e-03],
    [0.1990839294675034E-02, 3.370366333057829e-01, 8.675090806753808e-03],
    [0.1900412795035980E-02, 5.625657618206073e-02, 1.559702646731387e-02],
    [0.4498365808817451E-02, 4.024513752124010e-01, 1.797672125368521e-02],
    [0.3478719460274719E-02, 2.436547020108285e-01, 1.712424535388934e-02],
    [0.4102399036723953E-02, 1.653895856145327e-01, 2.288340534658188e-02],
    [0.4021761549744162E-02, 9.930187449584685e-02, 3.273759728776667e-02],
    [0.6033164660795066E-02, 3.084783330690551e-01, 3.382101234234092e-02],
    [0.3946290302129598E-02, 4.606683185921130e-01, 3.554761446001527e-02],
    [0.6644044537680268E-02, 2.188152994539296e-01, 5.053979030686654e-02],
    [0.8254305856078458E-02, 3.792095515602741e-01, 5.701471491573221e-02],
    [0.6496056633406411E-02, 1.429608194181854e-01, 6.415280642120340e-02],
    [0.9252778144146602E-02, 2.837312821059250e-01, 8.050114828762560e-02],
    [0.9164920726294280E-02, 1.967374410044408e-01, 1.043670681345305e-01],
    [0.1156952462809767E-01, 3.558891412116621e-01, 1.138448944287513e-01],
    [0.1176111646760917E-01, 2.598186853519115e-01, 1.453634877155237e-01],
    [0.1382470218216540E-01, 3.219231812312984e-01, 1.899456528219787e-01]
  ]
}
