{
  "degree": 5,
  "s31": [
    [3.647345460966428e-02, 6.994279207826770e-02],
    [1.335462682596192e-01, 3.097442551731893e-01]
  ],
  "s211": [
    [5.443787015468327e-02, 6.164442753123828e-02, 5.838467212163365e-01]
  ]
}
