{
  "degree": 10,
  "s31": [
    [1.262683197423406e-03, 1.941122489301828e-02],
    [2.170104502184572e-02, 1.255838222754385e-01],
    [3.203729014727367e-02, 2.892110643292711e-01]
  ],
  "s211": [
    [3.816360181044174e-03, 2.703350840562557e-02, 7.293926850123016e-01],
    [3.858627669230225e-03, 2.648226491257816e-02, 8.346860742795041e-01],
    [5.401271899284645e-03, 2.233333002918325e-02, 5.855325724314953e-01],
    [6.749263744790283e-03, 1.204991798045645e-01, 2.218610635475460e-02],
    [1.078862373479965e-02, 4.304204597375166e-01, 1.136247661434978e-01],
    [1.326836978850226e-02, 2.743983921192598e-01, 2.644624205083912e-02],
    [2.545990060255948e-02, 1.317016306156411e-01, 4.510721858498442e-01]
  ],
  "s1111": [
    [1.171751035102570e-02, 5.808224332151291e-01, 2.655436309321665e-01, 1.265978171994966e-01]
  ]
}
