{
  "degree": 11,
  "s4": [[3.302611141250949e-02]],
  "s31": [
    [1.959903828226847e-03, 2.617103277295219e-02],
    [1.324205607746111e-02, 1.006862685057424e-01]
  ],
  "s22": [
    [2.292744495731360e-03, 1.375236581886419e-02],
    [1.508897928856845e-02, 3.881547512699796e-01]
  ],
  "s211": [
    [9.695447888568765e-04, 2.388787886656957e-02, 8.705443116154074e-01],
    [2.802692325922526e-03, 1.903349443211699e-02, 7.970471485218408e-01],
    [3.118388063437694e-03, 1.008596673993710e-01, 1.436337595093029e-02],
    [4.365256048613347e-03, 2.434906451212993e-02, 6.322506459263664e-01],
    [8.645355473711726e-03, 3.718666283348195e-01, 2.352758046590782e-01],
    [9.480997640758474e-03, 2.247178848749781e-01, 2.248198827546399e-02],
    [1.806093108194538e-02, 1.171336251346634e-01, 5.212126864871611e-01],
    [1.842574822070229e-02, 2.516437633635237e-01, 1.073345337250223e-01]
  ],
  "s1111": [
    [5.950359199919208e-03, 6.716079793211197e-01, 2.028653638555222e-01, 1.012015873047946e-01],
    [8.415560627784396e-03, 5.181755993267751e-01, 3.567323365469498e-01, 1.028384582772451e-01]
  ]
}
