{
  "degree": 3,
  "s31": [
    [6.722501662827225e-02, 7.714091970968884e-02]
  ],
  "s22": [
    [1.774055444700407e-01, 4.059745208742446e-01]
  ]
}
