{
  "degree": 6,
  "s4": [
    [1.217684000224085e-01]
  ],
  "s31": [
    [1.115617800911627e-02, 4.481876259019502e-02]
  ],
  "s22": [
    [2.932785970523123e-02, 4.535094091980409e-01]
  ],
  "s211": [
    [2.149874196554802e-02, 4.431548387057316e-02, 7.009568921763990e-01],
    [6.108234662137460e-02, 2.272082578263463e-01, 5.104553962651259e-02]
  ]
}
