{
  "degree": 7,
  "s31": [
    [9.851051861183095e-03, 4.717778359328573e-02],
    [6.514655955538516e-02, 1.953741548049375e-01]
  ],
  "s211": [
    [8.393257975516334e-03, 3.403237404201720e-02, 7.679769895445143e-01],
    [1.823867305835592e-02, 4.026038652328617e-02, 5.785386005230662e-01],
    [2.884515620851804e-02, 1.847132125389332e-01, 3.986787209774240e-02],
    [3.063482006319787e-02, 3.851844624255586e-01, 1.892713069674117e-01]
  ]
}
