{
  "degree": 9,
  "s31": [
    [4.945914135463306e-03, 3.556631480914729e-02],
    [2.522896190677588e-02, 3.226117863678400e-01],
    [3.402441161166769e-02, 1.512007882172118e-01]
  ],
  "s22": [
    [9.250687037503105e-03, 2.788965124806808e-02],
    [4.714680510152520e-02, 3.437976739841325e-01]
  ],
  "s211": [
    [4.285129606204518e-03, 2.746372670954444e-02, 8.069307625165607e-01],
    [7.439006613987653e-03, 2.958339293908863e-02, 6.778165664396495e-01],
    [1.453642863447186e-02, 1.464088963597444e-01, 3.036385732664770e-02]
  ],
  "s1111": [
    [1.762601881781520e-02, 5.071064293713055e-01, 3.193022325264996e-01, 1.429601001927085e-01]
  ]
}
