{
  "degree": 13,
  "s211": [
      [5.973324616573234e-04, 1.330521685089425e-02, 9.020031738386604e-01],
      [1.530602010365591e-03, 1.768399597717130e-02, 8.196215282360872e-01],
      [1.747170153157562e-03, 1.529671184250192e-02, 7.011322545807197e-01],
      [2.084303013925438e-03, 1.653903692788761e-02, 5.552429363123564e-01],
      [2.673796478110494e-03, 8.507539000069664e-02, 1.623321259293437e-02],
      [1.066709630566213e-02, 9.719941787513314e-02, 4.601344642402377e-01],
      [1.229281709786569e-02, 3.463288089439753e-01, 2.155054870671660e-01],
      [1.250759519378543e-02, 9.576008835067273e-02, 6.023289518800232e-01],
      [1.404082813990796e-02, 2.204649331210681e-01, 9.329765691467751e-02],
      [5.719278052186033e-03, 4.469402940184373e-01, 8.675844882562167e-02],
      [6.394220575258051e-03, 1.891121490910459e-01, 1.892485052021575e-02]
  ],
  "s31": [
    [9.867179979395793e-04, 2.195048789714021e-02],
    [5.506829153098441e-03, 3.276176808608863e-01],
    [6.875685401153072e-03, 8.433252216723813e-02],
    [2.136208805503387e-02, 2.136603304379895e-01]
  ],
  "s1111": [
    [3.095950883546983e-03, 7.235027978629237e-01, 1.786655410279764e-01, 7.971539172604925e-02],
    [5.138056712393536e-03, 5.990133535361137e-01, 2.979840982969011e-01, 8.413051172360086e-02],
    [6.405474784136410e-03, 4.568679514095241e-01, 3.253255095768594e-01, 1.994214547588828e-01]
  ]
}
