{
  "data": [
    [ 3.938313610187890e-01, -3.669979343404274e-01, 5.209286223023044e-01],
    [ 8.019684762065925e-01, 8.099259297580919e-01, 2.374024056137991e-01],
    [ -1.832732766424723e-02, 9.259609259310837e-01, 2.416689720838965e-01],
    [ 3.669979343404274e-01, 3.938313610187890e-01, 5.209286223023044e-01],
    [ -8.099259297580919e-01, 8.019684762065925e-01, 2.374024056137991e-01],
    [ -9.259609259310837e-01, -1.832732766424723e-02, 2.416689720838965e-01],
    [ -3.938313610187890e-01, 3.669979343404274e-01, 5.209286223023044e-01],
    [ -8.019684762065925e-01, -8.099259297580919e-01, 2.374024056137991e-01],
    [ 1.832732766424723e-02, -9.259609259310837e-01, 2.416689720838965e-01],
    [ -3.669979343404274e-01, -3.938313610187890e-01, 5.209286223023044e-01],
    [ 8.099259297580919e-01, -8.019684762065925e-01, 2.374024056137991e-01],
    [ 9.259609259310837e-01, 1.832732766424723e-02, 2.416689720838965e-01]
  ],
  "degree":7
}
