{
  "data": [
    [ -4.165807191202228e-02, 4.248472488486693e-01, 3.511587183982455e-01],
    [ 3.156234329152542e-01, 8.125205483048132e-01, 2.117363499989486e-01],
    [ 7.120019130753363e-01, 5.253202503645478e-01, 2.256260617288634e-01],
    [ 6.980761045495677e-01, 9.826392235408555e-01, 4.802076335072379e-02],
    [ 9.535395282015321e-01, 1.885861387186419e-01, 9.738677735866817e-02],
    [ 9.394863828167369e-01, 8.257758359029640e-01, 6.607132916455061e-02],
    [ -4.248472488486693e-01, -4.165807191202228e-02, 3.511587183982455e-01],
    [ -8.125205483048132e-01, 3.156234329152542e-01, 2.117363499989486e-01],
    [ -5.253202503645478e-01, 7.120019130753363e-01, 2.256260617288634e-01],
    [ -9.826392235408555e-01, 6.980761045495677e-01, 4.802076335072379e-02],
    [ -1.885861387186419e-01, 9.535395282015321e-01, 9.738677735866817e-02],
    [ -8.257758359029640e-01, 9.394863828167369e-01, 6.607132916455061e-02],
    [ 4.165807191202228e-02, -4.248472488486693e-01, 3.511587183982455e-01],
    [ -3.156234329152542e-01, -8.125205483048132e-01, 2.117363499989486e-01],
    [ -7.120019130753363e-01, -5.253202503645478e-01, 2.256260617288634e-01],
    [ -6.980761045495677e-01, -9.826392235408555e-01, 4.802076335072379e-02],
    [ -9.535395282015321e-01, -1.885861387186419e-01, 9.738677735866817e-02],
    [ -9.394863828167369e-01, -8.257758359029640e-01, 6.607132916455061e-02],
    [ 4.248472488486693e-01, 4.165807191202228e-02, 3.511587183982455e-01],
    [ 8.125205483048132e-01, -3.156234329152542e-01, 2.117363499989486e-01],
    [ 5.253202503645478e-01, -7.120019130753363e-01, 2.256260617288634e-01],
    [ 9.826392235408555e-01, -6.980761045495677e-01, 4.802076335072379e-02],
    [ 1.885861387186419e-01, -9.535395282015321e-01, 9.738677735866817e-02],
    [ 8.257758359029640e-01, -9.394863828167369e-01, 6.607132916455061e-02]
  ],
  "degree":11
}
