{
  "data": [
    [ -6.306801197316687e-01, 9.688499663619777e-01, 8.887937817019871e-02],
    [ 4.533398211356471e-01, -5.237358202144294e-01, 3.982824392620701e-01],
    [ 8.526157293336624e-01, -7.620832819261733e-02, 2.690513376397807e-01],
    [ -7.502770999789007e-01, -9.279616459595696e-01, 1.120996021295965e-01],
    [ -9.688499663619777e-01, -6.306801197316687e-01, 8.887937817019871e-02],
    [ 5.237358202144294e-01, 4.533398211356471e-01, 3.982824392620701e-01],
    [ 7.620832819261733e-02, 8.526157293336624e-01, 2.690513376397807e-01],
    [ 9.279616459595696e-01, -7.502770999789007e-01, 1.120996021295965e-01],
    [ 6.306801197316687e-01, -9.688499663619777e-01, 8.887937817019871e-02],
    [ -4.533398211356471e-01, 5.237358202144294e-01, 3.982824392620701e-01],
    [ -8.526157293336624e-01, 7.620832819261733e-02, 2.690513376397807e-01],
    [ 7.502770999789007e-01, 9.279616459595696e-01, 1.120996021295965e-01],
    [ 9.688499663619777e-01, 6.306801197316687e-01, 8.887937817019871e-02],
    [ -5.237358202144294e-01, -4.533398211356471e-01, 3.982824392620701e-01],
    [ -7.620832819261733e-02, -8.526157293336624e-01, 2.690513376397807e-01],
    [ -9.279616459595696e-01, 7.502770999789007e-01, 1.120996021295965e-01],
    [ 0.000000000000000e+00, 0.000000000000000e+00, 5.267489711934157e-01]
  ],
  "degree":9
}
