{
  "data": [
    [ -9.660917830792960e-01, 0.000000000000000e+00, 3.174603174603175e-01],
    [ -5.773502691896258e-01, -7.745966692414834e-01, 5.555555555555556e-01],
    [ -5.773502691896258e-01, 7.745966692414834e-01, 5.555555555555556e-01],
    [ 0.000000000000000e+00, 0.000000000000000e+00, 1.142857142857143e+00],
    [ 5.773502691896258e-01, 7.745966692414834e-01, 5.555555555555556e-01],
    [ 5.773502691896258e-01, -7.745966692414834e-01, 5.555555555555556e-01],
    [ 9.660917830792960e-01, 0.000000000000000e+00, 3.174603174603175e-01]
  ],
  "degree":5
}
