{
  "name": "Fliege-Maier 25",
  "degree": 4,
  "test_tolerance": 7.886e-12,
  "data": {
    "plain": [
      [
        0.526892742465183,
        0.485180109112166,
        0.52688431841172,
        0.470278163959671,
        0.480374420335631,
        0.511304778793246,
        0.50662254252409,
        0.521584584095409,
        0.528352996210157,
        0.523881651608334,
        0.498007361735854,
        0.485165400074931,
        0.506635312214051,
        0.5082419919928,
        0.458074079380174,
        0.472602520886424,
        0.498014223164242,
        0.517451174941792,
        0.517441640812165,
        0.521460742054295,
        0.521584842527842,
        0.470277483095831,
        0.521453882075293,
        0.480360203567104,
        0.508243448346025
      ],
      [
        0.0,
        0.733337254948,
        -0.417055763873,
        -0.231459652295,
        0.153720722228,
        -0.386403049824,
        -0.770974308635,
        -0.095861545461,
        0.099776134849,
        0.817272650833,
        0.23728956801,
        0.3405288224,
        -0.961077098133,
        -0.887079526998,
        0.721278828476,
        -0.552793409766,
        0.579769476922,
        -0.076303836188,
        0.455997428744,
        0.76332268157,
        -0.450845325513,
        -0.707464737219,
        0.984975507789,
        0.340426259591,
        -0.690732644971
      ],
      [
        0.0,
        0.0,
        -0.893307362557,
        0.620867918228,
        -0.960402627786,
        -0.660680556457,
        0.560554032576,
        0.986832404302,
        0.772716881062,
        -0.55987137158,
        0.081268979526,
        -0.841361953345,
        0.153383312063,
        -0.427826560064,
        0.401185404053,
        0.745285633937,
        0.814726400286,
        -0.523092247019,
        0.617084425409,
        -0.310680233122,
        0.226543333319,
        -0.398681443623,
        0.164024470943,
        -0.560578619731,
        -0.007172972279
      ],
      [
        1.0,
        0.679865038449,
        -0.167530432526,
        0.748965591649,
        0.232371969262,
        0.643578965944,
        0.302287598136,
        0.130278048502,
        -0.626859908302,
        0.136416500051,
        -0.968033580967,
        -0.41970249532,
        -0.229792016886,
        0.173361896864,
        -0.564630076393,
        -0.372785152555,
        -0.009393950573,
        -0.848853477163,
        0.641305821661,
        -0.56640645878,
        -0.863375127388,
        -0.583563837212,
        0.054029824989,
        0.754891762362,
        0.723074658413
      ]
    ]
  }
}