{
  "data": [
    [ 0.00000000000000e+00,  0.00000000000000e+00,  1.00000000000000e+00, 3.14159270860458e+00],
    [ 9.42809045985000e-01,  0.00000000000000e+00, -3.33333320879000e-01, 3.14159266713144e+00],
    [-4.71404555560000e-01,  8.16496567973000e-01, -3.33333315894000e-01, 3.14159262020616e+00],
    [-4.71404504776000e-01, -8.16496568438000e-01, -3.33333386576000e-01, 3.14159261841700e+00]
  ],
  "degree": 2
}
