{
  "name": "Fliege-Maier 9",
  "degree": 2,
  "test_tolerance": 1.602e-12,
  "data": {
    "plain": [
      [ 0.00000000000000e+00,  0.00000000000000e+00,  1.00000000000000e+00,  1.41002219158553e+00],
      [ 7.03648529172000e-01,  0.00000000000000e+00, -7.10548202020000e-01,  1.36874571484487e+00],
      [-3.51823383300000e-01, -8.66025719041000e-01,  3.55274205259000e-01,  1.36874584394098e+00],
      [-3.51825207762000e-01,  8.66024999286000e-01,  3.55274153007000e-01,  1.36874598063878e+00],
      [-2.49987432648000e-01, -6.15353391443000e-01, -7.47560356866000e-01,  1.41002213011677e+00],
      [-9.99952392804000e-01, -8.99465000000000e-07,  9.75767001300000e-03,  1.41002213695321e+00],
      [-2.49988528495000e-01,  6.15352399182000e-01, -7.47560807187000e-01,  1.41002229757798e+00],
      [ 7.49963476078000e-01,  6.15354121088000e-01,  2.42681046250000e-01,  1.41002222800700e+00],
      [ 7.49965039914000e-01, -6.15351747641000e-01,  2.42682231699000e-01,  1.41002209069953e+00]
    ]
  }
}
