{
  "name": "Fliege-Maier 9",
  "degree": 2,
  "test_tolerance": 1.602e-12,
  "data": {
    "plain": [
      [
        1.41002219158553,
        1.36874571484487,
        1.36874584394098,
        1.36874598063878,
        1.41002213011677,
        1.41002213695321,
        1.41002229757798,
        1.410022228007,
        1.41002209069953
      ],
      [
        0.0,
        0.703648529172,
        -0.3518233833,
        -0.351825207762,
        -0.249987432648,
        -0.999952392804,
        -0.249988528495,
        0.749963476078,
        0.749965039914
      ],
      [
        0.0,
        0.0,
        -0.866025719041,
        0.866024999286,
        -0.615353391443,
        -8.99465e-07,
        0.615352399182,
        0.615354121088,
        -0.615351747641
      ],
      [
        1.0,
        -0.71054820202,
        0.355274205259,
        0.355274153007,
        -0.747560356866,
        0.009757670013,
        -0.747560807187,
        0.24268104625,
        0.242682231699
      ]
    ]
  }
}