{
  "name": "Fliege-Maier 25",
  "data": [
    [ 0.00000000000000e+00,  0.00000000000000e+00,  1.00000000000000e+00, 5.26892742465183e-01],
    [ 7.33337254948000e-01,  0.00000000000000e+00,  6.79865038449000e-01, 4.85180109112166e-01],
    [-4.17055763873000e-01, -8.93307362557000e-01, -1.67530432526000e-01, 5.26884318411720e-01],
    [-2.31459652295000e-01,  6.20867918228000e-01,  7.48965591649000e-01, 4.70278163959671e-01],
    [ 1.53720722228000e-01, -9.60402627786000e-01,  2.32371969262000e-01, 4.80374420335631e-01],
    [-3.86403049824000e-01, -6.60680556457000e-01,  6.43578965944000e-01, 5.11304778793246e-01],
    [-7.70974308635000e-01,  5.60554032576000e-01,  3.02287598136000e-01, 5.06622542524090e-01],
    [-9.58615454610000e-02,  9.86832404302000e-01,  1.30278048502000e-01, 5.21584584095409e-01],
    [ 9.97761348490000e-02,  7.72716881062000e-01, -6.26859908302000e-01, 5.28352996210157e-01],
    [ 8.17272650833000e-01, -5.59871371580000e-01,  1.36416500051000e-01, 5.23881651608334e-01],
    [ 2.37289568010000e-01,  8.12689795260000e-02, -9.68033580967000e-01, 4.98007361735854e-01],
    [ 3.40528822400000e-01, -8.41361953345000e-01, -4.19702495320000e-01, 4.85165400074931e-01],
    [-9.61077098133000e-01,  1.53383312063000e-01, -2.29792016886000e-01, 5.06635312214051e-01],
    [-8.87079526998000e-01, -4.27826560064000e-01,  1.73361896864000e-01, 5.08241991992800e-01],
    [ 7.21278828476000e-01,  4.01185404053000e-01, -5.64630076393000e-01, 4.58074079380174e-01],
    [-5.52793409766000e-01,  7.45285633937000e-01, -3.72785152555000e-01, 4.72602520886424e-01],
    [ 5.79769476922000e-01,  8.14726400286000e-01, -9.39395057300000e-03, 4.98014223164242e-01],
    [-7.63038361880000e-02, -5.23092247019000e-01, -8.48853477163000e-01, 5.17451174941792e-01],
    [ 4.55997428744000e-01,  6.17084425409000e-01,  6.41305821661000e-01, 5.17441640812165e-01],
    [ 7.63322681570000e-01, -3.10680233122000e-01, -5.66406458780000e-01, 5.21460742054295e-01],
    [-4.50845325513000e-01,  2.26543333319000e-01, -8.63375127388000e-01, 5.21584842527842e-01],
    [-7.07464737219000e-01, -3.98681443623000e-01, -5.83563837212000e-01, 4.70277483095831e-01],
    [ 9.84975507789000e-01,  1.64024470943000e-01,  5.40298249890000e-02, 5.21453882075293e-01],
    [ 3.40426259591000e-01, -5.60578619731000e-01,  7.54891762362000e-01, 4.80360203567104e-01],
    [-6.90732644971000e-01, -7.17297227900000e-03,  7.23074658413000e-01, 5.08243448346025e-01]
  ],
  "degree": 4,
  "test_tolerance": 7.886e-12
}
