{
  "name": "Fliege-Maier 4",
  "degree": 2,
  "test_tolerance": 1.564e-07,
  "data": {
    "plain": [
      [
        3.14159270860458,
        3.14159266713144,
        3.14159262020616,
        3.141592618417
      ],
      [
        0.0,
        0.942809045985,
        -0.47140455556,
        -0.471404504776
      ],
      [
        0.0,
        0.0,
        0.816496567973,
        -0.816496568438
      ],
      [
        1.0,
        -0.333333320879,
        -0.333333315894,
        -0.333333386576
      ]
    ]
  }
}
