{
  "name": "Fliege-Maier 16",
  "degree": 3,
  "test_tolerance": 7.773e-12,
  "data": {
    "plain": [
      [
        0.755674118356721,
        0.755673975187776,
        0.755674013381465,
        0.874570763750276,
        0.874570753060101,
        0.755673876104811,
        0.755673961615957,
        0.755673979483462,
        0.7556741240267,
        0.755673985216451,
        0.75567381881835,
        0.874570818789155,
        0.755673916307309,
        0.755674020114415,
        0.874570596431787,
        0.755673893711746
      ],
      [
        0.0,
        0.753978824073,
        0.390242135404,
        0.494869602332,
        0.355503473986,
        -0.446397177021,
        0.168791062107,
        0.950370026986,
        -0.591868553094,
        -0.527292524396,
        -0.748743750927,
        -0.973131512786,
        -0.260381218011,
        0.804899141573,
        0.122758388462,
        -0.493598041398
      ],
      [
        0.0,
        0.0,
        0.806032074954,
        -0.127854920906,
        0.806424122874,
        0.879481067712,
        -0.879481021131,
        0.263731117349,
        -0.806032223202,
        0.593408701303,
        -0.263731093071,
        0.127854998926,
        0.393874693307,
        -0.593408545353,
        -0.806424045147,
        -0.393874951475
      ],
      [
        1.0,
        0.656898723434,
        -0.444998168424,
        -0.859509857936,
        0.472543557812,
        -0.165053360715,
        -0.444997427885,
        -0.165053656574,
        0.001915990139,
        0.608135434697,
        0.608135433925,
        -0.191489315819,
        -0.881512533819,
        0.001915775918,
        0.578455389352,
        -0.775386030393
      ]
    ]
  }
}