{
  "s2": [
    [3.3333333333333331e-01, 1.6666666666666669e-01]
  ],
  "degree": 2
}
