{
  "s2": [
    [1.2593918054482714e-01, 1.0128650732345634e-01],
    [1.3239415278850619e-01, 4.7014206410511511e-01]
  ],
  "s3": [
    [2.2500000000000001e-01]
  ],
  "degree": 5
}
