{
  "s1": [
    [8.2851075618373571e-02, 5.3145049844816938e-02, 3.1035245103378439e-01]
  ],
  "s2": [
    [5.0844906370206819e-02, 6.3089014491502227e-02],
    [1.1678627572637937e-01, 2.4928674517091043e-01]
  ],
  "degree": 6
}
