{
  "s1": [
    [4.3283539377289376e-02, 3.6838412054736258e-02, 2.2196298916076568e-01]
  ],
  "s2": [
    [2.5577675658698031e-02, 4.4729513394452691e-02],
    [3.1334700227139071e-02, 4.8968251919873762e-01],
    [7.7827541004774278e-02, 4.3708959149293664e-01],
    [7.9647738927210249e-02, 1.8820353561903275e-01]
  ],
  "s3": [
    [9.7135796282798836e-02]
  ],
  "degree": 9
}
