{
  "s1": [
    [2.5297757707288385e-02, 2.8367665339938453e-02, 1.6370173373718250e-01],
    [3.4184648162959429e-02, 2.9619889488729734e-02, 3.6914678182781102e-01],
    [6.3904906396424044e-02, 1.4813288578382056e-01, 3.2181299528883545e-01]
  ],
  "s2": [
    [1.3352968813149567e-02, 3.2055373216943517e-02],
    [4.5957963604744731e-02, 1.4216110105656438e-01]
  ],
  "s3": [
    [8.1743329146285973e-02]
  ],
  "degree": 10
}
