{
  "s1": [
    [4.0298533720180994e-03, 9.1392370373084009e-03, 7.0948605236455520e-02],
    [1.1672621181575846e-02, 1.8638713728166389e-02, 1.6806864522241438e-01],
    [1.5602572830575964e-02, 1.8376112385681043e-02, 3.1464824281245085e-01],
    [2.8720586925201342e-02, 9.4242053592155428e-02, 1.9053558947639393e-01],
    [3.1315476284969286e-02, 9.5796723647608606e-02, 3.3895061147527716e-01]
  ],
  "s2": [
    [2.9607746379053754e-03, 1.5811726250988645e-02],
    [9.5738461824600857e-03, 4.9499695676912620e-01],
    [1.6444737562625163e-02, 7.0173552899986003e-02],
    [1.7396148000763414e-02, 4.7417068143801977e-01],
    [4.2713781571460566e-02, 4.0536221413397550e-01],
    [4.6783361728709630e-02, 2.2637871342034960e-01]
  ],
  "s3": [
    [4.4335387382184073e-02]
  ],
  "degree": 15
}
