{
  "s1": [
    [1.6544667148350482e-03, 8.5522042002276200e-03, 2.3203427768813678e-02],
    [5.3911871168488114e-03, 5.9363500168222449e-03, 1.8744178248378207e-01],
    [7.9475939333924980e-03, 1.9030129743697444e-02, 8.0696166985873008e-02],
    [1.5008601784285806e-02, 1.8931778280405931e-02, 3.3176452347414764e-01],
    [1.8938272464415699e-02, 5.4755174914703109e-02, 1.9107476364052906e-01],
    [3.1983610079370069e-02, 1.0260619023939810e-01, 3.0824496919635402e-01]
  ],
  "s2": [
    [4.4185463121505690e-03, 5.0000000000000000e-01],
    [1.4781634690224404e-02, 8.5355566586700349e-02],
    [2.5974333298277159e-02, 4.7528072754594208e-01],
    [2.9418409698988100e-02, 1.6191864419127122e-01],
    [4.0711833312425359e-02, 4.1558489688542050e-01],
    [4.1092923143698952e-02, 2.4599007046714172e-01]
  ],
  "s3": [
    [4.5264566073818790e-02]
  ],
  "degree": 16
}
