{
  "s1": [
    [1.2229481269610898e-03, 5.4836004204228406e-04, 2.7090910995162032e-02],
    [4.5305345022570651e-03, 3.8976110334733582e-03, 3.9568343433226971e-01],
    [5.0106608745797221e-03, 5.2983351866098261e-03, 2.3577218495819174e-01],
    [6.8401101196071817e-03, 1.3462016741444982e-02, 1.0819579379103328e-01],
    [1.3759616234942205e-02, 4.5804915859860795e-02, 1.8382270792546401e-01],
    [1.7747489102020404e-02, 4.0260283469908065e-02, 3.1975162452537731e-01],
    [2.3781910900152831e-02, 1.2269675737192753e-01, 2.0634925743383792e-01],
    [2.5482175311824441e-02, 1.2058769516392465e-01, 3.3349352944988075e-01]
  ],
  "s2": [
    [7.1293260197189704e-03, 3.8830256088685622e-02],
    [1.2046647633999711e-02, 4.8758030157486953e-01],
    [1.6559159952003247e-02, 9.1947742121643194e-02],
    [1.8949171506778866e-02, 4.6180950640644924e-01],
    [3.3304470033390134e-02, 3.9995562806757623e-01],
    [3.6475089408943638e-02, 2.4226470251427196e-01]
  ],
  "s3": [
    [3.6355735301426668e-02]
  ],
  "degree": 18
}
