{
  "s1": [
    [2.9263151034702004e-03, 5.0072882573544697e-03, 1.4242575736575636e-01],
    [3.2820765518358193e-03, 2.0689258966047896e-03, 3.6461778097461106e-01],
    [3.3272013628593881e-03, 9.7760258008882106e-03, 6.0086275322306704e-02],
    [8.4558874995364960e-03, 1.4924052081984052e-02, 2.4189457896057953e-01],
    [9.6954844868550466e-03, 3.9145859331692234e-02, 1.3069767626803241e-01],
    [1.6102162764024108e-02, 4.0888011196016927e-02, 3.5402800973527515e-01],
    [1.8107944931212452e-02, 7.4560294601626664e-02, 2.2143488543233120e-01],
    [2.6346321977390733e-02, 1.2931256447015782e-01, 3.1131762980954125e-01]
  ],
  "s2": [
    [1.7653227764428477e-03, 1.1639461183789446e-02],
    [7.1092565977981309e-03, 5.2523890351208968e-02],
    [1.0321755142944282e-02, 4.9251267504133689e-01],
    [1.5234351093018300e-02, 1.1144887332302139e-01],
    [2.2983590026741607e-02, 4.5919420103954367e-01],
    [2.4651914848190855e-02, 1.7817010478176432e-01],
    [3.1537534893154973e-02, 4.0396972255190122e-01],
    [3.1753019366003075e-02, 2.5516163291360772e-01]
  ],
  "s3": [
    [3.4469397704012333e-02]
  ],
  "degree": 19
}
