{
  "s1": [
    [2.2597392042517312e-03, 4.8549376076237327e-03, 6.4090585608434170e-02],
    [4.4057948371169948e-03, 7.5707805046965060e-03, 1.5913370765706725e-01],
    [7.1564004769153703e-03, 1.0737212856011091e-02, 2.8058141142366533e-01],
    [7.3913630005105957e-03, 9.8315482928025832e-03, 4.2002375881622411e-01],
    [8.2914230552277157e-03, 3.8363684775374607e-02, 9.9952296288138731e-02],
    [1.1972797157909380e-02, 4.6560364907664298e-02, 1.9851813222878817e-01],
    [1.5445215644198460e-02, 1.0622720472027003e-01, 2.1560705739009439e-01],
    [1.7334451134438666e-02, 5.4987479142986795e-02, 3.3313481730958761e-01],
    [2.3383491463655474e-02, 1.3980807199179990e-01, 3.1786012383577200e-01]
  ],
  "s2": [
    [1.5976815821332397e-03, 1.0976141028397779e-02],
    [4.3225508213311547e-03, 3.7310880598884710e-02],
    [1.4203650606816881e-02, 4.7624561154049899e-01],
    [1.5660461552149067e-02, 1.0938359671171460e-01],
    [1.8346925948505829e-02, 1.8629499774454095e-01],
    [1.8904799866464896e-02, 4.4555105695592478e-01],
    [2.7576101258140917e-02, 3.9342534781709987e-01],
    [2.8166402615040494e-02, 2.5457926767333910e-01]
  ],
  "s3": [
    [2.7820221402906232e-02]
  ],
  "degree": 20
}
