{
  "a1": [
    [2.1929420881800001e-04]
  ],
  "a2": [
    [1.4364336173189999e-03]
  ],
  "a3": [
    [1.4219403443360000e-03]
  ],
  "pq0": [
    [9.2544014998699995e-04, 4.6217385713787709e-02],
    [1.2502399950539999e-03, 1.1009758338250202e-01],
    [1.3943658433290000e-03, 1.7915385100078471e-01]
  ],
  "llm": [
    [6.7981235110500002e-04, 2.2920267027692755e-02],
    [9.9131842352900000e-04, 5.5570217202494693e-02],
    [1.1802078332390001e-03, 9.2540233394640209e-02],
    [1.2965996020809999e-03, 1.3193932972417555e-01],
    [1.3658714274280000e-03, 1.7300267075173742e-01],
    [1.4029886047750000e-03, 2.1541157310743222e-01],
    [1.4186455635960000e-03, 2.5908293759367834e-01],
    [1.4213767418520000e-03, 3.5059938118395811e-01],
    [1.4239964754909999e-03, 3.9882643381326005e-01],
    [1.4315540421789999e-03, 4.4880033485649340e-01]
  ],
  "rsw": [
    [1.1270890946720000e-03, 9.1264441674987470e-02, 7.8966041249503030e-02],
    [1.3457537609110001e-03, 1.6082173148323642e-01, 1.5530941376009186e-01],
    [1.4249572833170000e-03, 4.0882423756649272e-02, 2.1555040407043699e-01],
    [1.2615233412380000e-03, 1.3521970407231138e-01, 1.1592327260131904e-01],
    [1.3925471060530000e-03, 9.3006229182410555e-02, 1.8368745581967016e-01],
    [1.4187616778780000e-03, 1.1923046456321097e-01, 2.2380408267927063e-01],
    [1.3383666844799999e-03, 5.5915082382464891e-02, 1.4553611249927151e-01],
    [1.3937008626760000e-03, 1.7757069779270387e-01, 1.9640197162886017e-01],
    [1.4159147574670000e-03, 1.8936614291248285e-01, 2.3891358165513843e-01]
  ],
  "degree": 47
}