{
  "a1": [
    [-1.3137691273270001e-03]
  ],
  "a2": [
    [-2.5227287048589998e-03]
  ],
  "a3": [
    [4.1868538817010003e-03]
  ],
  "pq0": [
    [4.2295827006469996e-03, 1.7620819117478337e-01]
  ],
  "llm": [
    [5.3151679778109997e-03, 4.6985075906097712e-01],
    [4.0471423770859997e-03, 4.5736912538004722e-02],
    [4.1124823944069999e-03, 2.2827979986143521e-01],
    [3.5955848997590001e-03, 1.5340561934680283e-01],
    [4.2561313514280002e-03, 3.8573458131145755e-01]
  ],
  "rsw": [
    [4.0809142257810004e-03, 1.0903912649845819e-01, 1.1154278376833886e-01],
    [4.0714675938309996e-03, 1.3229823610597896e-01, 1.9433823127269889e-01]
  ],
  "degree": 27
}