{
  "a1": [
    [1.2698412698413000e-02]
  ],
  "a2": [
    [2.2574955908289000e-02]
  ],
  "a3": [
    [2.1093750000000001e-02]
  ],
  "llm": [
    [2.0173335537919002e-02, 1.4021889900377171e-01]
  ],
  "degree": 11
}