{
  "a1": [
    [6.6666666666666999e-02]
  ],
  "a3": [
    [7.4999999999999997e-02]
  ],
  "degree": 5
}