{
  "a1": [
    [6.3090494373999997e-05]
  ],
  "a2": [
    [6.3982877055699999e-04]
  ],
  "a3": [
    [6.3571850735299996e-04]
  ],
  "pq0": [
    [3.1869134499499998e-04, 2.6625673881079458e-02],
    [4.6780285585900001e-04, 6.5724090063338139e-02],
    [5.5388296975999996e-04, 1.0941928033968221e-01],
    [6.0444759071900001e-04, 1.5535139330769052e-01],
    [6.3135751035099999e-04, 2.0242837200985242e-01]
  ],
  "llm": [
    [2.2212071621900001e-04, 1.2882195121613101e-02],
    [3.4757840222900002e-04, 3.2207731604644504e-02],
    [4.3507424435900002e-04, 5.4701957361929614e-02],
    [4.9785691365199995e-04, 7.9078725412154938e-02],
    [5.4350362220000005e-04, 1.0472423247884396e-01],
    [5.7659133882199997e-04, 1.3130333658589721e-01],
    [6.0012003592300003e-04, 1.5862323583036297e-01],
    [6.1621781727200003e-04, 1.8657405660527060e-01],
    [6.2652181524400002e-04, 2.1509963472632135e-01],
    [6.3239871609700000e-04, 2.4418203633054231e-01],
    [6.3507678515400002e-04, 2.7383276117335115e-01],
    [6.3543627753000003e-04, 3.3499578715110123e-01],
    [6.3523024627099999e-04, 3.6661781267568683e-01],
    [6.3581178814200003e-04, 3.9899550033190523e-01],
    [6.3731015903100005e-04, 4.3211887236649743e-01],
    [6.3904289613700004e-04, 4.6587318374717057e-01]
  ],
  "rsw": [
    [4.0786264318600000e-04, 9.0941453092697272e-02, 4.6444296091095669e-02],
    [4.7599330578099999e-04, 1.3454465878790239e-01, 6.9233153297460187e-02],
    [5.2681511864100005e-04, 1.5979869715905179e-01, 9.3807519971000911e-02],
    [5.6430485605100001e-04, 1.7623731960187097e-01, 1.1959776925851553e-01],
    [5.9145010766100000e-04, 1.8779859315577804e-01, 1.4629442668395570e-01],
    [6.1045612578699995e-04, 1.9638310871162132e-01, 1.7372158857969944e-01],
    [6.2302528607100004e-04, 2.0301334075208635e-01, 2.0178171635925438e-01],
    [6.3056187617599999e-04, 2.0828355715615282e-01, 2.3042860761585268e-01],
    [6.3430927676000001e-04, 2.1255830404253653e-01, 2.5965307523608000e-01],
    [5.1762689457400003e-04, 5.5251539800134947e-02, 8.7947076243863623e-02],
    [5.5648403133099996e-04, 9.1592741758549992e-02, 1.1204509589546444e-01],
    [5.8564266710400001e-04, 1.1712413186869162e-01, 1.3744522362543432e-01],
    [6.0663869257800000e-04, 1.3599893913777458e-01, 1.6382358972176320e-01],
    [6.2088249622299998e-04, 1.5050761834251830e-01, 1.9099329347026625e-01],
    [6.2963142978199999e-04, 1.6199557887487917e-01, 2.1885026631240181e-01],
    [6.3404237567899998e-04, 1.7129282153427458e-01, 2.4734548378169824e-01],
    [5.8296276771100004e-04, 3.9884148677012343e-02, 1.3278471267259950e-01],
    [6.0486933760800000e-04, 6.9754035920736673e-02, 1.5752269349240211e-01],
    [6.2023623177300002e-04, 9.2861127237663391e-02, 1.8331731309264804e-01],
    [6.2990053283999996e-04, 1.1122182993593546e-01, 2.0997811889533646e-01],
    [6.3477223906099997e-04, 1.2612209724859638e-01, 2.3739611005974021e-01],
    [6.2037789812399995e-04, 3.1425679347661613e-02, 1.7930414564418112e-01],
    [6.3084146712400000e-04, 5.6702475929406089e-02, 2.0435855567306369e-01],
    [6.3627064669600001e-04, 7.7401257535699222e-02, 2.3033583124044069e-01],
    [6.3754141703299997e-04, 2.6116110081186139e-02, 2.2665311278358263e-01]
  ],
  "degree": 71
}