{
  "degree": 15,
  "symm_r0": [
    [0.11493292726352536781596028932541766228, 0.79809898789700709024555173503596148462],
    [0.18168575896727184957040458577073367484, 0.30385302639845975610268178690962703058]
  ],
  "symm_s": [
    [0.041238483788765811839027639617216599853, 0.88242227010688535992041188667767184542],
    [0.0059337464858392213147614197893498681047, 0.97778979953990269742424689352375866785]
  ],
  "symm_s_t": [
    [0.10114914347743242280761079470300175928, 0.80871213581950356724002823901416977471, 0.56721357339659070317865169083903012406],
    [0.14783672163288121847905618360636339726, 0.30465479903705254117098598695333881061, 0.57873619403580651026013939264701051891],
    [0.023273194144673214602574891933463059923, 0.9805048437245319615400269877302555585, 0.6974636319909670187938904551822360596],
    [0.055845482492312018840681162505812880996, 0.26484415587231617710014274826830856062, 0.95574251980951170852387507604700262081]
  ]
}
