{
  "degree": 21,
  "zero": [[0.13519284035614282527922840385434746149]],
  "symm_r0": [
    [0.1067941587859403825037542148829566842, 0.47335107435822415202690901838844666219],
    [0.066257208004944385159031059020122440339, 0.83527842975586830160520893009495292054]
  ],
  "symm_s": [
    [0.11988448364634046970472217835662908028, 0.2573719006072289819053755213317636919],
    [0.0082294612892200088282217117254895783997, 0.96333783211562335381484352624945730322],
    [0.030603640928775651038141155704768806683, 0.86245192537965155140267607631968215083],
    [0.096791791893595210842497711127833756611, 0.49689796251934570364793617005129236026],
    [0.061516341481316561201749944009961586508, 0.70433217519540056955932591780080720749]
  ],
  "symm_s_t": [
    [0.086728499513208224903936696999552926752, 0.24187818547670197670997054949192246819, 0.67414621995531773950245618191533516236],
    [0.055879117404127348063047858204117827292, 0.48015696631279513715726389107913072158, 0.82464737527092073827881221191700729562],
    [0.037128827440913817653330718954876960924, 0.93224193592175396207500211941993080129, 0.27069918410166491089101469370373344757],
    [0.028775600851020531767579367626940765984, 0.93490232582401054613354438740771124115, 0.67503956743707526937208896355984125883],
    [0.011509520442493167578261138308188460848, 0.99045546752952415272197458895882111757, 0.48891625117716687937811887553934444444],
    [0.0075284821304016457091249399363317448912, 0.83113524597590138585974389212898407353, 0.98896061138657239166243578378631145048],
    [0.010512304158251076525756742074316914114, 0.091469600922291296668443828573471880948, 0.98401714848959892866013755872564589893]
  ]
}
